-- ============================================================
--  UNICA Station — Données de démonstration
--  SAE R409 — Projet 4E — Groupe 3B
--  Période : 2026-01-01 au 2026-04-08
--  Généré le 2026-04-05
-- ============================================================

SET SQL_MODE = 'NO_AUTO_VALUE_ON_ZERO';
SET FOREIGN_KEY_CHECKS = 0;
START TRANSACTION;
SET NAMES utf8mb4;
USE `unica_station`;
-- ============================================================
--  ARTICLE
-- ============================================================
INSERT INTO `Article` (`id_article`, `type_article`) VALUES
(1, 'Carburant'),
(2, 'Carburant'),
(3, 'Carburant'),
(4, 'Carburant'),
(5, 'Carburant'),
(6, 'Electricite'),
(7, 'Electricite'),
(8, 'Snack'),
(9, 'Snack'),
(10, 'Snack'),
(11, 'Confiserie'),
(12, 'Confiserie'),
(13, 'Confiserie'),
(14, 'Boisson'),
(15, 'Boisson'),
(16, 'Boisson'),
(17, 'Boisson'),
(18, 'Boisson'),
(19, 'Boisson'),
(20, 'Presse'),
(21, 'Presse'),
(22, 'Tabac'),
(23, 'Tabac'),
(24, 'Auto'),
(25, 'Auto'),
(26, 'Auto'),
(27, 'Auto'),
(28, 'Hygiène'),
(29, 'Hygiène'),
(30, 'Alimentation'),
(31, 'Alimentation'),
(32, 'Alimentation'),
(33, 'Alimentation'),
(34, 'Combustible'),
(35, 'Combustible'),
(36, 'Combustible'),
(37, 'Service'),
(38, 'Service'),
(39, 'Service');
ALTER TABLE `Article` AUTO_INCREMENT = 40;

-- ============================================================
--  ENERGIE
-- ============================================================
INSERT INTO `Energie` (`id_energie`, `id_article`, `type_energie`) VALUES
(1, 1, 'carburant'),
(2, 2, 'carburant'),
(3, 3, 'carburant'),
(4, 4, 'carburant'),
(5, 5, 'carburant'),
(6, 6, 'electricite'),
(7, 7, 'electricite');
ALTER TABLE `Energie` AUTO_INCREMENT = 8;

-- ============================================================
--  CARBURANT
-- ============================================================
INSERT INTO `Carburant` (`id_carburant`, `id_energie`, `prix_litre`, `livraison_min`, `libelle`) VALUES
(1, 1, 1.799, 5.000, 'SP95'),
(2, 2, 1.899, 5.000, 'SP98'),
(3, 3, 1.699, 5.000, 'Gazole'),
(4, 4, 1.759, 5.000, 'E10'),
(5, 5, 0.999, 5.000, 'E85');
ALTER TABLE `Carburant` AUTO_INCREMENT = 6;

-- ============================================================
--  ELECTRICITE
-- ============================================================
INSERT INTO `Electricite` (`id_electricite`, `id_energie`, `prix_kwh`, `type_charge`) VALUES
(1, 6, 0.650, 'rapide'),
(2, 7, 0.300, 'lente');
ALTER TABLE `Electricite` AUTO_INCREMENT = 3;

-- ============================================================
--  PRODUIT
-- ============================================================
INSERT INTO `Produit` (`code_barres`, `id_article`, `libelle_produit`, `prix`) VALUES
(3017620425035, 8, 'Chips Lay\'s Nature 45g', 1.490),
(5000159461121, 9, 'Chips Pringles Original 40g', 1.790),
(7622210449283, 10, 'Barre Céréales BelVita x2', 1.290),
(3014760032112, 11, 'Chewing-gum Freedent White 10p', 1.390),
(3175680011800, 12, 'Mentos Fruits 38g', 0.990),
(5000159417891, 13, 'KitKat 2 barres 41.5g', 1.350),
(5449000214911, 14, 'Coca-Cola 50cl', 2.190),
(5449000131836, 15, 'Coca-Cola Zero 50cl', 2.190),
(5000112657920, 16, 'Red Bull 250ml', 2.490),
(3057640257578, 17, 'Eau Evian 50cl', 1.190),
(3228882010053, 18, 'Café Expresso capsule x1', 0.890),
(3057640257579, 19, 'Eau Vittel 1.5L', 1.490),
(9771950123005, 20, 'L\'Équipe (journal du jour)', 1.590),
(9772102347008, 21, 'Télé 7 Jours (hebdo)', 2.200),
(3245390214017, 22, 'Briquet BIC classique', 1.990),
(3245390214024, 23, 'Allumettes x40', 0.910),
(3175680091680, 24, 'Dégivrant pare-brise 400ml', 4.990),
(3571090000148, 25, 'Huile moteur 5W40 1L', 9.990),
(5099576088745, 26, 'Chiffons microfibre x3', 3.490),
(3760020509100, 27, 'Chargeur universel VE domicile', 29.900),
(3600522118015, 28, 'Gel hydroalcoolique 100ml', 2.490),
(3600524068738, 29, 'Paracétamol 500mg x8', 2.990),
(3560070976843, 30, 'Sandwich Jambon-Beurre', 3.990),
(3760020509015, 31, 'Wrap Poulet-Crudités', 4.290),
(3400930006903, 32, 'Croissant pur beurre', 1.490),
(3400930006910, 33, 'Pain au chocolat', 1.590),
(3700000000001, 34, 'Sac de bois de chauffage 20kg', 7.900),
(3700000000002, 35, 'Bouteille de gaz Butane 13kg', 34.900),
(3700000000003, 36, 'Charbon de barbecue 4kg', 8.900),
(3700000000010, 37, 'Jeton aspirateur', 2.000),
(3700000000011, 38, 'Carte lavage simple', 6.000),
(3700000000012, 39, 'Carte lavage intégral', 10.000);

-- ============================================================
--  STOCK
-- ============================================================
INSERT INTO `Stock` (`id_stock`, `id_article`, `quantite_stock`, `type_quantite`) VALUES
(1, 8, 34.000, 'unite'),
(2, 9, 34.000, 'unite'),
(3, 10, 46.000, 'unite'),
(4, 11, 44.000, 'unite'),
(5, 12, 33.000, 'unite'),
(6, 13, 35.000, 'unite'),
(7, 14, 44.000, 'unite'),
(8, 15, 22.000, 'unite'),
(9, 16, 41.000, 'unite'),
(10, 17, 29.000, 'unite'),
(11, 18, 42.000, 'unite'),
(12, 19, 42.000, 'unite'),
(13, 20, 39.000, 'unite'),
(14, 21, 69.000, 'unite'),
(15, 22, 35.000, 'unite'),
(16, 23, 61.000, 'unite'),
(17, 24, 62.000, 'unite'),
(18, 25, 72.000, 'unite'),
(19, 26, 72.000, 'unite'),
(20, 27, 66.000, 'unite'),
(21, 28, 41.000, 'unite'),
(22, 29, 32.000, 'unite'),
(23, 30, 5.000, 'unite'),
(24, 31, 40.000, 'unite'),
(25, 32, 0.000, 'unite'),
(26, 33, 0.000, 'unite'),
(27, 34, 75.000, 'unite'),
(28, 35, 69.000, 'unite'),
(29, 36, 67.000, 'unite'),
(30, 37, 0.000, 'unite'),
(31, 38, 34.000, 'unite'),
(32, 39, 65.000, 'unite'),
(33, 1, 3027.379, 'litre'),
(34, 2, 2809.352, 'litre'),
(35, 3, 3248.190, 'litre'),
(36, 4, 2695.570, 'litre'),
(37, 5, 2661.234, 'litre');
ALTER TABLE `Stock` AUTO_INCREMENT = 38;

-- ============================================================
--  CONNEXION (employe1/password — gerant1/password)
-- ============================================================
INSERT INTO `Connexion` (`id_connexion`, `identifiant`, `mdp`, `role`) VALUES
(1, 'employe1', '$2y$10$vKjY.kqXjfN.kal2IVzIv.oPzPG6yIE6vSXqsWgvds0hwW5L2j5qm', 'employe'),
(2, 'gerant1',  '$2y$10$WtArQLuo/xfRF/T.flSXjOI5PoMNhsajid2huRpv692Q8OglkzUG.', 'gerant');
ALTER TABLE `Connexion` AUTO_INCREMENT = 3;

-- ============================================================
--  CLIENT
-- ============================================================
INSERT INTO `Client` (`id_client`, `nom`, `prenom`, `email`, `num_tel`) VALUES
(1, 'Zari', 'Mouad', 'mouad.zari@unica.fr', '0612345001'),
(2, 'Al Rawahi', 'Al Aser', 'alaser.alrawahi@unica.fr', '0612345002'),
(3, 'Blanc', 'Saskia', 'saskia.blanc@unica.fr', '0612345003'),
(4, 'Mongrandi', 'Lenny', 'lenny.mongrandi@unica.fr', '0612345004'),
(5, 'Al Mahruqi', 'Qusay', 'qusay.almahruqi@unica.fr', '0612345005'),
(6, 'Bachov', 'Steven', 'steven.bachov@unica.fr', '0612345006'),
(7, 'Dronsart', 'Louka', 'louka.dronsart@unica.fr', '0612345007'),
(8, 'Feneon', 'Nathalie', 'nathalie.feneon@unica.fr', '0612345008');
ALTER TABLE `Client` AUTO_INCREMENT = 9;

-- ============================================================
--  CARTE CE
-- ============================================================
INSERT INTO `CarteCE` (`id_carte_CE`, `id_client`, `code_secret`, `solde_client`, `date_dernier_apport`, `montant_dernier_apport`) VALUES
(1, 1, '$2y$10$ez0AINQmt.X8tWRHv35zAu1whkKtDKxl83CwqTCM5KdSRsSH5lphO', 130.839, '2026-02-15', 100),
(2, 2, '$2y$10$5ohAKZrw.TvwR3aPhC3EfuhgSsRngL/k6ZiDwlGDPefQRra2dGhqG', 40.558, '2026-03-15', 200),
(3, 3, '$2y$10$a3P/UWlH6sfQkRwQB/9y0uXKZZLNX3kGKQJOeMJsdKDSDCv/qafpa', 78.471, '2026-02-20', 100),
(4, 4, '$2y$10$ZIDzzVUtLow3Pw2RU5fxqeYr7FdT53UuCNLir.su2ttj9gXez1pEq', 90.678, '2026-03-20', 100),
(5, 5, '$2y$10$avBSHqACFeBgKAP0b/Lvhef4z1xaABkwKkHG6S4QH9X.DXdS/rPBy', 33.003, '2026-01-10', 50),
(6, 6, '$2y$10$6OohsmhwsNRlaqyzsgKJ/uCb.YERelLGQeQObIGjHUkwBTh59eCoS', 43.709, '2026-03-01', 100),
(7, 7, '$2y$10$dAjfYxwKUAHOLs5b1tdK6usJV1Jg0O2tup01HCqdbxSvpQ89OC7HS', 70.581, '2026-03-25', 50),
(8, 8, '$2y$10$U1ifWSNXeWOC/eM5B6bxi.5.uLIjNT00HIhuRZ1Qb0m0qHdQPSSPS', 9.536, '2026-03-10', 100);
ALTER TABLE `CarteCE` AUTO_INCREMENT = 9;

-- ============================================================
--  PARAMETRES CCE — montant minimum 50€
-- ============================================================
INSERT INTO `ParametresCCE` (`id_parametre`, `montant_min`) VALUES (1, 50.00);
ALTER TABLE `ParametresCCE` AUTO_INCREMENT = 2;

-- ============================================================
--  BONUS CCE — 10€ pour 100€, 25€ pour 200€
-- ============================================================
INSERT INTO `BonusCCE` (`id_bonus`, `tranche`, `montant_bonus`) VALUES
(1, 100.00, 10.00),
(2, 200.00, 25.00);
ALTER TABLE `BonusCCE` AUTO_INCREMENT = 3;

-- ============================================================
--  POMPE — 4 carburant + 10 électricité
-- ============================================================
INSERT INTO `Pompe` (`id_pompe`, `numero`, `type_pompe`, `sous_type`, `mode`, `statut`) VALUES
(1, 1, 'carburant', NULL, 'manuel', 'active'),
(2, 2, 'carburant', NULL, 'manuel', 'active'),
(3, 3, 'carburant', NULL, 'auto', 'active'),
(4, 4, 'carburant', NULL, 'auto', 'active'),
(5, 1, 'electricite', 'rapide', 'auto', 'active'),
(6, 2, 'electricite', 'rapide', 'auto', 'active'),
(7, 3, 'electricite', 'rapide', 'auto', 'active'),
(8, 4, 'electricite', 'rapide', 'auto', 'active'),
(9, 5, 'electricite', 'rapide', 'auto', 'active'),
(10, 6, 'electricite', 'rapide', 'auto', 'active'),
(11, 7, 'electricite', 'rapide', 'auto', 'active'),
(12, 8, 'electricite', 'rapide', 'auto', 'active'),
(13, 9, 'electricite', 'lente', 'auto', 'active'),
(14, 10, 'electricite', 'lente', 'auto', 'active');
ALTER TABLE `Pompe` AUTO_INCREMENT = 15;

-- ============================================================
--  TRANSACTION (2221 transactions)
-- ============================================================
INSERT INTO `Transaction` (`id_transaction`, `prix_total`, `date_heure`) VALUES
(1, 78.023, '2026-01-01 08:07:36'),
(2, 65.793, '2026-01-01 01:05:05'),
(3, 18.929, '2026-01-01 08:01:33'),
(4, 78.649, '2026-01-01 10:07:01'),
(5, 24.804, '2026-01-01 03:31:16'),
(6, 77.066, '2026-01-01 13:46:55'),
(7, 49.795, '2026-01-01 21:01:14'),
(8, 85.052, '2026-01-01 08:28:32'),
(9, 2.720, '2026-01-01 07:37:40'),
(10, 26.297, '2026-01-01 19:26:50'),
(11, 77.494, '2026-01-02 08:20:21'),
(12, 38.782, '2026-01-02 20:39:01'),
(13, 48.905, '2026-01-02 05:12:06'),
(14, 21.801, '2026-01-02 21:14:44'),
(15, 32.176, '2026-01-02 03:59:31'),
(16, 64.798, '2026-01-02 13:53:39'),
(17, 48.686, '2026-01-02 04:10:14'),
(18, 25.519, '2026-01-02 05:45:30'),
(19, 8.789, '2026-01-02 18:29:02'),
(20, 7.813, '2026-01-02 05:33:52'),
(21, 25.966, '2026-01-02 00:42:32'),
(22, 3.296, '2026-01-02 20:39:24'),
(23, 38.284, '2026-01-02 04:40:28'),
(24, 15.114, '2026-01-02 07:42:40'),
(25, 50.885, '2026-01-02 15:25:19'),
(26, 78.605, '2026-01-02 07:13:37'),
(27, 27.020, '2026-01-02 16:23:43'),
(28, 96.480, '2026-01-02 13:29:01'),
(29, 82.729, '2026-01-02 11:04:14'),
(30, 64.820, '2026-01-02 13:18:02'),
(31, 58.654, '2026-01-02 20:15:38'),
(32, 2.680, '2026-01-02 19:23:37'),
(33, 17.370, '2026-01-02 07:02:07'),
(34, 1.490, '2026-01-02 07:14:13'),
(35, 4.380, '2026-01-02 16:22:14'),
(36, 3.280, '2026-01-02 11:45:33'),
(37, 2.490, '2026-01-02 13:12:18'),
(38, 8.560, '2026-01-02 06:10:10'),
(39, 12.070, '2026-01-02 08:52:18'),
(40, 8.190, '2026-01-02 11:27:00'),
(41, 0.890, '2026-01-02 07:56:54'),
(42, 1.190, '2026-01-02 19:03:49'),
(43, 8.570, '2026-01-02 17:32:48'),
(44, 1.190, '2026-01-02 08:22:53'),
(45, 4.290, '2026-01-02 13:47:08'),
(46, 1.490, '2026-01-02 21:11:36'),
(47, 5.480, '2026-01-02 20:29:34'),
(48, 98.100, '2026-01-03 05:54:59'),
(49, 19.551, '2026-01-03 14:59:24'),
(50, 41.789, '2026-01-03 13:55:40'),
(51, 36.045, '2026-01-03 12:43:50'),
(52, 21.012, '2026-01-03 14:30:27'),
(53, 43.838, '2026-01-03 19:31:22'),
(54, 25.369, '2026-01-03 01:23:34'),
(55, 4.773, '2026-01-03 14:01:28'),
(56, 1.513, '2026-01-03 13:15:39'),
(57, 6.174, '2026-01-03 10:56:03'),
(58, 6.729, '2026-01-03 06:59:04'),
(59, 26.504, '2026-01-03 14:47:05'),
(60, 86.698, '2026-01-03 15:02:57'),
(61, 33.625, '2026-01-03 12:09:58'),
(62, 26.732, '2026-01-03 11:05:22'),
(63, 21.309, '2026-01-03 18:07:40'),
(64, 58.955, '2026-01-03 13:59:24'),
(65, 33.003, '2026-01-03 21:01:05'),
(66, 39.027, '2026-01-03 21:35:21'),
(67, 23.160, '2026-01-03 18:36:29'),
(68, 7.070, '2026-01-03 13:06:50'),
(69, 2.380, '2026-01-03 19:51:35'),
(70, 4.900, '2026-01-03 14:38:54'),
(71, 63.780, '2026-01-03 14:05:58'),
(72, 17.590, '2026-01-03 21:31:47'),
(73, 2.780, '2026-01-03 18:19:40'),
(74, 41.870, '2026-01-03 13:54:04'),
(75, 5.070, '2026-01-03 14:40:27'),
(76, 2.190, '2026-01-03 07:56:53'),
(77, 1.590, '2026-01-03 18:51:53'),
(78, 9.160, '2026-01-03 19:44:00'),
(79, 12.190, '2026-01-03 12:39:44'),
(80, 74.432, '2026-01-04 21:51:37'),
(81, 46.098, '2026-01-04 13:29:31'),
(82, 25.943, '2026-01-04 23:08:27'),
(83, 31.532, '2026-01-04 22:25:28'),
(84, 52.068, '2026-01-04 11:44:05'),
(85, 40.571, '2026-01-04 08:52:43'),
(86, 44.218, '2026-01-04 11:50:00'),
(87, 43.010, '2026-01-04 20:14:08'),
(88, 5.164, '2026-01-04 17:20:02'),
(89, 9.524, '2026-01-04 14:43:25'),
(90, 5.050, '2026-01-04 15:29:31'),
(91, 34.615, '2026-01-05 11:29:19'),
(92, 39.475, '2026-01-05 03:39:36'),
(93, 44.820, '2026-01-05 09:59:14'),
(94, 73.499, '2026-01-05 03:44:06'),
(95, 52.455, '2026-01-05 01:52:14'),
(96, 33.219, '2026-01-05 17:54:14'),
(97, 2.139, '2026-01-05 04:18:45'),
(98, 31.710, '2026-01-05 16:24:09'),
(99, 3.790, '2026-01-05 22:11:45'),
(100, 30.705, '2026-01-06 20:05:50'),
(101, 31.115, '2026-01-06 08:25:40'),
(102, 73.637, '2026-01-06 22:45:27'),
(103, 55.320, '2026-01-06 23:34:46'),
(104, 8.438, '2026-01-06 21:39:53'),
(105, 2.433, '2026-01-06 14:39:17'),
(106, 2.103, '2026-01-06 15:43:46'),
(107, 13.940, '2026-01-06 09:48:45'),
(108, 63.233, '2026-01-06 09:18:14'),
(109, 73.419, '2026-01-06 14:33:22'),
(110, 44.264, '2026-01-06 12:00:14'),
(111, 42.939, '2026-01-06 16:00:51'),
(112, 38.431, '2026-01-06 13:21:28'),
(113, 77.147, '2026-01-06 09:24:53'),
(114, 10.470, '2026-01-06 18:42:40'),
(115, 10.000, '2026-01-06 18:55:16'),
(116, 8.170, '2026-01-06 08:03:55'),
(117, 1.490, '2026-01-06 19:02:43'),
(118, 4.330, '2026-01-06 16:54:40'),
(119, 8.150, '2026-01-06 11:26:06'),
(120, 3.080, '2026-01-06 12:03:06'),
(121, 3.570, '2026-01-06 10:20:50'),
(122, 1.590, '2026-01-06 19:33:24'),
(123, 9.940, '2026-01-06 07:49:37'),
(124, 7.790, '2026-01-06 17:55:11'),
(125, 2.000, '2026-01-06 18:36:37'),
(126, 3.990, '2026-01-06 15:42:51'),
(127, 1.590, '2026-01-06 06:39:12'),
(128, 82.804, '2026-01-07 03:35:03'),
(129, 30.758, '2026-01-07 01:03:14'),
(130, 29.113, '2026-01-07 20:36:17'),
(131, 67.331, '2026-01-07 22:33:46'),
(132, 38.831, '2026-01-07 16:43:56'),
(133, 88.924, '2026-01-07 02:41:21'),
(134, 65.840, '2026-01-07 09:06:20'),
(135, 26.031, '2026-01-07 20:49:23'),
(136, 1.664, '2026-01-07 09:59:36'),
(137, 7.746, '2026-01-07 08:22:42'),
(138, 26.679, '2026-01-07 22:52:25'),
(139, 25.336, '2026-01-07 03:16:53'),
(140, 31.539, '2026-01-07 10:57:40'),
(141, 94.638, '2026-01-07 11:22:22'),
(142, 85.310, '2026-01-07 08:33:44'),
(143, 100.660, '2026-01-07 20:38:49'),
(144, 90.902, '2026-01-07 19:38:07'),
(145, 30.012, '2026-01-07 16:13:12'),
(146, 1.590, '2026-01-07 14:27:06'),
(147, 1.590, '2026-01-07 06:49:31'),
(148, 1.990, '2026-01-07 10:16:27'),
(149, 1.790, '2026-01-07 19:31:42'),
(150, 36.390, '2026-01-07 14:54:29'),
(151, 14.750, '2026-01-07 12:41:13'),
(152, 10.650, '2026-01-07 17:38:29'),
(153, 3.990, '2026-01-07 08:17:32'),
(154, 4.990, '2026-01-07 09:55:52'),
(155, 3.990, '2026-01-07 16:50:58'),
(156, 8.170, '2026-01-07 10:49:51'),
(157, 9.780, '2026-01-07 07:59:06'),
(158, 0.890, '2026-01-07 17:59:41'),
(159, 5.870, '2026-01-07 13:45:36'),
(160, 44.067, '2026-01-08 02:23:29'),
(161, 23.247, '2026-01-08 03:36:39'),
(162, 42.396, '2026-01-08 15:39:30'),
(163, 49.152, '2026-01-08 11:22:46'),
(164, 77.682, '2026-01-08 02:26:39'),
(165, 79.054, '2026-01-08 21:21:09'),
(166, 19.851, '2026-01-08 01:52:23'),
(167, 25.282, '2026-01-08 05:38:00'),
(168, 28.350, '2026-01-08 20:41:42'),
(169, 58.668, '2026-01-08 17:58:31'),
(170, 19.450, '2026-01-08 11:37:29'),
(171, 17.508, '2026-01-08 13:17:45'),
(172, 85.103, '2026-01-08 14:15:30'),
(173, 43.464, '2026-01-08 16:19:57'),
(174, 31.984, '2026-01-08 10:57:12'),
(175, 60.304, '2026-01-08 09:55:27'),
(176, 91.529, '2026-01-08 16:54:37'),
(177, 6.160, '2026-01-08 18:48:35'),
(178, 2.990, '2026-01-08 06:20:28'),
(179, 2.490, '2026-01-08 16:26:18'),
(180, 5.870, '2026-01-08 09:07:43'),
(181, 2.780, '2026-01-08 13:55:52'),
(182, 3.180, '2026-01-08 20:11:00'),
(183, 14.190, '2026-01-08 12:21:36'),
(184, 19.650, '2026-01-08 14:26:45'),
(185, 10.380, '2026-01-08 07:14:35'),
(186, 46.481, '2026-01-09 11:18:05'),
(187, 22.857, '2026-01-09 22:23:30'),
(188, 52.887, '2026-01-09 16:22:27'),
(189, 63.245, '2026-01-09 02:15:09'),
(190, 92.098, '2026-01-09 18:22:12'),
(191, 8.932, '2026-01-09 13:14:56'),
(192, 6.592, '2026-01-09 22:58:11'),
(193, 3.631, '2026-01-09 12:08:14'),
(194, 8.758, '2026-01-09 04:41:41'),
(195, 5.692, '2026-01-09 04:39:10'),
(196, 27.496, '2026-01-09 18:30:48'),
(197, 98.984, '2026-01-09 21:22:20'),
(198, 48.495, '2026-01-09 21:57:15'),
(199, 82.878, '2026-01-09 14:05:11'),
(200, 40.850, '2026-01-09 14:01:14'),
(201, 83.091, '2026-01-09 20:52:15'),
(202, 24.873, '2026-01-09 15:23:30'),
(203, 36.576, '2026-01-09 12:21:50'),
(204, 2.490, '2026-01-09 13:01:47'),
(205, 6.870, '2026-01-09 17:49:55'),
(206, 2.490, '2026-01-09 21:06:19'),
(207, 9.170, '2026-01-09 08:43:18'),
(208, 10.680, '2026-01-09 10:20:26'),
(209, 5.570, '2026-01-09 17:30:15'),
(210, 3.990, '2026-01-09 06:01:42'),
(211, 1.990, '2026-01-09 18:09:52'),
(212, 15.980, '2026-01-09 19:36:16'),
(213, 3.990, '2026-01-09 17:26:13'),
(214, 4.880, '2026-01-09 20:48:34'),
(215, 67.595, '2026-01-10 02:17:50'),
(216, 41.746, '2026-01-10 07:15:44'),
(217, 27.892, '2026-01-10 09:13:22'),
(218, 88.081, '2026-01-10 09:56:51'),
(219, 88.406, '2026-01-10 12:20:38'),
(220, 87.658, '2026-01-10 03:00:28'),
(221, 65.603, '2026-01-10 03:44:07'),
(222, 30.781, '2026-01-10 12:47:57'),
(223, 3.559, '2026-01-10 02:43:55'),
(224, 37.465, '2026-01-10 22:07:15'),
(225, 14.170, '2026-01-10 13:11:07'),
(226, 28.569, '2026-01-10 13:32:40'),
(227, 4.485, '2026-01-10 09:05:17'),
(228, 43.510, '2026-01-10 15:56:31'),
(229, 108.235, '2026-01-10 12:17:09'),
(230, 86.575, '2026-01-10 16:15:41'),
(231, 94.196, '2026-01-10 07:28:42'),
(232, 28.418, '2026-01-10 08:34:10'),
(233, 63.825, '2026-01-10 08:20:33'),
(234, 71.557, '2026-01-10 16:25:05'),
(235, 41.948, '2026-01-10 09:20:56'),
(236, 94.554, '2026-01-10 11:06:16'),
(237, 63.661, '2026-01-10 18:40:07'),
(238, 17.692, '2026-01-10 17:15:37'),
(239, 29.900, '2026-01-10 10:50:15'),
(240, 4.180, '2026-01-10 18:41:08'),
(241, 3.540, '2026-01-10 09:52:39'),
(242, 3.680, '2026-01-10 20:04:38'),
(243, 9.910, '2026-01-10 08:45:44'),
(244, 7.950, '2026-01-10 16:22:13'),
(245, 94.510, '2026-01-11 08:45:52'),
(246, 54.827, '2026-01-11 10:24:13'),
(247, 28.191, '2026-01-11 13:19:03'),
(248, 64.158, '2026-01-11 13:11:56'),
(249, 78.096, '2026-01-11 22:41:29'),
(250, 47.131, '2026-01-11 20:18:36'),
(251, 5.251, '2026-01-11 01:25:00'),
(252, 2.617, '2026-01-11 11:56:27'),
(253, 25.112, '2026-01-12 20:29:43'),
(254, 42.315, '2026-01-12 15:09:56'),
(255, 66.313, '2026-01-12 23:52:09'),
(256, 80.637, '2026-01-12 06:12:29'),
(257, 29.287, '2026-01-12 01:08:58'),
(258, 53.695, '2026-01-12 05:30:48'),
(259, 51.372, '2026-01-12 05:01:38'),
(260, 59.183, '2026-01-12 06:18:19'),
(261, 6.569, '2026-01-12 22:12:43'),
(262, 5.686, '2026-01-12 10:50:08'),
(263, 3.878, '2026-01-12 20:24:24'),
(264, 3.659, '2026-01-12 14:21:52'),
(265, 90.028, '2026-01-13 12:36:38'),
(266, 34.527, '2026-01-13 20:27:44'),
(267, 20.747, '2026-01-13 19:20:04'),
(268, 43.734, '2026-01-13 03:39:38'),
(269, 53.763, '2026-01-13 17:23:00'),
(270, 3.640, '2026-01-13 03:15:25'),
(271, 36.180, '2026-01-13 15:12:53'),
(272, 33.977, '2026-01-13 06:10:07'),
(273, 25.160, '2026-01-13 10:58:00'),
(274, 47.735, '2026-01-13 19:04:54'),
(275, 90.995, '2026-01-13 08:33:35'),
(276, 25.819, '2026-01-13 10:45:41'),
(277, 24.888, '2026-01-13 08:54:27'),
(278, 56.099, '2026-01-13 17:37:38'),
(279, 49.563, '2026-01-13 19:36:43'),
(280, 52.316, '2026-01-13 20:35:59'),
(281, 91.329, '2026-01-13 15:36:54'),
(282, 11.160, '2026-01-13 14:02:36'),
(283, 7.900, '2026-01-13 15:17:27'),
(284, 2.490, '2026-01-13 14:18:56'),
(285, 4.380, '2026-01-13 19:34:37'),
(286, 2.490, '2026-01-13 07:09:38'),
(287, 3.180, '2026-01-13 14:35:37'),
(288, 73.261, '2026-01-14 23:47:40'),
(289, 59.451, '2026-01-14 00:07:35'),
(290, 70.900, '2026-01-14 19:22:01'),
(291, 28.849, '2026-01-14 04:06:30'),
(292, 36.601, '2026-01-14 21:37:29'),
(293, 52.336, '2026-01-14 02:03:18'),
(294, 5.831, '2026-01-14 08:37:31'),
(295, 19.941, '2026-01-14 02:13:09'),
(296, 26.845, '2026-01-14 20:14:16'),
(297, 7.393, '2026-01-14 15:09:28'),
(298, 3.307, '2026-01-14 10:56:58'),
(299, 30.603, '2026-01-14 08:26:27'),
(300, 34.264, '2026-01-14 12:45:18'),
(301, 42.138, '2026-01-14 09:25:31'),
(302, 46.169, '2026-01-14 12:03:41'),
(303, 2.380, '2026-01-14 08:08:08'),
(304, 13.680, '2026-01-14 11:09:10'),
(305, 4.190, '2026-01-14 15:03:09'),
(306, 5.670, '2026-01-14 10:01:41'),
(307, 9.980, '2026-01-14 16:32:34'),
(308, 51.450, '2026-01-15 18:10:44'),
(309, 36.664, '2026-01-15 23:21:48'),
(310, 29.931, '2026-01-15 06:42:03'),
(311, 60.405, '2026-01-15 01:45:58'),
(312, 8.709, '2026-01-15 00:19:58'),
(313, 6.445, '2026-01-15 00:14:26'),
(314, 5.518, '2026-01-15 00:37:26'),
(315, 9.978, '2026-01-15 19:05:32'),
(316, 44.979, '2026-01-15 11:27:39'),
(317, 83.574, '2026-01-15 18:47:41'),
(318, 91.936, '2026-01-15 07:44:09'),
(319, 41.637, '2026-01-15 16:15:30'),
(320, 142.076, '2026-01-15 20:56:24'),
(321, 102.775, '2026-01-15 13:05:03'),
(322, 26.559, '2026-01-15 18:32:54'),
(323, 50.116, '2026-01-15 16:50:33'),
(324, 1.290, '2026-01-15 14:12:07'),
(325, 4.780, '2026-01-15 12:55:08'),
(326, 3.490, '2026-01-15 18:57:20'),
(327, 1.390, '2026-01-15 07:56:22'),
(328, 9.560, '2026-01-15 07:52:49'),
(329, 9.790, '2026-01-15 13:31:59'),
(330, 19.980, '2026-01-15 10:25:08'),
(331, 1.790, '2026-01-15 10:53:43'),
(332, 3.590, '2026-01-15 14:48:54'),
(333, 3.480, '2026-01-15 07:56:50'),
(334, 0.990, '2026-01-15 17:17:24'),
(335, 23.160, '2026-01-15 11:43:10'),
(336, 3.980, '2026-01-15 16:29:00'),
(337, 1.490, '2026-01-15 13:09:11'),
(338, 39.700, '2026-01-15 18:53:43'),
(339, 5.170, '2026-01-15 08:48:21'),
(340, 16.900, '2026-01-15 18:35:31'),
(341, 54.208, '2026-01-16 12:04:23'),
(342, 38.936, '2026-01-16 16:13:49'),
(343, 41.029, '2026-01-16 12:33:35'),
(344, 90.457, '2026-01-16 04:13:33'),
(345, 43.219, '2026-01-16 18:58:23'),
(346, 42.833, '2026-01-16 01:37:36'),
(347, 66.531, '2026-01-16 08:52:50'),
(348, 8.689, '2026-01-16 14:44:50'),
(349, 4.467, '2026-01-16 16:22:06'),
(350, 45.418, '2026-01-16 20:33:16'),
(351, 53.723, '2026-01-16 10:46:33'),
(352, 64.003, '2026-01-16 17:07:42'),
(353, 49.285, '2026-01-16 20:48:49'),
(354, 95.032, '2026-01-16 11:42:04'),
(355, 26.924, '2026-01-16 15:17:57'),
(356, 16.876, '2026-01-16 14:51:34'),
(357, 14.870, '2026-01-16 21:45:22'),
(358, 0.890, '2026-01-16 12:59:22'),
(359, 3.580, '2026-01-16 21:17:23'),
(360, 3.490, '2026-01-16 19:51:16'),
(361, 2.490, '2026-01-16 09:03:43'),
(362, 6.980, '2026-01-16 10:52:36'),
(363, 3.090, '2026-01-16 13:44:22'),
(364, 6.170, '2026-01-16 13:59:34'),
(365, 3.990, '2026-01-16 19:25:40'),
(366, 4.490, '2026-01-16 20:48:35'),
(367, 1.590, '2026-01-16 16:51:55'),
(368, 1.490, '2026-01-16 10:52:00'),
(369, 3.270, '2026-01-16 07:04:45'),
(370, 8.860, '2026-01-16 16:30:42'),
(371, 7.790, '2026-01-16 19:59:49'),
(372, 4.770, '2026-01-16 06:02:42'),
(373, 81.985, '2026-01-17 07:55:51'),
(374, 38.846, '2026-01-17 12:17:50'),
(375, 79.989, '2026-01-17 01:40:21'),
(376, 20.842, '2026-01-17 15:34:32'),
(377, 2.692, '2026-01-17 03:23:54'),
(378, 8.183, '2026-01-17 08:31:29'),
(379, 13.436, '2026-01-17 04:49:53'),
(380, 6.762, '2026-01-17 04:23:26'),
(381, 38.583, '2026-01-17 08:51:52'),
(382, 91.829, '2026-01-17 21:48:24'),
(383, 87.688, '2026-01-17 14:29:41'),
(384, 93.223, '2026-01-17 09:32:55'),
(385, 46.453, '2026-01-17 12:43:31'),
(386, 65.377, '2026-01-17 18:59:09'),
(387, 68.149, '2026-01-17 12:22:48'),
(388, 91.779, '2026-01-17 12:45:40'),
(389, 31.012, '2026-01-17 21:01:26'),
(390, 41.573, '2026-01-17 21:22:06'),
(391, 70.388, '2026-01-17 14:19:23'),
(392, 1.290, '2026-01-17 10:41:56'),
(393, 0.890, '2026-01-17 18:32:49'),
(394, 3.780, '2026-01-17 11:20:39'),
(395, 2.990, '2026-01-17 18:08:47'),
(396, 1.290, '2026-01-17 19:53:12'),
(397, 3.980, '2026-01-17 16:31:15'),
(398, 5.980, '2026-01-17 09:08:56'),
(399, 2.490, '2026-01-17 08:09:45'),
(400, 10.060, '2026-01-17 17:26:51'),
(401, 34.283, '2026-01-18 20:07:45'),
(402, 35.361, '2026-01-18 15:09:19'),
(403, 64.258, '2026-01-18 18:16:43'),
(404, 54.110, '2026-01-18 02:30:34'),
(405, 42.015, '2026-01-18 00:17:24'),
(406, 7.047, '2026-01-18 16:53:27'),
(407, 30.305, '2026-01-18 05:28:55'),
(408, 6.270, '2026-01-18 12:11:51'),
(409, 2.280, '2026-01-18 15:17:06'),
(410, 2.198, '2026-01-18 18:55:25'),
(411, 14.287, '2026-01-19 23:12:01'),
(412, 53.204, '2026-01-19 08:37:14'),
(413, 73.057, '2026-01-19 11:34:48'),
(414, 85.639, '2026-01-19 05:39:29'),
(415, 61.376, '2026-01-19 16:27:13'),
(416, 30.750, '2026-01-19 21:57:56'),
(417, 101.745, '2026-01-19 18:41:40'),
(418, 95.066, '2026-01-19 20:14:29'),
(419, 32.627, '2026-01-19 04:25:19'),
(420, 4.292, '2026-01-19 21:12:06'),
(421, 31.590, '2026-01-20 14:22:53'),
(422, 49.235, '2026-01-20 10:00:42'),
(423, 67.705, '2026-01-20 23:34:00'),
(424, 1.957, '2026-01-20 13:56:42'),
(425, 27.000, '2026-01-20 13:55:34'),
(426, 4.080, '2026-01-20 14:08:25'),
(427, 7.452, '2026-01-20 02:07:59'),
(428, 38.154, '2026-01-20 09:01:27'),
(429, 73.653, '2026-01-20 09:09:44'),
(430, 25.874, '2026-01-20 06:30:48'),
(431, 97.485, '2026-01-20 09:25:36'),
(432, 65.269, '2026-01-20 07:38:35'),
(433, 6.370, '2026-01-20 08:22:31'),
(434, 0.890, '2026-01-20 08:41:20'),
(435, 17.480, '2026-01-20 11:29:36'),
(436, 19.940, '2026-01-20 09:11:31'),
(437, 9.050, '2026-01-20 13:07:43'),
(438, 70.466, '2026-01-21 23:17:19'),
(439, 47.291, '2026-01-21 08:39:54'),
(440, 84.508, '2026-01-21 16:15:40'),
(441, 36.613, '2026-01-21 00:02:47'),
(442, 56.620, '2026-01-21 12:47:16'),
(443, 39.255, '2026-01-21 05:55:19'),
(444, 18.526, '2026-01-21 03:48:46'),
(445, 30.289, '2026-01-21 12:18:15'),
(446, 20.518, '2026-01-21 22:06:42'),
(447, 111.509, '2026-01-21 19:08:39'),
(448, 27.230, '2026-01-21 16:00:22'),
(449, 24.165, '2026-01-21 11:21:43'),
(450, 36.962, '2026-01-21 14:37:15'),
(451, 83.666, '2026-01-21 18:02:01'),
(452, 29.347, '2026-01-21 12:43:29'),
(453, 46.654, '2026-01-21 07:45:37'),
(454, 30.668, '2026-01-21 13:02:49'),
(455, 102.516, '2026-01-21 10:17:23'),
(456, 4.980, '2026-01-21 16:24:12'),
(457, 14.190, '2026-01-21 09:51:26'),
(458, 2.490, '2026-01-21 18:26:09'),
(459, 18.970, '2026-01-21 06:13:30'),
(460, 6.280, '2026-01-21 16:18:52'),
(461, 6.170, '2026-01-21 12:15:35'),
(462, 37.366, '2026-01-22 06:16:10'),
(463, 20.659, '2026-01-22 08:38:59'),
(464, 18.536, '2026-01-22 11:19:16'),
(465, 96.718, '2026-01-22 04:53:34'),
(466, 37.589, '2026-01-22 22:01:35'),
(467, 76.240, '2026-01-22 02:02:47'),
(468, 28.124, '2026-01-22 06:19:32'),
(469, 38.187, '2026-01-22 01:50:26'),
(470, 7.676, '2026-01-22 23:08:04'),
(471, 5.166, '2026-01-22 06:27:56'),
(472, 4.082, '2026-01-22 03:17:27'),
(473, 34.356, '2026-01-22 07:31:36'),
(474, 21.908, '2026-01-22 23:34:12'),
(475, 68.668, '2026-01-22 18:54:49'),
(476, 96.347, '2026-01-22 09:58:20'),
(477, 51.165, '2026-01-22 06:08:01'),
(478, 66.036, '2026-01-22 11:01:59'),
(479, 53.554, '2026-01-22 06:27:48'),
(480, 39.028, '2026-01-22 19:24:42'),
(481, 78.710, '2026-01-22 17:37:12'),
(482, 4.190, '2026-01-22 09:17:50'),
(483, 11.990, '2026-01-22 18:22:25'),
(484, 6.680, '2026-01-22 16:39:35'),
(485, 14.880, '2026-01-22 15:38:43'),
(486, 1.490, '2026-01-22 09:38:46'),
(487, 11.050, '2026-01-22 10:58:45'),
(488, 33.080, '2026-01-22 13:53:43'),
(489, 2.740, '2026-01-22 19:18:04'),
(490, 0.890, '2026-01-22 15:40:01'),
(491, 5.570, '2026-01-22 11:34:21'),
(492, 5.470, '2026-01-22 18:30:08'),
(493, 1.590, '2026-01-22 09:25:48'),
(494, 6.920, '2026-01-22 09:04:34'),
(495, 5.870, '2026-01-22 06:52:23'),
(496, 8.170, '2026-01-22 18:46:37'),
(497, 49.167, '2026-01-23 18:56:37'),
(498, 83.340, '2026-01-23 18:37:34'),
(499, 58.284, '2026-01-23 09:34:31'),
(500, 70.772, '2026-01-23 05:50:20');
INSERT INTO `Transaction` (`id_transaction`, `prix_total`, `date_heure`) VALUES
(501, 43.759, '2026-01-23 00:27:51'),
(502, 40.066, '2026-01-23 03:16:47'),
(503, 91.236, '2026-01-23 16:37:47'),
(504, 26.069, '2026-01-23 01:26:10'),
(505, 4.695, '2026-01-23 03:27:31'),
(506, 34.190, '2026-01-23 11:57:58'),
(507, 54.647, '2026-01-23 21:29:09'),
(508, 79.225, '2026-01-23 18:20:59'),
(509, 28.959, '2026-01-23 21:42:09'),
(510, 70.038, '2026-01-23 06:13:30'),
(511, 48.328, '2026-01-23 18:11:38'),
(512, 36.119, '2026-01-23 19:13:41'),
(513, 80.443, '2026-01-23 09:00:39'),
(514, 42.444, '2026-01-23 13:20:29'),
(515, 35.900, '2026-01-23 11:45:13'),
(516, 3.680, '2026-01-23 15:59:45'),
(517, 25.160, '2026-01-23 12:36:52'),
(518, 15.770, '2026-01-23 12:36:48'),
(519, 2.490, '2026-01-23 12:27:54'),
(520, 13.150, '2026-01-23 10:37:45'),
(521, 82.858, '2026-01-24 12:18:13'),
(522, 15.529, '2026-01-24 16:39:10'),
(523, 101.355, '2026-01-24 19:18:35'),
(524, 31.700, '2026-01-24 21:03:52'),
(525, 49.352, '2026-01-24 18:21:14'),
(526, 42.370, '2026-01-24 10:42:37'),
(527, 7.823, '2026-01-24 20:09:19'),
(528, 6.649, '2026-01-24 23:40:08'),
(529, 6.828, '2026-01-24 20:28:19'),
(530, 24.272, '2026-01-24 16:30:57'),
(531, 31.561, '2026-01-24 09:39:56'),
(532, 34.320, '2026-01-24 15:14:21'),
(533, 65.939, '2026-01-24 12:41:30'),
(534, 23.136, '2026-01-24 17:59:03'),
(535, 46.922, '2026-01-24 08:21:20'),
(536, 88.786, '2026-01-24 14:48:02'),
(537, 30.419, '2026-01-24 07:55:32'),
(538, 52.105, '2026-01-24 17:25:30'),
(539, 88.514, '2026-01-24 10:20:50'),
(540, 2.900, '2026-01-24 11:01:36'),
(541, 6.770, '2026-01-24 17:13:07'),
(542, 22.750, '2026-01-24 12:50:32'),
(543, 6.760, '2026-01-24 21:57:57'),
(544, 8.990, '2026-01-24 18:51:38'),
(545, 4.380, '2026-01-24 16:42:24'),
(546, 2.190, '2026-01-24 14:43:20'),
(547, 2.990, '2026-01-24 08:18:46'),
(548, 1.790, '2026-01-24 07:41:22'),
(549, 1.590, '2026-01-24 17:28:00'),
(550, 10.330, '2026-01-24 18:40:36'),
(551, 7.900, '2026-01-24 08:19:17'),
(552, 3.680, '2026-01-24 14:58:03'),
(553, 4.770, '2026-01-24 21:31:03'),
(554, 3.990, '2026-01-24 21:28:22'),
(555, 6.480, '2026-01-24 07:45:37'),
(556, 6.280, '2026-01-24 20:12:55'),
(557, 32.744, '2026-01-25 22:27:36'),
(558, 48.303, '2026-01-25 23:28:18'),
(559, 24.498, '2026-01-25 12:02:45'),
(560, 41.073, '2026-01-25 07:02:42'),
(561, 70.009, '2026-01-25 20:35:28'),
(562, 30.939, '2026-01-25 08:57:46'),
(563, 39.491, '2026-01-25 04:53:23'),
(564, 52.842, '2026-01-25 17:43:48'),
(565, 33.859, '2026-01-25 19:36:37'),
(566, 30.141, '2026-01-25 18:27:56'),
(567, 7.269, '2026-01-25 01:20:04'),
(568, 6.404, '2026-01-25 13:19:08'),
(569, 2.504, '2026-01-25 14:26:47'),
(570, 31.109, '2026-01-25 16:14:47'),
(571, 20.080, '2026-01-26 08:26:15'),
(572, 63.246, '2026-01-26 14:07:48'),
(573, 97.374, '2026-01-26 03:45:29'),
(574, 80.820, '2026-01-26 21:04:02'),
(575, 4.240, '2026-01-26 18:48:40'),
(576, 23.282, '2026-01-26 12:33:44'),
(577, 22.810, '2026-01-26 16:00:58'),
(578, 3.086, '2026-01-26 05:43:45'),
(579, 27.986, '2026-01-26 12:01:23'),
(580, 19.367, '2026-01-27 04:39:22'),
(581, 11.752, '2026-01-27 02:02:08'),
(582, 53.068, '2026-01-27 10:19:12'),
(583, 86.242, '2026-01-27 07:59:12'),
(584, 46.873, '2026-01-27 22:41:25'),
(585, 87.509, '2026-01-27 08:22:02'),
(586, 63.658, '2026-01-27 05:26:43'),
(587, 35.027, '2026-01-27 03:23:34'),
(588, 35.651, '2026-01-27 19:00:25'),
(589, 3.221, '2026-01-27 13:52:49'),
(590, 29.365, '2026-01-27 07:31:33'),
(591, 65.782, '2026-01-27 18:31:13'),
(592, 49.451, '2026-01-27 16:39:22'),
(593, 31.147, '2026-01-27 18:23:24'),
(594, 81.145, '2026-01-27 13:14:51'),
(595, 10.670, '2026-01-27 17:10:40'),
(596, 4.170, '2026-01-27 16:55:37'),
(597, 2.490, '2026-01-27 17:05:13'),
(598, 15.730, '2026-01-27 06:11:41'),
(599, 7.970, '2026-01-27 17:11:57'),
(600, 3.990, '2026-01-27 08:51:58'),
(601, 1.350, '2026-01-27 13:11:36'),
(602, 1.490, '2026-01-27 07:14:56'),
(603, 25.790, '2026-01-27 11:02:01'),
(604, 36.230, '2026-01-27 08:07:48'),
(605, 44.060, '2026-01-27 14:23:13'),
(606, 7.130, '2026-01-27 20:33:59'),
(607, 11.470, '2026-01-27 09:14:57'),
(608, 31.190, '2026-01-27 09:27:42'),
(609, 3.990, '2026-01-27 09:45:51'),
(610, 6.470, '2026-01-27 14:58:07'),
(611, 3.150, '2026-01-27 16:27:31'),
(612, 4.480, '2026-01-27 08:20:04'),
(613, 58.667, '2026-01-28 06:21:51'),
(614, 42.575, '2026-01-28 00:25:49'),
(615, 44.636, '2026-01-28 06:48:50'),
(616, 25.414, '2026-01-28 18:09:34'),
(617, 44.903, '2026-01-28 10:10:51'),
(618, 88.567, '2026-01-28 08:35:07'),
(619, 11.240, '2026-01-28 17:13:15'),
(620, 38.856, '2026-01-28 17:43:02'),
(621, 19.448, '2026-01-28 02:11:09'),
(622, 21.120, '2026-01-28 09:27:28'),
(623, 4.081, '2026-01-28 04:24:50'),
(624, 25.248, '2026-01-28 10:21:44'),
(625, 52.268, '2026-01-28 08:38:12'),
(626, 52.824, '2026-01-28 07:17:55'),
(627, 48.755, '2026-01-28 17:01:14'),
(628, 92.400, '2026-01-28 15:29:00'),
(629, 35.486, '2026-01-28 18:45:20'),
(630, 43.819, '2026-01-28 19:55:34'),
(631, 44.678, '2026-01-28 17:24:17'),
(632, 54.744, '2026-01-28 10:57:32'),
(633, 111.048, '2026-01-28 14:18:40'),
(634, 31.717, '2026-01-28 14:46:05'),
(635, 57.735, '2026-01-28 08:50:05'),
(636, 2.480, '2026-01-28 18:31:13'),
(637, 8.020, '2026-01-28 09:25:58'),
(638, 2.480, '2026-01-28 13:05:40'),
(639, 1.290, '2026-01-28 10:21:39'),
(640, 4.680, '2026-01-28 09:19:14'),
(641, 96.493, '2026-01-29 06:46:11'),
(642, 75.144, '2026-01-29 03:17:02'),
(643, 42.253, '2026-01-29 13:31:19'),
(644, 33.915, '2026-01-29 02:02:25'),
(645, 2.862, '2026-01-29 13:53:34'),
(646, 19.006, '2026-01-29 08:59:56'),
(647, 43.257, '2026-01-29 18:24:19'),
(648, 30.465, '2026-01-29 16:00:17'),
(649, 62.250, '2026-01-29 10:17:44'),
(650, 18.269, '2026-01-29 13:12:19'),
(651, 105.137, '2026-01-29 08:49:17'),
(652, 1.990, '2026-01-29 17:15:43'),
(653, 9.670, '2026-01-29 13:59:11'),
(654, 1.790, '2026-01-29 08:27:09'),
(655, 4.290, '2026-01-29 15:52:48'),
(656, 1.490, '2026-01-29 11:53:32'),
(657, 17.800, '2026-01-29 16:05:41'),
(658, 58.398, '2026-01-30 00:01:34'),
(659, 94.441, '2026-01-30 22:34:50'),
(660, 46.810, '2026-01-30 19:04:50'),
(661, 22.718, '2026-01-30 23:20:04'),
(662, 21.534, '2026-01-30 06:30:14'),
(663, 27.429, '2026-01-30 23:57:15'),
(664, 1.868, '2026-01-30 22:03:43'),
(665, 8.463, '2026-01-30 17:02:29'),
(666, 7.665, '2026-01-30 22:27:42'),
(667, 2.084, '2026-01-30 18:54:49'),
(668, 42.801, '2026-01-30 16:09:38'),
(669, 86.917, '2026-01-30 18:47:22'),
(670, 32.994, '2026-01-30 15:11:15'),
(671, 69.684, '2026-01-30 11:44:13'),
(672, 88.761, '2026-01-30 13:50:19'),
(673, 68.675, '2026-01-30 16:01:00'),
(674, 47.572, '2026-01-30 13:13:43'),
(675, 9.470, '2026-01-30 11:28:02'),
(676, 2.490, '2026-01-30 20:57:46'),
(677, 17.970, '2026-01-30 14:22:50'),
(678, 1.290, '2026-01-30 10:32:54'),
(679, 32.740, '2026-01-30 11:54:39'),
(680, 29.900, '2026-01-30 07:44:09'),
(681, 29.900, '2026-01-30 20:12:06'),
(682, 8.160, '2026-01-30 19:36:39'),
(683, 3.280, '2026-01-30 11:48:46'),
(684, 14.040, '2026-01-31 10:33:02'),
(685, 56.512, '2026-01-31 19:57:27'),
(686, 78.842, '2026-01-31 04:54:37'),
(687, 18.805, '2026-01-31 08:49:20'),
(688, 27.100, '2026-01-31 15:25:14'),
(689, 39.454, '2026-01-31 06:09:44'),
(690, 66.918, '2026-01-31 01:38:02'),
(691, 2.670, '2026-01-31 04:05:28'),
(692, 34.735, '2026-01-31 00:30:00'),
(693, 4.876, '2026-01-31 12:04:59'),
(694, 5.616, '2026-01-31 00:40:10'),
(695, 14.802, '2026-01-31 10:20:26'),
(696, 21.611, '2026-01-31 02:25:29'),
(697, 26.876, '2026-01-31 17:52:11'),
(698, 37.874, '2026-01-31 19:58:12'),
(699, 25.221, '2026-01-31 09:51:29'),
(700, 70.104, '2026-01-31 16:07:30'),
(701, 74.281, '2026-01-31 21:50:02'),
(702, 59.779, '2026-01-31 19:20:33'),
(703, 58.616, '2026-01-31 12:41:12'),
(704, 63.046, '2026-01-31 21:33:55'),
(705, 48.330, '2026-01-31 21:01:05'),
(706, 18.760, '2026-01-31 20:14:09'),
(707, 9.560, '2026-01-31 18:08:26'),
(708, 9.790, '2026-01-31 13:32:24'),
(709, 13.380, '2026-01-31 14:03:12'),
(710, 1.190, '2026-01-31 14:26:17'),
(711, 2.580, '2026-01-31 11:03:05'),
(712, 10.950, '2026-01-31 18:04:01'),
(713, 3.480, '2026-01-31 17:48:35'),
(714, 6.780, '2026-01-31 07:46:19'),
(715, 2.200, '2026-01-31 20:23:00'),
(716, 5.180, '2026-01-31 12:32:39'),
(717, 2.000, '2026-01-31 18:09:42'),
(718, 11.380, '2026-01-31 17:39:27'),
(719, 3.470, '2026-01-31 19:58:23'),
(720, 69.875, '2026-02-01 04:29:53'),
(721, 41.786, '2026-02-01 13:47:14'),
(722, 60.224, '2026-02-01 05:54:09'),
(723, 20.136, '2026-02-01 16:14:51'),
(724, 6.615, '2026-02-01 00:26:40'),
(725, 26.259, '2026-02-01 08:39:39'),
(726, 4.814, '2026-02-01 08:54:35'),
(727, 31.660, '2026-02-02 01:20:13'),
(728, 23.407, '2026-02-02 01:47:06'),
(729, 39.702, '2026-02-02 16:34:42'),
(730, 80.205, '2026-02-02 13:25:09'),
(731, 7.825, '2026-02-02 10:39:42'),
(732, 5.453, '2026-02-02 07:36:40'),
(733, 74.903, '2026-02-03 15:32:54'),
(734, 54.721, '2026-02-03 04:43:21'),
(735, 56.575, '2026-02-03 22:11:16'),
(736, 27.559, '2026-02-03 22:46:20'),
(737, 54.899, '2026-02-03 01:39:22'),
(738, 19.955, '2026-02-03 10:15:13'),
(739, 34.715, '2026-02-03 04:08:40'),
(740, 33.541, '2026-02-03 12:02:01'),
(741, 8.371, '2026-02-03 23:30:26'),
(742, 56.278, '2026-02-03 07:01:11'),
(743, 64.982, '2026-02-03 06:20:26'),
(744, 86.401, '2026-02-03 12:10:26'),
(745, 54.258, '2026-02-03 11:43:31'),
(746, 52.147, '2026-02-03 12:45:52'),
(747, 41.821, '2026-02-03 06:27:14'),
(748, 17.686, '2026-02-03 19:20:01'),
(749, 82.872, '2026-02-03 07:47:19'),
(750, 45.582, '2026-02-03 15:30:32'),
(751, 97.682, '2026-02-03 17:59:47'),
(752, 69.942, '2026-02-03 09:49:12'),
(753, 46.199, '2026-02-03 18:13:02'),
(754, 2.190, '2026-02-03 17:20:25'),
(755, 0.910, '2026-02-03 11:47:52'),
(756, 34.580, '2026-02-03 08:22:04'),
(757, 1.390, '2026-02-03 13:45:48'),
(758, 42.900, '2026-02-03 18:12:46'),
(759, 1.390, '2026-02-03 07:41:29'),
(760, 6.560, '2026-02-03 10:04:26'),
(761, 32.104, '2026-02-04 11:49:27'),
(762, 46.441, '2026-02-04 06:13:07'),
(763, 62.397, '2026-02-04 03:53:42'),
(764, 57.722, '2026-02-04 21:30:02'),
(765, 102.214, '2026-02-04 02:24:18'),
(766, 7.382, '2026-02-04 20:39:05'),
(767, 28.035, '2026-02-04 20:54:20'),
(768, 3.940, '2026-02-04 16:12:35'),
(769, 25.943, '2026-02-04 11:55:14'),
(770, 103.235, '2026-02-04 18:01:51'),
(771, 36.210, '2026-02-04 13:54:50'),
(772, 101.114, '2026-02-04 15:17:31'),
(773, 99.935, '2026-02-04 15:59:31'),
(774, 87.437, '2026-02-04 17:22:54'),
(775, 53.301, '2026-02-04 18:03:36'),
(776, 36.861, '2026-02-04 12:33:31'),
(777, 2.490, '2026-02-04 07:18:21'),
(778, 1.590, '2026-02-04 08:28:18'),
(779, 3.780, '2026-02-04 13:44:58'),
(780, 7.480, '2026-02-04 10:06:34'),
(781, 31.890, '2026-02-04 15:08:01'),
(782, 40.660, '2026-02-04 07:27:27'),
(783, 7.170, '2026-02-04 14:36:02'),
(784, 45.868, '2026-02-05 22:19:12'),
(785, 53.530, '2026-02-05 20:53:50'),
(786, 39.101, '2026-02-05 21:45:33'),
(787, 21.686, '2026-02-05 21:02:58'),
(788, 11.217, '2026-02-05 03:00:14'),
(789, 36.260, '2026-02-05 10:01:13'),
(790, 17.840, '2026-02-05 23:59:56'),
(791, 76.819, '2026-02-05 17:39:19'),
(792, 8.881, '2026-02-05 21:40:59'),
(793, 7.278, '2026-02-05 16:01:35'),
(794, 78.101, '2026-02-05 19:41:51'),
(795, 55.052, '2026-02-05 08:38:32'),
(796, 18.633, '2026-02-05 11:44:48'),
(797, 26.748, '2026-02-05 13:51:37'),
(798, 45.445, '2026-02-05 10:38:54'),
(799, 58.144, '2026-02-05 16:43:02'),
(800, 28.333, '2026-02-05 06:13:03'),
(801, 15.180, '2026-02-05 19:12:10'),
(802, 36.992, '2026-02-05 17:47:41'),
(803, 7.350, '2026-02-05 20:00:20'),
(804, 5.970, '2026-02-05 20:47:47'),
(805, 3.080, '2026-02-05 14:57:27'),
(806, 5.180, '2026-02-05 14:02:19'),
(807, 2.000, '2026-02-05 19:14:40'),
(808, 3.480, '2026-02-05 06:41:19'),
(809, 7.980, '2026-02-05 16:27:39'),
(810, 49.562, '2026-02-06 19:39:55'),
(811, 27.184, '2026-02-06 12:08:24'),
(812, 47.567, '2026-02-06 02:55:45'),
(813, 34.083, '2026-02-06 13:59:13'),
(814, 69.042, '2026-02-06 17:42:46'),
(815, 33.622, '2026-02-06 17:48:44'),
(816, 5.248, '2026-02-06 00:35:51'),
(817, 19.679, '2026-02-06 23:48:21'),
(818, 30.584, '2026-02-06 02:37:21'),
(819, 8.304, '2026-02-06 08:50:08'),
(820, 35.901, '2026-02-06 16:36:33'),
(821, 30.750, '2026-02-06 21:13:01'),
(822, 46.997, '2026-02-06 12:06:27'),
(823, 90.920, '2026-02-06 16:04:28'),
(824, 114.243, '2026-02-06 07:37:21'),
(825, 54.292, '2026-02-06 20:25:20'),
(826, 3.990, '2026-02-06 15:31:21'),
(827, 1.290, '2026-02-06 06:41:05'),
(828, 5.270, '2026-02-06 15:39:07'),
(829, 3.400, '2026-02-06 18:00:09'),
(830, 2.190, '2026-02-06 18:28:28'),
(831, 5.760, '2026-02-06 17:13:43'),
(832, 7.260, '2026-02-06 14:49:48'),
(833, 3.990, '2026-02-06 16:47:23'),
(834, 3.080, '2026-02-06 19:25:49'),
(835, 2.490, '2026-02-06 16:39:04'),
(836, 9.260, '2026-02-06 10:54:34'),
(837, 3.490, '2026-02-06 08:29:05'),
(838, 3.990, '2026-02-06 11:22:23'),
(839, 36.890, '2026-02-06 14:54:21'),
(840, 0.990, '2026-02-06 11:04:55'),
(841, 5.370, '2026-02-06 08:42:42'),
(842, 98.238, '2026-02-07 15:29:57'),
(843, 54.618, '2026-02-07 03:01:30'),
(844, 92.782, '2026-02-07 13:02:56'),
(845, 56.830, '2026-02-07 05:53:27'),
(846, 11.088, '2026-02-07 16:53:06'),
(847, 32.230, '2026-02-07 22:49:17'),
(848, 19.009, '2026-02-07 19:19:48'),
(849, 32.100, '2026-02-07 22:35:24'),
(850, 57.209, '2026-02-07 09:01:12'),
(851, 72.043, '2026-02-07 18:47:58'),
(852, 73.330, '2026-02-07 20:41:41'),
(853, 94.484, '2026-02-07 15:14:09'),
(854, 4.680, '2026-02-07 19:37:11'),
(855, 7.550, '2026-02-07 08:59:27'),
(856, 3.990, '2026-02-07 10:43:06'),
(857, 4.970, '2026-02-07 09:24:12'),
(858, 3.680, '2026-02-07 21:35:59'),
(859, 14.970, '2026-02-07 16:39:04'),
(860, 5.680, '2026-02-07 10:07:34'),
(861, 2.980, '2026-02-07 21:00:46'),
(862, 1.190, '2026-02-07 10:01:42'),
(863, 2.200, '2026-02-07 10:11:32'),
(864, 8.660, '2026-02-07 15:01:34'),
(865, 9.990, '2026-02-07 19:06:57'),
(866, 1.490, '2026-02-07 09:57:35'),
(867, 24.883, '2026-02-08 17:15:16'),
(868, 39.970, '2026-02-08 12:19:52'),
(869, 76.928, '2026-02-08 11:13:00'),
(870, 1.913, '2026-02-08 21:14:31'),
(871, 2.968, '2026-02-08 19:36:10'),
(872, 2.958, '2026-02-08 21:57:38'),
(873, 4.482, '2026-02-08 13:27:28'),
(874, 3.811, '2026-02-08 20:25:35'),
(875, 7.528, '2026-02-08 05:57:48'),
(876, 36.870, '2026-02-09 07:33:54'),
(877, 54.345, '2026-02-09 21:30:21'),
(878, 48.681, '2026-02-09 20:40:37'),
(879, 40.503, '2026-02-09 01:32:15'),
(880, 54.767, '2026-02-09 08:10:28'),
(881, 27.419, '2026-02-09 15:11:17'),
(882, 7.424, '2026-02-09 17:57:05'),
(883, 5.858, '2026-02-09 09:23:24'),
(884, 18.629, '2026-02-09 09:26:58'),
(885, 29.476, '2026-02-10 13:08:58'),
(886, 20.714, '2026-02-10 19:16:57'),
(887, 84.336, '2026-02-10 19:47:45'),
(888, 37.745, '2026-02-10 03:29:21'),
(889, 29.077, '2026-02-10 13:34:51'),
(890, 35.627, '2026-02-10 06:51:36'),
(891, 48.025, '2026-02-10 15:11:42'),
(892, 97.899, '2026-02-10 12:40:40'),
(893, 8.173, '2026-02-10 06:16:11'),
(894, 13.727, '2026-02-10 08:14:57'),
(895, 6.681, '2026-02-10 02:49:48'),
(896, 29.228, '2026-02-10 10:36:21'),
(897, 85.863, '2026-02-10 09:44:21'),
(898, 39.515, '2026-02-10 12:19:55'),
(899, 48.991, '2026-02-10 07:14:38'),
(900, 2.380, '2026-02-10 09:07:37'),
(901, 4.570, '2026-02-10 14:38:30'),
(902, 5.780, '2026-02-10 12:54:38'),
(903, 3.780, '2026-02-10 14:28:53'),
(904, 1.290, '2026-02-10 16:08:32'),
(905, 1.990, '2026-02-10 11:09:46'),
(906, 14.260, '2026-02-10 07:16:01'),
(907, 5.760, '2026-02-10 13:58:28'),
(908, 7.170, '2026-02-10 09:04:17'),
(909, 15.420, '2026-02-10 16:48:25'),
(910, 7.330, '2026-02-10 15:18:36'),
(911, 6.860, '2026-02-10 06:32:27'),
(912, 1.590, '2026-02-10 06:29:13'),
(913, 44.862, '2026-02-11 02:47:09'),
(914, 33.574, '2026-02-11 17:50:58'),
(915, 34.563, '2026-02-11 15:40:14'),
(916, 82.196, '2026-02-11 16:44:08'),
(917, 84.631, '2026-02-11 17:53:39'),
(918, 78.066, '2026-02-11 20:09:45'),
(919, 48.398, '2026-02-11 14:14:59'),
(920, 40.402, '2026-02-11 11:40:06'),
(921, 7.572, '2026-02-11 22:45:40'),
(922, 4.589, '2026-02-11 08:53:31'),
(923, 36.087, '2026-02-11 11:06:05'),
(924, 21.479, '2026-02-11 20:40:55'),
(925, 11.101, '2026-02-11 13:06:18'),
(926, 90.698, '2026-02-11 09:44:54'),
(927, 54.802, '2026-02-11 20:19:46'),
(928, 39.515, '2026-02-11 13:19:07'),
(929, 47.097, '2026-02-11 16:31:32'),
(930, 22.704, '2026-02-11 12:19:21'),
(931, 59.859, '2026-02-11 15:49:46'),
(932, 52.972, '2026-02-11 15:58:05'),
(933, 74.464, '2026-02-11 09:52:36'),
(934, 41.155, '2026-02-11 19:13:39'),
(935, 22.202, '2026-02-11 13:28:06'),
(936, 6.260, '2026-02-11 08:04:02'),
(937, 2.190, '2026-02-11 16:11:28'),
(938, 3.980, '2026-02-11 10:42:14'),
(939, 4.990, '2026-02-11 06:46:07'),
(940, 3.680, '2026-02-11 16:57:06'),
(941, 1.590, '2026-02-11 18:13:38'),
(942, 0.890, '2026-02-11 16:23:39'),
(943, 19.780, '2026-02-11 11:42:19'),
(944, 6.770, '2026-02-11 07:56:40'),
(945, 45.450, '2026-02-11 18:25:43'),
(946, 3.990, '2026-02-11 19:01:42'),
(947, 10.000, '2026-02-11 19:27:40'),
(948, 13.550, '2026-02-11 08:13:18'),
(949, 4.290, '2026-02-11 13:09:14'),
(950, 11.450, '2026-02-11 13:23:46'),
(951, 1.290, '2026-02-11 14:57:03'),
(952, 6.480, '2026-02-11 08:55:08'),
(953, 3.990, '2026-02-11 19:25:51'),
(954, 80.203, '2026-02-12 00:06:43'),
(955, 13.686, '2026-02-12 09:05:16'),
(956, 91.367, '2026-02-12 11:37:44'),
(957, 14.972, '2026-02-12 10:15:35'),
(958, 8.073, '2026-02-12 00:45:17'),
(959, 35.972, '2026-02-12 07:13:07'),
(960, 77.433, '2026-02-12 13:55:18'),
(961, 95.018, '2026-02-12 09:45:40'),
(962, 78.723, '2026-02-12 13:26:13'),
(963, 47.073, '2026-02-12 07:33:38'),
(964, 0.990, '2026-02-12 18:59:09'),
(965, 10.490, '2026-02-12 06:56:55'),
(966, 4.000, '2026-02-12 18:12:40'),
(967, 2.080, '2026-02-12 11:30:25'),
(968, 13.370, '2026-02-12 12:10:28'),
(969, 2.490, '2026-02-12 13:52:52'),
(970, 1.780, '2026-02-12 15:05:16'),
(971, 6.760, '2026-02-12 10:48:05'),
(972, 4.490, '2026-02-12 08:45:13'),
(973, 10.960, '2026-02-12 14:30:14'),
(974, 19.160, '2026-02-12 07:42:12'),
(975, 2.000, '2026-02-12 20:58:28'),
(976, 18.470, '2026-02-12 15:04:04'),
(977, 7.050, '2026-02-12 07:28:32'),
(978, 5.720, '2026-02-12 17:56:42'),
(979, 5.980, '2026-02-12 17:43:01'),
(980, 16.990, '2026-02-12 20:02:00'),
(981, 2.190, '2026-02-12 20:11:24'),
(982, 42.160, '2026-02-13 11:17:25'),
(983, 85.348, '2026-02-13 17:49:35'),
(984, 36.978, '2026-02-13 15:23:02'),
(985, 24.948, '2026-02-13 16:52:35'),
(986, 98.520, '2026-02-13 10:35:03'),
(987, 41.368, '2026-02-13 10:56:15'),
(988, 12.136, '2026-02-13 01:38:30'),
(989, 55.607, '2026-02-13 12:56:30'),
(990, 10.203, '2026-02-13 06:32:14'),
(991, 9.207, '2026-02-13 11:25:49'),
(992, 6.178, '2026-02-13 12:25:39'),
(993, 36.563, '2026-02-13 07:56:08'),
(994, 31.655, '2026-02-13 17:13:38'),
(995, 89.548, '2026-02-13 06:17:21'),
(996, 100.554, '2026-02-13 08:38:32'),
(997, 96.631, '2026-02-13 08:46:29'),
(998, 111.751, '2026-02-13 21:10:46'),
(999, 5.980, '2026-02-13 21:26:54'),
(1000, 6.480, '2026-02-13 15:20:43');
INSERT INTO `Transaction` (`id_transaction`, `prix_total`, `date_heure`) VALUES
(1001, 2.480, '2026-02-13 13:40:56'),
(1002, 3.280, '2026-02-13 17:20:09'),
(1003, 2.990, '2026-02-13 11:14:35'),
(1004, 5.180, '2026-02-13 18:28:10'),
(1005, 3.880, '2026-02-13 13:06:23'),
(1006, 3.870, '2026-02-13 18:08:36'),
(1007, 1.590, '2026-02-13 07:50:12'),
(1008, 18.160, '2026-02-13 08:53:14'),
(1009, 45.331, '2026-02-14 22:29:05'),
(1010, 92.961, '2026-02-14 01:41:57'),
(1011, 37.156, '2026-02-14 01:50:08'),
(1012, 96.894, '2026-02-14 20:28:44'),
(1013, 96.838, '2026-02-14 10:38:09'),
(1014, 30.480, '2026-02-14 12:10:57'),
(1015, 94.342, '2026-02-14 08:55:54'),
(1016, 9.270, '2026-02-14 15:06:36'),
(1017, 7.404, '2026-02-14 15:36:46'),
(1018, 105.741, '2026-02-14 08:32:36'),
(1019, 103.952, '2026-02-14 14:09:33'),
(1020, 104.684, '2026-02-14 19:59:11'),
(1021, 58.574, '2026-02-14 19:23:41'),
(1022, 78.287, '2026-02-14 07:08:37'),
(1023, 40.479, '2026-02-14 15:07:21'),
(1024, 41.177, '2026-02-14 21:46:44'),
(1025, 93.656, '2026-02-14 16:18:52'),
(1026, 67.898, '2026-02-14 16:11:53'),
(1027, 93.690, '2026-02-14 13:27:10'),
(1028, 58.354, '2026-02-14 11:17:52'),
(1029, 38.242, '2026-02-14 12:10:47'),
(1030, 6.970, '2026-02-14 10:30:19'),
(1031, 5.180, '2026-02-14 08:29:30'),
(1032, 3.480, '2026-02-14 19:19:16'),
(1033, 5.280, '2026-02-14 18:35:11'),
(1034, 3.580, '2026-02-14 09:18:51'),
(1035, 8.990, '2026-02-14 15:37:01'),
(1036, 15.270, '2026-02-14 09:08:36'),
(1037, 11.450, '2026-02-14 10:55:28'),
(1038, 8.370, '2026-02-14 17:25:56'),
(1039, 3.280, '2026-02-14 18:01:35'),
(1040, 1.790, '2026-02-14 19:08:46'),
(1041, 6.750, '2026-02-14 15:03:58'),
(1042, 4.190, '2026-02-14 19:52:40'),
(1043, 11.280, '2026-02-14 17:30:04'),
(1044, 12.340, '2026-02-14 11:27:55'),
(1045, 13.480, '2026-02-14 07:49:08'),
(1046, 7.960, '2026-02-14 08:48:29'),
(1047, 1.490, '2026-02-14 08:37:53'),
(1048, 67.734, '2026-02-15 06:36:24'),
(1049, 27.882, '2026-02-15 09:23:27'),
(1050, 22.191, '2026-02-15 21:44:10'),
(1051, 27.300, '2026-02-15 09:48:16'),
(1052, 19.878, '2026-02-15 00:40:40'),
(1053, 37.930, '2026-02-15 11:05:26'),
(1054, 19.137, '2026-02-15 13:35:29'),
(1055, 52.815, '2026-02-15 01:31:17'),
(1056, 6.398, '2026-02-15 00:01:11'),
(1057, 8.994, '2026-02-15 21:18:17'),
(1058, 16.271, '2026-02-15 04:28:38'),
(1059, 32.684, '2026-02-16 12:28:29'),
(1060, 39.201, '2026-02-16 12:26:18'),
(1061, 18.203, '2026-02-16 23:32:10'),
(1062, 72.449, '2026-02-16 20:14:08'),
(1063, 60.186, '2026-02-16 19:36:41'),
(1064, 83.088, '2026-02-16 14:04:52'),
(1065, 10.555, '2026-02-16 07:01:35'),
(1066, 6.604, '2026-02-16 06:58:21'),
(1067, 14.113, '2026-02-16 13:12:59'),
(1068, 103.101, '2026-02-17 04:02:21'),
(1069, 66.142, '2026-02-17 02:22:46'),
(1070, 88.365, '2026-02-17 19:02:41'),
(1071, 98.294, '2026-02-17 20:23:35'),
(1072, 34.250, '2026-02-17 15:44:54'),
(1073, 5.217, '2026-02-17 08:10:31'),
(1074, 34.705, '2026-02-17 20:42:11'),
(1075, 105.607, '2026-02-17 14:44:15'),
(1076, 71.289, '2026-02-17 10:29:57'),
(1077, 110.028, '2026-02-17 15:27:37'),
(1078, 11.480, '2026-02-17 06:36:25'),
(1079, 9.860, '2026-02-17 07:00:56'),
(1080, 1.790, '2026-02-17 17:14:15'),
(1081, 8.900, '2026-02-17 17:21:34'),
(1082, 4.870, '2026-02-17 20:15:10'),
(1083, 1.190, '2026-02-17 06:13:25'),
(1084, 32.308, '2026-02-18 01:36:16'),
(1085, 40.781, '2026-02-18 05:22:01'),
(1086, 91.172, '2026-02-18 02:05:12'),
(1087, 48.593, '2026-02-18 12:31:04'),
(1088, 45.641, '2026-02-18 17:01:03'),
(1089, 53.285, '2026-02-18 15:14:39'),
(1090, 22.618, '2026-02-18 23:15:24'),
(1091, 14.268, '2026-02-18 13:41:11'),
(1092, 1.574, '2026-02-18 01:05:34'),
(1093, 27.019, '2026-02-18 01:35:54'),
(1094, 13.616, '2026-02-18 06:20:43'),
(1095, 7.199, '2026-02-18 03:41:03'),
(1096, 96.513, '2026-02-18 12:43:44'),
(1097, 108.353, '2026-02-18 07:11:24'),
(1098, 94.466, '2026-02-18 18:38:25'),
(1099, 31.446, '2026-02-18 19:53:29'),
(1100, 100.119, '2026-02-18 11:57:54'),
(1101, 13.380, '2026-02-18 14:34:05'),
(1102, 4.990, '2026-02-18 19:40:26'),
(1103, 2.680, '2026-02-18 18:38:35'),
(1104, 14.020, '2026-02-18 13:44:14'),
(1105, 3.080, '2026-02-18 07:31:46'),
(1106, 8.790, '2026-02-18 12:07:24'),
(1107, 3.080, '2026-02-18 12:57:39'),
(1108, 2.000, '2026-02-18 07:30:01'),
(1109, 3.490, '2026-02-18 07:47:29'),
(1110, 2.400, '2026-02-18 10:33:05'),
(1111, 15.360, '2026-02-18 19:28:04'),
(1112, 2.190, '2026-02-18 12:18:36'),
(1113, 9.250, '2026-02-18 17:54:26'),
(1114, 3.370, '2026-02-18 15:23:25'),
(1115, 2.880, '2026-02-18 09:25:10'),
(1116, 53.208, '2026-02-19 13:38:32'),
(1117, 58.451, '2026-02-19 12:22:21'),
(1118, 77.973, '2026-02-19 11:52:19'),
(1119, 32.123, '2026-02-19 20:41:13'),
(1120, 48.964, '2026-02-19 07:26:05'),
(1121, 59.562, '2026-02-19 20:44:07'),
(1122, 12.071, '2026-02-19 01:10:02'),
(1123, 12.967, '2026-02-19 10:20:00'),
(1124, 21.276, '2026-02-19 18:52:44'),
(1125, 35.932, '2026-02-19 09:45:31'),
(1126, 86.982, '2026-02-19 06:08:07'),
(1127, 23.217, '2026-02-19 10:29:36'),
(1128, 53.908, '2026-02-19 06:42:41'),
(1129, 76.363, '2026-02-19 13:51:56'),
(1130, 85.314, '2026-02-19 06:47:41'),
(1131, 44.985, '2026-02-19 07:12:54'),
(1132, 105.275, '2026-02-19 16:03:49'),
(1133, 23.492, '2026-02-19 20:11:26'),
(1134, 32.088, '2026-02-19 14:24:48'),
(1135, 1.350, '2026-02-19 13:13:16'),
(1136, 0.890, '2026-02-19 19:37:45'),
(1137, 6.280, '2026-02-19 13:58:06'),
(1138, 5.780, '2026-02-19 19:29:51'),
(1139, 1.490, '2026-02-19 08:47:39'),
(1140, 2.490, '2026-02-19 15:41:24'),
(1141, 7.170, '2026-02-19 06:53:09'),
(1142, 6.970, '2026-02-19 06:15:54'),
(1143, 1.590, '2026-02-19 07:45:30'),
(1144, 4.880, '2026-02-19 17:24:37'),
(1145, 0.910, '2026-02-19 13:47:21'),
(1146, 20.272, '2026-02-20 00:26:10'),
(1147, 66.682, '2026-02-20 01:35:59'),
(1148, 32.449, '2026-02-20 19:31:18'),
(1149, 17.698, '2026-02-20 21:50:25'),
(1150, 47.365, '2026-02-20 17:33:13'),
(1151, 4.368, '2026-02-20 18:19:44'),
(1152, 7.190, '2026-02-20 11:14:41'),
(1153, 8.447, '2026-02-20 18:09:29'),
(1154, 14.237, '2026-02-20 11:58:02'),
(1155, 49.539, '2026-02-20 11:15:04'),
(1156, 100.317, '2026-02-20 18:06:21'),
(1157, 76.725, '2026-02-20 09:20:28'),
(1158, 27.793, '2026-02-20 08:34:35'),
(1159, 34.900, '2026-02-20 20:28:36'),
(1160, 1.290, '2026-02-20 14:30:10'),
(1161, 5.270, '2026-02-20 17:34:14'),
(1162, 5.420, '2026-02-20 19:50:28'),
(1163, 11.300, '2026-02-20 10:41:01'),
(1164, 1.190, '2026-02-20 17:01:56'),
(1165, 0.990, '2026-02-20 09:27:07'),
(1166, 90.863, '2026-02-21 13:35:08'),
(1167, 51.083, '2026-02-21 04:31:55'),
(1168, 93.348, '2026-02-21 18:33:15'),
(1169, 70.685, '2026-02-21 08:59:07'),
(1170, 65.230, '2026-02-21 23:29:45'),
(1171, 14.764, '2026-02-21 00:26:57'),
(1172, 6.796, '2026-02-21 18:52:45'),
(1173, 33.467, '2026-02-21 11:00:12'),
(1174, 7.004, '2026-02-21 03:58:42'),
(1175, 7.607, '2026-02-21 07:37:42'),
(1176, 105.685, '2026-02-21 19:49:00'),
(1177, 33.595, '2026-02-21 21:49:30'),
(1178, 24.590, '2026-02-21 10:29:35'),
(1179, 56.353, '2026-02-21 10:01:27'),
(1180, 1.590, '2026-02-21 17:39:40'),
(1181, 2.680, '2026-02-21 07:07:53'),
(1182, 4.270, '2026-02-21 20:51:36'),
(1183, 11.490, '2026-02-21 13:14:43'),
(1184, 5.780, '2026-02-21 21:40:39'),
(1185, 2.240, '2026-02-21 16:39:35'),
(1186, 8.980, '2026-02-21 14:31:14'),
(1187, 0.890, '2026-02-21 13:33:26'),
(1188, 21.060, '2026-02-21 15:40:03'),
(1189, 14.070, '2026-02-21 20:02:47'),
(1190, 1.490, '2026-02-21 19:15:09'),
(1191, 93.187, '2026-02-22 19:41:06'),
(1192, 26.528, '2026-02-22 05:50:02'),
(1193, 33.839, '2026-02-22 17:20:29'),
(1194, 97.842, '2026-02-22 03:17:34'),
(1195, 44.441, '2026-02-22 23:26:48'),
(1196, 69.350, '2026-02-22 08:29:47'),
(1197, 9.397, '2026-02-22 04:13:38'),
(1198, 5.827, '2026-02-22 11:18:57'),
(1199, 3.897, '2026-02-22 04:35:55'),
(1200, 29.259, '2026-02-23 05:18:39'),
(1201, 66.473, '2026-02-23 18:17:27'),
(1202, 31.491, '2026-02-23 18:01:23'),
(1203, 97.418, '2026-02-23 05:33:34'),
(1204, 29.263, '2026-02-23 06:31:04'),
(1205, 8.883, '2026-02-23 00:47:06'),
(1206, 8.927, '2026-02-23 14:14:17'),
(1207, 2.230, '2026-02-23 21:07:52'),
(1208, 4.931, '2026-02-23 21:00:49'),
(1209, 81.826, '2026-02-24 13:11:17'),
(1210, 51.169, '2026-02-24 06:07:29'),
(1211, 99.751, '2026-02-24 18:45:59'),
(1212, 36.983, '2026-02-24 08:46:09'),
(1213, 27.716, '2026-02-24 23:58:33'),
(1214, 3.564, '2026-02-24 13:22:25'),
(1215, 7.248, '2026-02-24 09:57:57'),
(1216, 61.365, '2026-02-24 18:59:37'),
(1217, 19.225, '2026-02-24 20:52:53'),
(1218, 34.394, '2026-02-24 09:46:36'),
(1219, 38.920, '2026-02-24 17:52:51'),
(1220, 25.305, '2026-02-24 15:54:39'),
(1221, 40.328, '2026-02-24 15:27:22'),
(1222, 64.980, '2026-02-24 12:24:36'),
(1223, 2.080, '2026-02-24 11:27:21'),
(1224, 0.890, '2026-02-24 09:55:58'),
(1225, 2.490, '2026-02-24 10:38:29'),
(1226, 4.290, '2026-02-24 18:18:56'),
(1227, 6.390, '2026-02-24 17:45:08'),
(1228, 12.990, '2026-02-24 11:45:32'),
(1229, 12.190, '2026-02-24 15:40:30'),
(1230, 5.580, '2026-02-24 12:04:17'),
(1231, 63.979, '2026-02-25 21:26:18'),
(1232, 70.542, '2026-02-25 20:04:51'),
(1233, 46.165, '2026-02-25 06:34:41'),
(1234, 5.077, '2026-02-25 09:25:55'),
(1235, 5.757, '2026-02-25 01:55:29'),
(1236, 37.251, '2026-02-25 15:28:37'),
(1237, 47.967, '2026-02-25 13:24:01'),
(1238, 75.079, '2026-02-25 07:42:16'),
(1239, 25.598, '2026-02-25 14:58:19'),
(1240, 104.536, '2026-02-25 19:18:13'),
(1241, 62.886, '2026-02-25 17:13:08'),
(1242, 109.119, '2026-02-25 19:54:10'),
(1243, 1.290, '2026-02-25 15:21:04'),
(1244, 1.990, '2026-02-25 12:47:43'),
(1245, 1.490, '2026-02-25 19:57:07'),
(1246, 1.350, '2026-02-25 09:52:43'),
(1247, 5.180, '2026-02-25 14:25:46'),
(1248, 4.680, '2026-02-25 06:05:37'),
(1249, 4.840, '2026-02-25 15:21:46'),
(1250, 2.780, '2026-02-25 10:06:57'),
(1251, 64.830, '2026-02-26 03:57:26'),
(1252, 30.942, '2026-02-26 00:12:41'),
(1253, 28.447, '2026-02-26 01:27:56'),
(1254, 75.920, '2026-02-26 09:40:38'),
(1255, 46.753, '2026-02-26 18:16:19'),
(1256, 2.486, '2026-02-26 00:46:12'),
(1257, 8.191, '2026-02-26 15:38:37'),
(1258, 5.101, '2026-02-26 17:41:31'),
(1259, 14.607, '2026-02-26 09:35:41'),
(1260, 2.988, '2026-02-26 18:17:21'),
(1261, 34.418, '2026-02-26 17:13:20'),
(1262, 52.203, '2026-02-26 10:12:46'),
(1263, 59.736, '2026-02-26 11:32:21'),
(1264, 40.824, '2026-02-26 10:29:45'),
(1265, 40.799, '2026-02-26 09:21:53'),
(1266, 58.537, '2026-02-26 20:10:39'),
(1267, 3.680, '2026-02-26 07:56:10'),
(1268, 40.170, '2026-02-26 09:30:43'),
(1269, 7.500, '2026-02-26 06:47:51'),
(1270, 13.170, '2026-02-26 14:09:51'),
(1271, 2.990, '2026-02-26 13:37:39'),
(1272, 20.560, '2026-02-26 20:49:41'),
(1273, 9.280, '2026-02-26 13:17:50'),
(1274, 1.190, '2026-02-26 09:57:54'),
(1275, 2.990, '2026-02-26 18:53:03'),
(1276, 2.490, '2026-02-26 10:53:17'),
(1277, 0.890, '2026-02-26 11:18:46'),
(1278, 7.660, '2026-02-26 06:01:31'),
(1279, 2.380, '2026-02-26 15:59:57'),
(1280, 1.490, '2026-02-26 07:02:32'),
(1281, 76.488, '2026-02-27 23:48:18'),
(1282, 19.258, '2026-02-27 08:01:59'),
(1283, 29.910, '2026-02-27 15:47:52'),
(1284, 58.140, '2026-02-27 06:44:11'),
(1285, 92.261, '2026-02-27 23:34:37'),
(1286, 71.999, '2026-02-27 02:31:43'),
(1287, 25.525, '2026-02-27 00:25:45'),
(1288, 84.904, '2026-02-27 04:48:44'),
(1289, 32.253, '2026-02-27 03:52:18'),
(1290, 13.075, '2026-02-27 20:29:34'),
(1291, 3.988, '2026-02-27 08:52:36'),
(1292, 33.310, '2026-02-27 19:49:47'),
(1293, 2.564, '2026-02-27 00:52:25'),
(1294, 3.194, '2026-02-27 04:05:33'),
(1295, 104.024, '2026-02-27 17:12:30'),
(1296, 95.426, '2026-02-27 17:00:16'),
(1297, 64.246, '2026-02-27 08:44:04'),
(1298, 72.643, '2026-02-27 18:02:47'),
(1299, 85.861, '2026-02-27 21:41:13'),
(1300, 100.190, '2026-02-27 13:46:53'),
(1301, 29.279, '2026-02-27 09:18:39'),
(1302, 2.490, '2026-02-27 13:32:08'),
(1303, 2.380, '2026-02-27 15:48:27'),
(1304, 2.280, '2026-02-27 15:35:33'),
(1305, 7.970, '2026-02-27 12:35:50'),
(1306, 9.630, '2026-02-27 10:24:52'),
(1307, 0.890, '2026-02-27 18:39:58'),
(1308, 4.680, '2026-02-27 18:03:53'),
(1309, 10.490, '2026-02-27 07:26:16'),
(1310, 1.990, '2026-02-27 09:19:15'),
(1311, 6.000, '2026-02-27 11:27:08'),
(1312, 25.497, '2026-02-28 23:23:27'),
(1313, 83.501, '2026-02-28 20:10:34'),
(1314, 23.748, '2026-02-28 15:25:31'),
(1315, 26.963, '2026-02-28 07:42:49'),
(1316, 89.278, '2026-02-28 17:03:18'),
(1317, 30.637, '2026-02-28 23:32:37'),
(1318, 18.288, '2026-02-28 01:01:16'),
(1319, 13.387, '2026-02-28 11:15:16'),
(1320, 24.214, '2026-02-28 21:23:08'),
(1321, 48.466, '2026-02-28 14:06:41'),
(1322, 90.878, '2026-02-28 07:40:51'),
(1323, 83.782, '2026-02-28 08:41:53'),
(1324, 102.964, '2026-02-28 09:55:54'),
(1325, 35.779, '2026-02-28 09:23:18'),
(1326, 81.105, '2026-02-28 17:19:12'),
(1327, 1.490, '2026-02-28 12:38:06'),
(1328, 8.950, '2026-02-28 08:17:41'),
(1329, 6.170, '2026-02-28 09:15:24'),
(1330, 2.480, '2026-02-28 19:23:22'),
(1331, 3.980, '2026-02-28 15:11:37'),
(1332, 13.860, '2026-02-28 08:19:42'),
(1333, 8.160, '2026-02-28 14:13:34'),
(1334, 3.990, '2026-02-28 13:14:01'),
(1335, 3.180, '2026-02-28 09:50:06'),
(1336, 2.190, '2026-02-28 07:34:12'),
(1337, 7.260, '2026-02-28 07:25:03'),
(1338, 6.870, '2026-02-28 19:57:55'),
(1339, 89.965, '2026-03-01 15:36:08'),
(1340, 48.837, '2026-03-01 17:32:07'),
(1341, 45.665, '2026-03-01 00:21:41'),
(1342, 25.638, '2026-03-01 11:47:12'),
(1343, 1.607, '2026-03-01 05:22:11'),
(1344, 3.471, '2026-03-01 16:24:15'),
(1345, 6.292, '2026-03-01 01:19:42'),
(1346, 6.723, '2026-03-01 21:52:46'),
(1347, 79.207, '2026-03-02 10:59:36'),
(1348, 68.955, '2026-03-02 15:04:30'),
(1349, 59.002, '2026-03-02 04:07:40'),
(1350, 66.226, '2026-03-02 19:45:41'),
(1351, 67.783, '2026-03-02 03:11:24'),
(1352, 67.880, '2026-03-02 03:46:28'),
(1353, 69.278, '2026-03-02 10:33:18'),
(1354, 5.637, '2026-03-02 07:07:12'),
(1355, 8.757, '2026-03-02 15:02:04'),
(1356, 62.363, '2026-03-03 23:58:54'),
(1357, 70.886, '2026-03-03 15:05:36'),
(1358, 46.855, '2026-03-03 12:12:00'),
(1359, 24.562, '2026-03-03 07:00:52'),
(1360, 2.467, '2026-03-03 06:19:29'),
(1361, 3.232, '2026-03-03 18:21:33'),
(1362, 7.780, '2026-03-03 11:44:18'),
(1363, 17.634, '2026-03-03 06:27:37'),
(1364, 118.236, '2026-03-03 20:18:34'),
(1365, 75.184, '2026-03-03 16:32:48'),
(1366, 62.778, '2026-03-03 12:34:44'),
(1367, 3.780, '2026-03-03 17:23:24'),
(1368, 10.280, '2026-03-03 09:15:09'),
(1369, 9.360, '2026-03-03 14:48:33'),
(1370, 2.780, '2026-03-03 08:12:48'),
(1371, 2.190, '2026-03-03 19:51:10'),
(1372, 7.760, '2026-03-03 09:37:37'),
(1373, 4.990, '2026-03-03 14:30:08'),
(1374, 7.330, '2026-03-03 09:36:08'),
(1375, 65.239, '2026-03-04 06:01:52'),
(1376, 51.901, '2026-03-04 15:25:40'),
(1377, 14.825, '2026-03-04 15:37:50'),
(1378, 54.371, '2026-03-04 18:37:04'),
(1379, 25.825, '2026-03-04 04:10:27'),
(1380, 18.127, '2026-03-04 07:50:04'),
(1381, 2.417, '2026-03-04 00:23:48'),
(1382, 8.241, '2026-03-04 14:02:20'),
(1383, 24.731, '2026-03-04 20:53:48'),
(1384, 3.883, '2026-03-04 07:12:51'),
(1385, 117.964, '2026-03-04 16:29:35'),
(1386, 66.519, '2026-03-04 17:44:16'),
(1387, 92.636, '2026-03-04 11:00:01'),
(1388, 50.999, '2026-03-04 06:51:24'),
(1389, 60.979, '2026-03-04 17:14:59'),
(1390, 29.012, '2026-03-04 20:47:13'),
(1391, 61.609, '2026-03-04 11:32:21'),
(1392, 50.421, '2026-03-04 08:10:57'),
(1393, 90.491, '2026-03-04 18:09:53'),
(1394, 22.004, '2026-03-04 11:06:25'),
(1395, 37.453, '2026-03-04 18:57:01'),
(1396, 4.190, '2026-03-04 09:52:04'),
(1397, 2.580, '2026-03-04 20:49:06'),
(1398, 4.680, '2026-03-04 15:11:03'),
(1399, 1.290, '2026-03-04 14:14:10'),
(1400, 2.540, '2026-03-04 18:29:35'),
(1401, 9.060, '2026-03-04 18:02:57'),
(1402, 7.180, '2026-03-04 08:44:31'),
(1403, 8.280, '2026-03-04 17:48:28'),
(1404, 5.320, '2026-03-04 18:24:00'),
(1405, 39.860, '2026-03-04 13:21:53'),
(1406, 1.290, '2026-03-04 09:06:48'),
(1407, 1.190, '2026-03-04 11:14:32'),
(1408, 4.980, '2026-03-04 17:19:31'),
(1409, 3.990, '2026-03-04 18:24:19'),
(1410, 1.790, '2026-03-04 06:13:54'),
(1411, 84.367, '2026-03-05 00:21:15'),
(1412, 10.035, '2026-03-05 17:12:20'),
(1413, 63.877, '2026-03-05 05:20:12'),
(1414, 4.894, '2026-03-05 19:52:07'),
(1415, 1.602, '2026-03-05 10:57:50'),
(1416, 2.346, '2026-03-05 05:23:05'),
(1417, 59.282, '2026-03-05 18:40:00'),
(1418, 38.985, '2026-03-05 14:10:43'),
(1419, 18.729, '2026-03-05 13:07:06'),
(1420, 43.267, '2026-03-05 18:46:35'),
(1421, 16.132, '2026-03-05 20:25:38'),
(1422, 26.351, '2026-03-05 18:28:46'),
(1423, 1.490, '2026-03-05 18:05:36'),
(1424, 3.080, '2026-03-05 11:09:07'),
(1425, 1.590, '2026-03-05 13:50:01'),
(1426, 6.470, '2026-03-05 18:06:42'),
(1427, 2.780, '2026-03-05 13:51:54'),
(1428, 2.490, '2026-03-05 12:27:21'),
(1429, 6.620, '2026-03-05 11:29:53'),
(1430, 2.990, '2026-03-05 11:52:14'),
(1431, 1.490, '2026-03-05 13:34:43'),
(1432, 1.290, '2026-03-05 17:26:17'),
(1433, 2.990, '2026-03-05 15:35:09'),
(1434, 2.000, '2026-03-05 13:47:07'),
(1435, 17.050, '2026-03-05 08:19:01'),
(1436, 8.960, '2026-03-05 14:22:41'),
(1437, 1.290, '2026-03-05 17:49:50'),
(1438, 72.254, '2026-03-06 04:25:17'),
(1439, 74.786, '2026-03-06 20:27:48'),
(1440, 44.702, '2026-03-06 00:14:05'),
(1441, 23.425, '2026-03-06 21:59:00'),
(1442, 27.843, '2026-03-06 18:24:56'),
(1443, 4.534, '2026-03-06 08:33:12'),
(1444, 7.945, '2026-03-06 15:44:29'),
(1445, 12.050, '2026-03-06 17:20:11'),
(1446, 4.255, '2026-03-06 14:14:33'),
(1447, 4.627, '2026-03-06 05:23:40'),
(1448, 25.368, '2026-03-06 23:29:15'),
(1449, 98.780, '2026-03-06 14:20:38'),
(1450, 63.337, '2026-03-06 19:05:34'),
(1451, 87.450, '2026-03-06 14:35:16'),
(1452, 116.485, '2026-03-06 13:21:01'),
(1453, 3.570, '2026-03-06 10:12:53'),
(1454, 8.060, '2026-03-06 07:10:18'),
(1455, 2.490, '2026-03-06 07:19:36'),
(1456, 3.480, '2026-03-06 12:52:28'),
(1457, 11.480, '2026-03-06 18:21:29'),
(1458, 1.590, '2026-03-06 15:37:17'),
(1459, 7.900, '2026-03-06 18:10:21'),
(1460, 0.890, '2026-03-06 12:32:44'),
(1461, 3.490, '2026-03-06 19:15:28'),
(1462, 32.090, '2026-03-06 12:29:22'),
(1463, 2.480, '2026-03-06 21:54:36'),
(1464, 4.290, '2026-03-06 08:08:48'),
(1465, 0.910, '2026-03-06 10:04:41'),
(1466, 1.590, '2026-03-06 12:30:55'),
(1467, 35.290, '2026-03-06 17:15:43'),
(1468, 21.170, '2026-03-06 06:35:15'),
(1469, 3.990, '2026-03-06 07:04:52'),
(1470, 5.480, '2026-03-06 16:15:52'),
(1471, 94.890, '2026-03-07 20:04:36'),
(1472, 26.415, '2026-03-07 18:28:52'),
(1473, 76.742, '2026-03-07 00:46:50'),
(1474, 23.861, '2026-03-07 00:39:31'),
(1475, 6.716, '2026-03-07 15:32:25'),
(1476, 4.138, '2026-03-07 15:53:36'),
(1477, 13.881, '2026-03-07 00:32:32'),
(1478, 40.978, '2026-03-07 12:19:23'),
(1479, 59.692, '2026-03-07 08:23:25'),
(1480, 20.273, '2026-03-07 11:00:36'),
(1481, 96.964, '2026-03-07 11:26:44'),
(1482, 48.647, '2026-03-07 16:29:03'),
(1483, 3.680, '2026-03-07 07:39:10'),
(1484, 5.970, '2026-03-07 12:28:07'),
(1485, 1.490, '2026-03-07 13:59:21'),
(1486, 9.060, '2026-03-07 12:33:18'),
(1487, 4.380, '2026-03-07 20:44:05'),
(1488, 40.580, '2026-03-07 20:23:16'),
(1489, 8.960, '2026-03-07 17:25:26'),
(1490, 6.970, '2026-03-07 07:16:35'),
(1491, 4.270, '2026-03-07 07:42:10'),
(1492, 11.590, '2026-03-07 19:01:44'),
(1493, 1.290, '2026-03-07 07:18:51'),
(1494, 3.350, '2026-03-07 14:26:18'),
(1495, 10.560, '2026-03-07 16:00:35'),
(1496, 4.880, '2026-03-07 19:27:35'),
(1497, 3.380, '2026-03-07 20:00:28'),
(1498, 14.890, '2026-03-07 10:42:52'),
(1499, 69.954, '2026-03-08 05:12:33'),
(1500, 52.977, '2026-03-08 22:38:35');
INSERT INTO `Transaction` (`id_transaction`, `prix_total`, `date_heure`) VALUES
(1501, 11.138, '2026-03-08 11:23:59'),
(1502, 42.036, '2026-03-08 13:47:35'),
(1503, 51.556, '2026-03-08 02:48:53'),
(1504, 32.624, '2026-03-08 19:37:23'),
(1505, 45.873, '2026-03-08 19:05:40'),
(1506, 23.165, '2026-03-08 11:58:01'),
(1507, 21.314, '2026-03-08 08:46:34'),
(1508, 4.214, '2026-03-08 20:24:20'),
(1509, 6.039, '2026-03-08 15:14:59'),
(1510, 36.586, '2026-03-08 14:50:27'),
(1511, 7.469, '2026-03-08 11:25:36'),
(1512, 93.883, '2026-03-09 06:04:19'),
(1513, 76.390, '2026-03-09 01:14:26'),
(1514, 28.707, '2026-03-09 15:22:39'),
(1515, 79.832, '2026-03-09 12:15:46'),
(1516, 37.357, '2026-03-09 01:38:49'),
(1517, 67.523, '2026-03-09 10:31:57'),
(1518, 80.835, '2026-03-09 05:32:36'),
(1519, 47.620, '2026-03-09 06:26:03'),
(1520, 14.048, '2026-03-09 12:25:10'),
(1521, 7.180, '2026-03-09 01:31:36'),
(1522, 20.493, '2026-03-09 20:56:24'),
(1523, 54.196, '2026-03-10 06:09:53'),
(1524, 43.862, '2026-03-10 10:08:40'),
(1525, 21.328, '2026-03-10 19:39:16'),
(1526, 18.510, '2026-03-10 20:47:43'),
(1527, 3.712, '2026-03-10 04:22:00'),
(1528, 34.596, '2026-03-10 04:14:24'),
(1529, 30.139, '2026-03-10 05:42:22'),
(1530, 81.567, '2026-03-10 06:41:53'),
(1531, 25.850, '2026-03-10 17:25:09'),
(1532, 28.781, '2026-03-10 10:49:45'),
(1533, 92.149, '2026-03-10 19:10:01'),
(1534, 57.057, '2026-03-10 09:47:47'),
(1535, 55.603, '2026-03-10 17:29:14'),
(1536, 58.126, '2026-03-10 10:13:17'),
(1537, 60.705, '2026-03-10 15:53:33'),
(1538, 37.684, '2026-03-10 14:08:25'),
(1539, 27.776, '2026-03-10 18:01:33'),
(1540, 79.579, '2026-03-10 14:54:18'),
(1541, 21.740, '2026-03-10 20:15:03'),
(1542, 6.080, '2026-03-10 06:59:40'),
(1543, 4.570, '2026-03-10 15:45:28'),
(1544, 6.480, '2026-03-10 19:08:51'),
(1545, 7.980, '2026-03-10 19:57:35'),
(1546, 3.990, '2026-03-10 12:35:30'),
(1547, 10.950, '2026-03-10 06:39:24'),
(1548, 9.980, '2026-03-10 11:29:16'),
(1549, 5.270, '2026-03-10 13:17:43'),
(1550, 5.780, '2026-03-10 06:16:06'),
(1551, 2.680, '2026-03-10 09:32:12'),
(1552, 10.750, '2026-03-10 16:29:21'),
(1553, 1.490, '2026-03-10 13:23:49'),
(1554, 4.690, '2026-03-10 15:02:53'),
(1555, 35.326, '2026-03-11 14:28:01'),
(1556, 14.888, '2026-03-11 12:06:12'),
(1557, 92.893, '2026-03-11 21:36:19'),
(1558, 59.020, '2026-03-11 02:08:44'),
(1559, 80.779, '2026-03-11 11:42:12'),
(1560, 69.775, '2026-03-11 19:51:51'),
(1561, 46.493, '2026-03-11 18:43:47'),
(1562, 36.440, '2026-03-11 02:49:18'),
(1563, 23.398, '2026-03-11 06:03:03'),
(1564, 105.111, '2026-03-11 11:21:22'),
(1565, 61.375, '2026-03-11 09:01:15'),
(1566, 44.207, '2026-03-11 10:34:25'),
(1567, 112.852, '2026-03-11 06:06:07'),
(1568, 37.910, '2026-03-11 12:01:34'),
(1569, 1.590, '2026-03-11 10:06:53'),
(1570, 1.190, '2026-03-11 20:56:28'),
(1571, 3.680, '2026-03-11 10:38:15'),
(1572, 3.490, '2026-03-11 09:56:24'),
(1573, 1.490, '2026-03-11 15:30:30'),
(1574, 98.690, '2026-03-11 17:12:42'),
(1575, 4.380, '2026-03-11 07:39:45'),
(1576, 5.990, '2026-03-11 07:24:57'),
(1577, 2.990, '2026-03-11 13:44:39'),
(1578, 2.490, '2026-03-11 10:22:59'),
(1579, 2.380, '2026-03-11 11:46:13'),
(1580, 9.670, '2026-03-11 18:28:36'),
(1581, 6.460, '2026-03-11 09:28:36'),
(1582, 1.490, '2026-03-11 12:34:17'),
(1583, 70.386, '2026-03-12 14:30:05'),
(1584, 47.003, '2026-03-12 22:07:12'),
(1585, 46.288, '2026-03-12 13:27:15'),
(1586, 26.068, '2026-03-12 02:02:26'),
(1587, 87.440, '2026-03-12 07:04:11'),
(1588, 85.626, '2026-03-12 21:21:59'),
(1589, 50.548, '2026-03-12 02:21:53'),
(1590, 2.130, '2026-03-12 01:37:13'),
(1591, 2.797, '2026-03-12 11:19:44'),
(1592, 5.761, '2026-03-12 20:36:51'),
(1593, 30.211, '2026-03-12 11:33:35'),
(1594, 37.556, '2026-03-12 19:11:06'),
(1595, 88.119, '2026-03-12 19:26:12'),
(1596, 55.600, '2026-03-12 10:06:48'),
(1597, 92.048, '2026-03-12 10:43:17'),
(1598, 24.841, '2026-03-12 12:21:02'),
(1599, 39.022, '2026-03-12 17:45:36'),
(1600, 1.490, '2026-03-12 15:10:14'),
(1601, 5.770, '2026-03-12 06:34:20'),
(1602, 2.480, '2026-03-12 12:46:37'),
(1603, 4.870, '2026-03-12 13:40:17'),
(1604, 1.190, '2026-03-12 12:31:02'),
(1605, 3.680, '2026-03-12 16:48:20'),
(1606, 2.340, '2026-03-12 12:47:39'),
(1607, 5.730, '2026-03-12 10:15:55'),
(1608, 9.750, '2026-03-12 11:28:18'),
(1609, 14.360, '2026-03-12 08:34:30'),
(1610, 3.790, '2026-03-12 09:07:56'),
(1611, 3.990, '2026-03-12 13:56:49'),
(1612, 9.990, '2026-03-12 12:48:47'),
(1613, 0.990, '2026-03-12 13:10:24'),
(1614, 7.350, '2026-03-12 11:57:17'),
(1615, 12.380, '2026-03-12 16:40:32'),
(1616, 3.990, '2026-03-12 12:11:12'),
(1617, 24.939, '2026-03-13 23:48:46'),
(1618, 71.041, '2026-03-13 01:16:04'),
(1619, 32.965, '2026-03-13 16:55:38'),
(1620, 71.086, '2026-03-13 00:26:42'),
(1621, 6.647, '2026-03-13 17:41:59'),
(1622, 16.346, '2026-03-13 23:05:15'),
(1623, 6.840, '2026-03-13 04:03:57'),
(1624, 8.027, '2026-03-13 05:28:31'),
(1625, 24.939, '2026-03-13 12:43:22'),
(1626, 74.331, '2026-03-13 09:15:13'),
(1627, 28.031, '2026-03-13 19:19:26'),
(1628, 37.619, '2026-03-13 11:00:02'),
(1629, 78.188, '2026-03-13 21:11:57'),
(1630, 44.895, '2026-03-13 20:47:26'),
(1631, 71.197, '2026-03-13 17:53:08'),
(1632, 93.266, '2026-03-13 20:26:52'),
(1633, 101.508, '2026-03-13 06:53:20'),
(1634, 43.877, '2026-03-13 10:57:50'),
(1635, 99.726, '2026-03-13 18:54:25'),
(1636, 11.790, '2026-03-13 11:59:05'),
(1637, 11.480, '2026-03-13 20:58:31'),
(1638, 4.180, '2026-03-13 13:06:03'),
(1639, 59.800, '2026-03-13 17:29:38'),
(1640, 12.460, '2026-03-13 17:21:51'),
(1641, 3.380, '2026-03-13 10:16:22'),
(1642, 25.841, '2026-03-14 07:41:36'),
(1643, 84.523, '2026-03-14 20:01:38'),
(1644, 22.527, '2026-03-14 22:56:51'),
(1645, 35.407, '2026-03-14 18:00:58'),
(1646, 97.943, '2026-03-14 14:33:55'),
(1647, 69.532, '2026-03-14 13:57:26'),
(1648, 2.917, '2026-03-14 22:31:57'),
(1649, 25.986, '2026-03-14 00:49:52'),
(1650, 6.633, '2026-03-14 00:49:37'),
(1651, 5.640, '2026-03-14 05:52:32'),
(1652, 12.195, '2026-03-14 11:45:00'),
(1653, 25.272, '2026-03-14 08:55:18'),
(1654, 61.584, '2026-03-14 13:01:49'),
(1655, 45.419, '2026-03-14 15:33:35'),
(1656, 88.424, '2026-03-14 16:46:55'),
(1657, 42.312, '2026-03-14 20:13:01'),
(1658, 50.676, '2026-03-14 09:15:30'),
(1659, 81.377, '2026-03-14 13:40:16'),
(1660, 1.490, '2026-03-14 10:49:28'),
(1661, 2.000, '2026-03-14 19:54:30'),
(1662, 2.000, '2026-03-14 19:32:47'),
(1663, 6.980, '2026-03-14 12:15:02'),
(1664, 5.170, '2026-03-14 18:32:22'),
(1665, 5.470, '2026-03-14 18:35:30'),
(1666, 17.060, '2026-03-14 14:23:17'),
(1667, 40.470, '2026-03-14 10:04:43'),
(1668, 4.930, '2026-03-14 13:13:57'),
(1669, 1.490, '2026-03-14 21:09:47'),
(1670, 82.344, '2026-03-15 01:11:44'),
(1671, 13.011, '2026-03-15 02:02:16'),
(1672, 77.945, '2026-03-15 23:41:42'),
(1673, 31.634, '2026-03-15 20:05:48'),
(1674, 91.346, '2026-03-15 19:01:32'),
(1675, 44.232, '2026-03-15 16:54:12'),
(1676, 33.891, '2026-03-15 16:05:20'),
(1677, 70.117, '2026-03-15 20:43:43'),
(1678, 29.899, '2026-03-15 23:23:50'),
(1679, 8.942, '2026-03-15 14:49:28'),
(1680, 5.305, '2026-03-15 23:29:38'),
(1681, 17.587, '2026-03-15 22:47:20'),
(1682, 22.346, '2026-03-15 18:33:07'),
(1683, 6.547, '2026-03-15 16:08:10'),
(1684, 45.242, '2026-03-16 11:39:05'),
(1685, 87.906, '2026-03-16 20:47:23'),
(1686, 79.792, '2026-03-16 22:12:50'),
(1687, 6.401, '2026-03-16 09:48:28'),
(1688, 4.281, '2026-03-16 12:09:01'),
(1689, 4.873, '2026-03-16 20:30:31'),
(1690, 66.365, '2026-03-17 16:38:05'),
(1691, 36.816, '2026-03-17 10:43:59'),
(1692, 43.370, '2026-03-17 07:49:37'),
(1693, 8.919, '2026-03-17 11:51:01'),
(1694, 8.640, '2026-03-17 14:12:06'),
(1695, 3.374, '2026-03-17 02:09:34'),
(1696, 8.427, '2026-03-17 17:10:45'),
(1697, 8.829, '2026-03-17 05:31:33'),
(1698, 32.376, '2026-03-17 20:00:56'),
(1699, 93.878, '2026-03-17 09:54:37'),
(1700, 51.204, '2026-03-17 13:28:40'),
(1701, 87.783, '2026-03-17 15:19:31'),
(1702, 31.828, '2026-03-17 20:31:55'),
(1703, 34.565, '2026-03-17 19:22:11'),
(1704, 48.980, '2026-03-17 07:35:49'),
(1705, 3.190, '2026-03-17 11:02:24'),
(1706, 8.970, '2026-03-17 20:55:53'),
(1707, 33.930, '2026-03-17 08:44:22'),
(1708, 0.890, '2026-03-17 17:53:55'),
(1709, 33.390, '2026-03-17 07:50:12'),
(1710, 6.770, '2026-03-17 09:48:04'),
(1711, 1.290, '2026-03-17 09:57:16'),
(1712, 4.290, '2026-03-17 12:49:43'),
(1713, 13.970, '2026-03-17 08:16:09'),
(1714, 7.900, '2026-03-17 08:12:55'),
(1715, 1.590, '2026-03-17 12:31:27'),
(1716, 1.190, '2026-03-17 07:39:10'),
(1717, 94.483, '2026-03-18 00:15:51'),
(1718, 46.704, '2026-03-18 02:22:39'),
(1719, 34.525, '2026-03-18 23:40:53'),
(1720, 95.003, '2026-03-18 23:34:10'),
(1721, 34.146, '2026-03-18 04:39:30'),
(1722, 8.488, '2026-03-18 10:40:15'),
(1723, 2.793, '2026-03-18 06:36:44'),
(1724, 7.474, '2026-03-18 11:08:36'),
(1725, 6.164, '2026-03-18 00:56:25'),
(1726, 30.386, '2026-03-18 14:50:32'),
(1727, 11.641, '2026-03-18 12:41:40'),
(1728, 58.437, '2026-03-18 15:46:14'),
(1729, 54.501, '2026-03-18 17:10:13'),
(1730, 68.736, '2026-03-18 17:11:45'),
(1731, 86.272, '2026-03-18 10:51:20'),
(1732, 50.128, '2026-03-18 16:32:49'),
(1733, 1.390, '2026-03-18 20:27:28'),
(1734, 3.990, '2026-03-18 20:28:06'),
(1735, 31.390, '2026-03-18 09:25:04'),
(1736, 67.150, '2026-03-18 14:00:26'),
(1737, 5.980, '2026-03-18 12:08:22'),
(1738, 1.490, '2026-03-18 14:52:19'),
(1739, 2.680, '2026-03-18 20:14:06'),
(1740, 5.890, '2026-03-18 08:01:23'),
(1741, 8.460, '2026-03-18 15:11:17'),
(1742, 8.170, '2026-03-18 19:21:04'),
(1743, 4.980, '2026-03-18 20:34:05'),
(1744, 8.000, '2026-03-18 09:00:55'),
(1745, 10.780, '2026-03-18 11:23:51'),
(1746, 2.980, '2026-03-18 11:27:40'),
(1747, 15.470, '2026-03-18 08:37:03'),
(1748, 1.490, '2026-03-18 08:54:09'),
(1749, 2.680, '2026-03-18 11:01:42'),
(1750, 9.390, '2026-03-18 11:00:53'),
(1751, 79.855, '2026-03-19 05:35:42'),
(1752, 48.875, '2026-03-19 04:06:29'),
(1753, 77.626, '2026-03-19 19:02:09'),
(1754, 83.820, '2026-03-19 15:21:09'),
(1755, 7.817, '2026-03-19 09:09:46'),
(1756, 8.873, '2026-03-19 00:28:14'),
(1757, 25.710, '2026-03-19 03:47:06'),
(1758, 5.705, '2026-03-19 22:05:11'),
(1759, 1.816, '2026-03-19 21:29:37'),
(1760, 104.946, '2026-03-19 18:14:40'),
(1761, 31.060, '2026-03-19 06:43:32'),
(1762, 92.545, '2026-03-19 20:48:11'),
(1763, 78.624, '2026-03-19 11:59:18'),
(1764, 83.569, '2026-03-19 18:26:01'),
(1765, 3.990, '2026-03-19 18:43:36'),
(1766, 1.590, '2026-03-19 20:01:55'),
(1767, 2.940, '2026-03-19 15:05:57'),
(1768, 2.200, '2026-03-19 10:08:34'),
(1769, 1.490, '2026-03-19 11:41:47'),
(1770, 3.280, '2026-03-19 12:22:56'),
(1771, 4.170, '2026-03-19 08:01:45'),
(1772, 2.490, '2026-03-19 16:12:11'),
(1773, 41.263, '2026-03-20 03:23:57'),
(1774, 80.166, '2026-03-20 14:26:43'),
(1775, 63.889, '2026-03-20 11:47:25'),
(1776, 65.817, '2026-03-20 00:57:34'),
(1777, 14.474, '2026-03-20 16:01:58'),
(1778, 3.328, '2026-03-20 22:17:24'),
(1779, 19.900, '2026-03-20 22:50:15'),
(1780, 7.101, '2026-03-20 09:35:44'),
(1781, 5.553, '2026-03-20 04:53:48'),
(1782, 38.909, '2026-03-20 20:16:34'),
(1783, 64.675, '2026-03-20 16:59:49'),
(1784, 77.947, '2026-03-20 16:27:14'),
(1785, 72.013, '2026-03-20 07:10:37'),
(1786, 21.090, '2026-03-20 07:02:51'),
(1787, 98.464, '2026-03-20 19:14:54'),
(1788, 79.526, '2026-03-20 09:55:03'),
(1789, 6.180, '2026-03-20 15:14:49'),
(1790, 1.820, '2026-03-20 16:41:01'),
(1791, 3.990, '2026-03-20 12:31:24'),
(1792, 9.590, '2026-03-20 16:57:01'),
(1793, 14.330, '2026-03-20 18:40:40'),
(1794, 4.870, '2026-03-20 15:05:47'),
(1795, 1.490, '2026-03-20 17:46:56'),
(1796, 1.190, '2026-03-20 06:22:16'),
(1797, 9.990, '2026-03-20 12:47:34'),
(1798, 82.692, '2026-03-21 06:51:44'),
(1799, 102.375, '2026-03-21 05:37:53'),
(1800, 62.344, '2026-03-21 01:06:16'),
(1801, 83.337, '2026-03-21 10:36:38'),
(1802, 58.277, '2026-03-21 22:19:32'),
(1803, 47.383, '2026-03-21 04:14:14'),
(1804, 27.799, '2026-03-21 06:51:26'),
(1805, 7.582, '2026-03-21 18:55:36'),
(1806, 7.177, '2026-03-21 10:17:15'),
(1807, 8.582, '2026-03-21 14:43:04'),
(1808, 2.282, '2026-03-21 22:11:49'),
(1809, 7.281, '2026-03-21 19:12:27'),
(1810, 8.191, '2026-03-21 23:20:08'),
(1811, 49.687, '2026-03-21 07:57:16'),
(1812, 82.545, '2026-03-21 19:23:58'),
(1813, 28.358, '2026-03-21 19:58:08'),
(1814, 69.697, '2026-03-21 21:48:42'),
(1815, 6.610, '2026-03-21 17:23:10'),
(1816, 7.260, '2026-03-21 10:26:58'),
(1817, 10.390, '2026-03-21 19:40:13'),
(1818, 2.490, '2026-03-21 09:04:56'),
(1819, 8.460, '2026-03-21 19:39:08'),
(1820, 4.680, '2026-03-21 14:11:20'),
(1821, 24.950, '2026-03-21 11:09:44'),
(1822, 1.590, '2026-03-21 18:12:05'),
(1823, 14.970, '2026-03-21 20:59:27'),
(1824, 3.490, '2026-03-21 09:46:48'),
(1825, 33.472, '2026-03-22 14:14:50'),
(1826, 12.851, '2026-03-22 22:50:10'),
(1827, 88.529, '2026-03-22 08:56:54'),
(1828, 65.745, '2026-03-22 02:03:53'),
(1829, 26.604, '2026-03-22 11:42:40'),
(1830, 6.692, '2026-03-22 20:29:15'),
(1831, 34.352, '2026-03-22 20:31:17'),
(1832, 8.529, '2026-03-22 10:17:03'),
(1833, 43.379, '2026-03-23 17:26:40'),
(1834, 34.104, '2026-03-23 23:11:45'),
(1835, 96.676, '2026-03-23 13:24:04'),
(1836, 22.627, '2026-03-23 19:42:55'),
(1837, 90.784, '2026-03-23 07:34:36'),
(1838, 75.646, '2026-03-23 14:08:33'),
(1839, 2.498, '2026-03-23 08:57:24'),
(1840, 8.253, '2026-03-23 13:38:47'),
(1841, 2.315, '2026-03-23 10:56:03'),
(1842, 1.882, '2026-03-23 12:17:40'),
(1843, 2.852, '2026-03-23 00:52:04'),
(1844, 15.383, '2026-03-23 23:20:48'),
(1845, 37.038, '2026-03-24 17:43:10'),
(1846, 33.842, '2026-03-24 03:32:02'),
(1847, 44.827, '2026-03-24 11:24:24'),
(1848, 100.852, '2026-03-24 02:24:13'),
(1849, 50.652, '2026-03-24 17:17:50'),
(1850, 82.943, '2026-03-24 05:32:05'),
(1851, 2.687, '2026-03-24 10:14:21'),
(1852, 28.075, '2026-03-24 16:11:54'),
(1853, 4.345, '2026-03-24 00:43:35'),
(1854, 8.482, '2026-03-24 16:17:12'),
(1855, 103.095, '2026-03-24 08:43:16'),
(1856, 112.292, '2026-03-24 20:33:04'),
(1857, 54.497, '2026-03-24 12:38:54'),
(1858, 67.739, '2026-03-24 09:02:16'),
(1859, 42.422, '2026-03-24 17:21:45'),
(1860, 49.329, '2026-03-24 06:39:18'),
(1861, 76.188, '2026-03-24 15:19:52'),
(1862, 60.393, '2026-03-24 07:30:59'),
(1863, 90.443, '2026-03-24 08:03:59'),
(1864, 4.780, '2026-03-24 20:10:44'),
(1865, 1.490, '2026-03-24 12:12:36'),
(1866, 9.390, '2026-03-24 14:23:16'),
(1867, 1.490, '2026-03-24 07:01:20'),
(1868, 1.290, '2026-03-24 19:04:31'),
(1869, 0.890, '2026-03-24 19:03:07'),
(1870, 6.000, '2026-03-24 20:52:59'),
(1871, 48.570, '2026-03-24 09:35:57'),
(1872, 35.280, '2026-03-24 13:11:04'),
(1873, 10.490, '2026-03-24 13:45:52'),
(1874, 3.990, '2026-03-24 17:55:15'),
(1875, 4.270, '2026-03-24 17:17:02'),
(1876, 13.490, '2026-03-24 11:47:46'),
(1877, 16.370, '2026-03-24 14:44:46'),
(1878, 1.590, '2026-03-24 19:33:42'),
(1879, 2.890, '2026-03-24 11:54:17'),
(1880, 8.740, '2026-03-24 06:26:44'),
(1881, 46.538, '2026-03-25 06:17:26'),
(1882, 27.095, '2026-03-25 17:11:43'),
(1883, 30.121, '2026-03-25 08:17:30'),
(1884, 52.031, '2026-03-25 17:44:36'),
(1885, 95.137, '2026-03-25 22:07:47'),
(1886, 54.570, '2026-03-25 11:12:51'),
(1887, 6.087, '2026-03-25 19:17:00'),
(1888, 18.511, '2026-03-25 02:17:53'),
(1889, 6.662, '2026-03-25 23:04:42'),
(1890, 27.011, '2026-03-25 08:18:51'),
(1891, 58.498, '2026-03-25 17:05:36'),
(1892, 65.381, '2026-03-25 11:42:22'),
(1893, 52.543, '2026-03-25 07:28:48'),
(1894, 73.269, '2026-03-25 20:09:31'),
(1895, 79.099, '2026-03-25 17:17:55'),
(1896, 93.400, '2026-03-25 11:43:09'),
(1897, 19.983, '2026-03-25 16:52:43'),
(1898, 9.680, '2026-03-25 20:54:06'),
(1899, 2.190, '2026-03-25 06:27:36'),
(1900, 5.660, '2026-03-25 12:57:16'),
(1901, 6.470, '2026-03-25 09:36:01'),
(1902, 71.390, '2026-03-25 08:15:20'),
(1903, 1.350, '2026-03-25 11:44:21'),
(1904, 5.180, '2026-03-25 11:56:44'),
(1905, 5.570, '2026-03-25 19:09:27'),
(1906, 3.180, '2026-03-25 08:32:49'),
(1907, 79.084, '2026-03-26 12:18:43'),
(1908, 60.738, '2026-03-26 23:22:04'),
(1909, 83.916, '2026-03-26 05:47:28'),
(1910, 11.079, '2026-03-26 17:25:43'),
(1911, 61.767, '2026-03-26 14:06:33'),
(1912, 44.405, '2026-03-26 00:51:21'),
(1913, 21.239, '2026-03-26 07:36:12'),
(1914, 65.072, '2026-03-26 18:32:15'),
(1915, 23.927, '2026-03-26 09:40:18'),
(1916, 31.011, '2026-03-26 12:10:41'),
(1917, 2.394, '2026-03-26 16:26:38'),
(1918, 127.638, '2026-03-26 17:23:53'),
(1919, 38.387, '2026-03-26 09:45:23'),
(1920, 80.910, '2026-03-26 16:57:20'),
(1921, 59.822, '2026-03-26 18:08:34'),
(1922, 1.490, '2026-03-26 06:34:04'),
(1923, 9.160, '2026-03-26 09:55:10'),
(1924, 12.350, '2026-03-26 20:34:25'),
(1925, 2.190, '2026-03-26 14:40:28'),
(1926, 3.990, '2026-03-26 16:33:16'),
(1927, 2.190, '2026-03-26 14:43:59'),
(1928, 4.770, '2026-03-26 14:28:40'),
(1929, 36.250, '2026-03-26 09:25:25'),
(1930, 47.545, '2026-03-27 20:21:01'),
(1931, 41.185, '2026-03-27 21:46:27'),
(1932, 17.358, '2026-03-27 20:03:43'),
(1933, 4.553, '2026-03-27 13:32:53'),
(1934, 32.962, '2026-03-27 19:44:36'),
(1935, 36.027, '2026-03-27 08:59:26'),
(1936, 60.005, '2026-03-27 15:50:03'),
(1937, 99.802, '2026-03-27 20:25:22'),
(1938, 24.779, '2026-03-27 15:07:38'),
(1939, 22.056, '2026-03-27 12:47:46'),
(1940, 3.480, '2026-03-27 18:31:15'),
(1941, 1.790, '2026-03-27 18:37:58'),
(1942, 1.190, '2026-03-27 15:11:03'),
(1943, 4.190, '2026-03-27 21:01:22'),
(1944, 3.380, '2026-03-27 09:46:11'),
(1945, 11.590, '2026-03-27 13:20:11'),
(1946, 1.390, '2026-03-27 11:31:48'),
(1947, 36.250, '2026-03-27 06:34:25'),
(1948, 2.580, '2026-03-27 15:48:45'),
(1949, 71.390, '2026-03-27 06:29:50'),
(1950, 6.270, '2026-03-27 12:08:30'),
(1951, 59.241, '2026-03-28 07:53:04'),
(1952, 69.701, '2026-03-28 18:26:01'),
(1953, 70.289, '2026-03-28 19:30:10'),
(1954, 29.192, '2026-03-28 06:19:55'),
(1955, 15.934, '2026-03-28 15:32:12'),
(1956, 12.971, '2026-03-28 09:04:02'),
(1957, 16.324, '2026-03-28 12:22:53'),
(1958, 91.181, '2026-03-28 18:01:02'),
(1959, 65.116, '2026-03-28 19:46:49'),
(1960, 25.837, '2026-03-28 16:13:54'),
(1961, 31.971, '2026-03-28 16:56:17'),
(1962, 57.586, '2026-03-28 09:06:32'),
(1963, 42.182, '2026-03-28 19:07:21'),
(1964, 11.783, '2026-03-28 10:26:04'),
(1965, 2.480, '2026-03-28 16:51:21'),
(1966, 2.490, '2026-03-28 09:38:49'),
(1967, 5.980, '2026-03-28 08:19:17'),
(1968, 1.590, '2026-03-28 13:35:05'),
(1969, 6.070, '2026-03-28 10:30:22'),
(1970, 19.480, '2026-03-28 14:24:02'),
(1971, 14.480, '2026-03-28 17:55:09'),
(1972, 4.880, '2026-03-28 15:27:21'),
(1973, 18.260, '2026-03-28 19:31:58'),
(1974, 18.900, '2026-03-28 15:32:37'),
(1975, 7.980, '2026-03-28 11:56:16'),
(1976, 4.270, '2026-03-28 11:21:30'),
(1977, 56.568, '2026-03-29 10:08:26'),
(1978, 84.646, '2026-03-29 10:44:28'),
(1979, 34.846, '2026-03-29 16:50:45'),
(1980, 65.814, '2026-03-29 21:46:38'),
(1981, 94.811, '2026-03-29 13:39:11'),
(1982, 5.530, '2026-03-29 09:16:27'),
(1983, 1.525, '2026-03-29 09:16:38'),
(1984, 5.333, '2026-03-29 07:15:08'),
(1985, 56.555, '2026-03-30 11:24:04'),
(1986, 21.313, '2026-03-30 10:05:53'),
(1987, 33.808, '2026-03-30 00:21:31'),
(1988, 37.828, '2026-03-30 20:07:12'),
(1989, 36.249, '2026-03-30 06:15:23'),
(1990, 65.282, '2026-03-30 05:50:23'),
(1991, 9.610, '2026-03-30 08:02:43'),
(1992, 15.583, '2026-03-30 08:41:36'),
(1993, 4.846, '2026-03-30 03:39:15'),
(1994, 2.628, '2026-03-30 22:23:36'),
(1995, 3.038, '2026-03-30 15:53:52'),
(1996, 22.719, '2026-03-30 16:05:58'),
(1997, 80.085, '2026-03-31 13:48:54'),
(1998, 20.962, '2026-03-31 16:27:56'),
(1999, 44.476, '2026-03-31 17:52:30'),
(2000, 53.396, '2026-03-31 08:19:17');
INSERT INTO `Transaction` (`id_transaction`, `prix_total`, `date_heure`) VALUES
(2001, 53.576, '2026-03-31 07:58:42'),
(2002, 46.410, '2026-03-31 13:53:16'),
(2003, 9.502, '2026-03-31 09:06:59'),
(2004, 34.401, '2026-03-31 06:46:22'),
(2005, 14.034, '2026-03-31 22:36:28'),
(2006, 8.212, '2026-03-31 00:37:32'),
(2007, 87.507, '2026-03-31 09:15:13'),
(2008, 66.265, '2026-03-31 08:46:48'),
(2009, 43.604, '2026-03-31 06:22:37'),
(2010, 55.902, '2026-03-31 17:05:09'),
(2011, 51.299, '2026-03-31 08:57:02'),
(2012, 1.790, '2026-03-31 11:13:42'),
(2013, 6.890, '2026-03-31 17:47:04'),
(2014, 39.900, '2026-03-31 19:40:58'),
(2015, 8.970, '2026-03-31 11:25:58'),
(2016, 7.660, '2026-03-31 17:37:21'),
(2017, 35.790, '2026-03-31 10:27:03'),
(2018, 8.820, '2026-03-31 13:34:09'),
(2019, 3.990, '2026-03-31 07:50:37'),
(2020, 2.780, '2026-03-31 17:53:43'),
(2021, 1.490, '2026-03-31 15:19:51'),
(2022, 1.350, '2026-03-31 12:02:02'),
(2023, 8.670, '2026-03-31 17:28:51'),
(2024, 1.350, '2026-03-31 17:09:28'),
(2025, 2.680, '2026-03-31 08:14:40'),
(2026, 10.470, '2026-03-31 08:47:28'),
(2027, 5.580, '2026-03-31 09:34:26'),
(2028, 3.480, '2026-03-31 08:25:12'),
(2029, 60.893, '2026-04-01 07:40:05'),
(2030, 72.591, '2026-04-01 07:58:37'),
(2031, 26.633, '2026-04-01 12:28:43'),
(2032, 93.236, '2026-04-01 21:00:34'),
(2033, 65.274, '2026-04-01 19:10:36'),
(2034, 33.369, '2026-04-01 21:37:17'),
(2035, 20.601, '2026-04-01 11:56:51'),
(2036, 1.885, '2026-04-01 09:22:49'),
(2037, 35.124, '2026-04-01 16:54:22'),
(2038, 28.122, '2026-04-01 12:01:46'),
(2039, 34.414, '2026-04-01 18:04:02'),
(2040, 65.544, '2026-04-01 10:17:25'),
(2041, 99.194, '2026-04-01 13:22:42'),
(2042, 84.659, '2026-04-01 19:25:28'),
(2043, 96.444, '2026-04-01 06:02:16'),
(2044, 29.997, '2026-04-01 18:44:34'),
(2045, 14.362, '2026-04-01 12:00:36'),
(2046, 73.252, '2026-04-01 13:06:55'),
(2047, 27.048, '2026-04-01 15:34:37'),
(2048, 31.326, '2026-04-01 12:09:54'),
(2049, 88.854, '2026-04-01 11:34:40'),
(2050, 8.170, '2026-04-01 18:48:07'),
(2051, 34.900, '2026-04-01 08:41:18'),
(2052, 3.490, '2026-04-01 11:49:28'),
(2053, 9.760, '2026-04-01 19:16:40'),
(2054, 6.960, '2026-04-01 20:37:46'),
(2055, 1.990, '2026-04-01 13:14:09'),
(2056, 17.870, '2026-04-01 20:15:28'),
(2057, 1.490, '2026-04-01 12:05:25'),
(2058, 25.950, '2026-04-01 20:01:59'),
(2059, 5.360, '2026-04-01 09:40:19'),
(2060, 2.490, '2026-04-01 13:06:44'),
(2061, 42.060, '2026-04-01 13:24:55'),
(2062, 16.950, '2026-04-01 17:52:13'),
(2063, 10.480, '2026-04-01 20:57:18'),
(2064, 9.970, '2026-04-01 10:58:52'),
(2065, 8.860, '2026-04-01 15:43:22'),
(2066, 61.977, '2026-04-02 06:27:10'),
(2067, 23.896, '2026-04-02 17:28:16'),
(2068, 29.913, '2026-04-02 09:21:37'),
(2069, 30.198, '2026-04-02 03:33:13'),
(2070, 8.977, '2026-04-02 04:25:17'),
(2071, 31.806, '2026-04-02 06:30:58'),
(2072, 62.513, '2026-04-02 11:03:58'),
(2073, 85.836, '2026-04-02 19:12:14'),
(2074, 39.529, '2026-04-02 12:11:34'),
(2075, 28.048, '2026-04-02 19:36:43'),
(2076, 98.228, '2026-04-02 14:20:05'),
(2077, 35.095, '2026-04-02 06:18:42'),
(2078, 72.099, '2026-04-02 06:08:07'),
(2079, 25.085, '2026-04-02 16:13:12'),
(2080, 16.772, '2026-04-02 16:02:29'),
(2081, 27.164, '2026-04-02 17:36:57'),
(2082, 65.595, '2026-04-02 18:06:09'),
(2083, 85.066, '2026-04-02 11:06:33'),
(2084, 13.470, '2026-04-02 07:41:39'),
(2085, 30.280, '2026-04-02 08:15:08'),
(2086, 1.290, '2026-04-02 11:02:01'),
(2087, 8.100, '2026-04-02 16:03:19'),
(2088, 1.350, '2026-04-02 06:44:29'),
(2089, 11.650, '2026-04-02 14:40:59'),
(2090, 2.400, '2026-04-02 16:12:58'),
(2091, 3.990, '2026-04-02 17:48:19'),
(2092, 4.670, '2026-04-02 20:58:02'),
(2093, 2.780, '2026-04-02 16:29:54'),
(2094, 8.170, '2026-04-02 13:04:16'),
(2095, 94.664, '2026-04-03 21:03:23'),
(2096, 75.218, '2026-04-03 23:36:18'),
(2097, 64.349, '2026-04-03 04:40:02'),
(2098, 15.384, '2026-04-03 04:49:20'),
(2099, 77.188, '2026-04-03 04:50:27'),
(2100, 27.685, '2026-04-03 00:30:03'),
(2101, 11.277, '2026-04-03 13:25:33'),
(2102, 4.825, '2026-04-03 23:07:17'),
(2103, 60.591, '2026-04-03 10:35:22'),
(2104, 24.820, '2026-04-03 15:32:39'),
(2105, 31.081, '2026-04-03 19:52:59'),
(2106, 32.688, '2026-04-03 14:10:48'),
(2107, 97.572, '2026-04-03 10:16:03'),
(2108, 44.210, '2026-04-03 20:33:13'),
(2109, 22.455, '2026-04-03 16:07:15'),
(2110, 17.470, '2026-04-03 11:57:34'),
(2111, 6.970, '2026-04-03 11:34:36'),
(2112, 36.190, '2026-04-03 21:19:35'),
(2113, 3.190, '2026-04-03 10:27:28'),
(2114, 13.170, '2026-04-03 07:23:18'),
(2115, 7.650, '2026-04-03 15:59:10'),
(2116, 2.190, '2026-04-03 07:45:47'),
(2117, 75.070, '2026-04-03 17:08:13'),
(2118, 15.090, '2026-04-03 17:57:56'),
(2119, 7.770, '2026-04-03 16:28:47'),
(2120, 3.590, '2026-04-03 08:59:27'),
(2121, 36.060, '2026-04-03 09:35:52'),
(2122, 8.490, '2026-04-03 19:12:42'),
(2123, 2.190, '2026-04-03 13:51:39'),
(2124, 26.181, '2026-04-04 07:42:39'),
(2125, 41.732, '2026-04-04 16:29:42'),
(2126, 39.683, '2026-04-04 16:20:59'),
(2127, 39.688, '2026-04-04 22:04:26'),
(2128, 33.879, '2026-04-04 13:40:20'),
(2129, 15.176, '2026-04-04 01:57:30'),
(2130, 63.330, '2026-04-04 23:39:11'),
(2131, 23.334, '2026-04-04 04:36:11'),
(2132, 14.349, '2026-04-04 12:20:48'),
(2133, 5.617, '2026-04-04 01:36:09'),
(2134, 95.223, '2026-04-04 08:37:37'),
(2135, 32.085, '2026-04-04 16:57:10'),
(2136, 32.070, '2026-04-04 13:08:50'),
(2137, 87.728, '2026-04-04 20:09:48'),
(2138, 93.620, '2026-04-04 08:47:19'),
(2139, 42.335, '2026-04-04 20:37:31'),
(2140, 88.854, '2026-04-04 21:47:45'),
(2141, 3.730, '2026-04-04 08:23:40'),
(2142, 4.570, '2026-04-04 15:30:25'),
(2143, 2.000, '2026-04-04 13:52:45'),
(2144, 1.290, '2026-04-04 12:00:27'),
(2145, 5.680, '2026-04-04 11:54:16'),
(2146, 10.960, '2026-04-04 07:57:55'),
(2147, 10.000, '2026-04-04 17:09:46'),
(2148, 8.190, '2026-04-04 11:52:31'),
(2149, 12.360, '2026-04-04 20:20:56'),
(2150, 9.260, '2026-04-04 10:25:00'),
(2151, 1.290, '2026-04-04 19:15:05'),
(2152, 7.780, '2026-04-04 14:25:15'),
(2153, 1.990, '2026-04-04 09:22:33'),
(2154, 14.170, '2026-04-04 15:24:35'),
(2155, 4.470, '2026-04-04 07:46:13'),
(2156, 58.541, '2026-04-05 10:41:53'),
(2157, 72.122, '2026-04-05 13:44:09'),
(2158, 35.871, '2026-04-05 08:13:24'),
(2159, 33.311, '2026-04-05 12:04:17'),
(2160, 72.528, '2026-04-05 01:22:00'),
(2161, 35.249, '2026-04-05 07:36:25'),
(2162, 89.792, '2026-04-05 21:22:35'),
(2163, 87.927, '2026-04-05 03:16:44'),
(2164, 24.192, '2026-04-05 08:46:40'),
(2165, 3.126, '2026-04-05 23:26:54'),
(2166, 30.009, '2026-04-05 22:16:39'),
(2167, 2.215, '2026-04-05 20:07:03'),
(2168, 15.740, '2026-04-06 08:53:52'),
(2169, 38.478, '2026-04-06 21:42:08'),
(2170, 40.564, '2026-04-06 13:23:42'),
(2171, 43.185, '2026-04-06 04:29:04'),
(2172, 25.313, '2026-04-06 08:13:21'),
(2173, 65.475, '2026-04-06 07:05:20'),
(2174, 8.889, '2026-04-06 10:00:47'),
(2175, 8.503, '2026-04-06 04:44:06'),
(2176, 41.175, '2026-04-07 04:41:20'),
(2177, 94.399, '2026-04-07 18:56:31'),
(2178, 13.963, '2026-04-07 14:03:51'),
(2179, 27.532, '2026-04-07 07:57:32'),
(2180, 57.885, '2026-04-07 15:52:58'),
(2181, 51.189, '2026-04-07 22:36:59'),
(2182, 7.123, '2026-04-07 04:13:01'),
(2183, 32.299, '2026-04-07 07:03:57'),
(2184, 24.478, '2026-04-07 06:19:43'),
(2185, 63.631, '2026-04-07 11:12:07'),
(2186, 82.274, '2026-04-07 16:36:40'),
(2187, 84.100, '2026-04-07 16:25:33'),
(2188, 95.202, '2026-04-07 16:21:14'),
(2189, 77.566, '2026-04-07 20:12:20'),
(2190, 46.947, '2026-04-07 13:49:32'),
(2191, 57.973, '2026-04-07 18:44:14'),
(2192, 56.780, '2026-04-07 13:36:14'),
(2193, 75.733, '2026-04-07 11:38:03'),
(2194, 91.144, '2026-04-07 16:12:55'),
(2195, 87.330, '2026-04-07 18:04:48'),
(2196, 10.160, '2026-04-07 12:31:49'),
(2197, 1.290, '2026-04-07 16:01:25'),
(2198, 5.180, '2026-04-07 16:13:37'),
(2199, 5.180, '2026-04-07 12:07:55'),
(2200, 4.070, '2026-04-07 20:04:28'),
(2201, 3.080, '2026-04-07 19:41:44'),
(2202, 2.990, '2026-04-07 13:06:43'),
(2203, 57.475, '2026-04-08 02:57:24'),
(2204, 79.955, '2026-04-08 01:44:40'),
(2205, 39.134, '2026-04-08 10:40:08'),
(2206, 1.907, '2026-04-08 06:27:04'),
(2207, 6.316, '2026-04-08 01:49:52'),
(2208, 98.560, '2026-04-08 11:07:28'),
(2209, 82.243, '2026-04-08 19:13:00'),
(2210, 84.780, '2026-04-08 16:17:35'),
(2211, 21.317, '2026-04-08 07:37:24'),
(2212, 50.272, '2026-04-08 06:11:37'),
(2213, 83.370, '2026-04-08 06:00:30'),
(2214, 90.235, '2026-04-08 18:11:25'),
(2215, 61.190, '2026-04-08 09:27:57'),
(2216, 6.590, '2026-04-08 06:52:11'),
(2217, 6.870, '2026-04-08 11:00:48'),
(2218, 6.000, '2026-04-08 10:33:12'),
(2219, 7.380, '2026-04-08 19:29:16'),
(2220, 4.980, '2026-04-08 20:56:21'),
(2221, 5.870, '2026-04-08 15:56:30');
ALTER TABLE `Transaction` AUTO_INCREMENT = 2222;

-- ============================================================
--  TRANSACTION CCE (66 paiements CCE)
-- ============================================================
INSERT INTO `TransactionCCE` (`id_transaction`, `id_carte_CE`) VALUES
(1, 2),
(2, 4),
(21, 6),
(54, 7),
(81, 6),
(87, 4),
(91, 3),
(93, 1),
(96, 1),
(100, 1),
(111, 2),
(129, 1),
(136, 1),
(138, 1),
(160, 6),
(164, 2),
(171, 1),
(176, 4),
(193, 3),
(218, 6),
(232, 7),
(238, 1),
(291, 7),
(292, 1),
(375, 8),
(389, 2),
(391, 3),
(407, 7),
(408, 7),
(414, 8),
(416, 6),
(441, 8),
(444, 3),
(453, 6),
(463, 8),
(500, 8),
(571, 6),
(667, 4),
(674, 1),
(687, 7),
(699, 6),
(727, 1),
(728, 3),
(788, 2),
(816, 1),
(818, 3),
(822, 5),
(848, 7),
(874, 8),
(895, 8),
(916, 3),
(923, 3),
(1051, 8),
(1095, 3),
(1171, 2),
(1179, 2),
(1198, 4),
(1214, 2),
(1234, 3),
(1412, 1),
(1556, 2),
(1695, 6),
(1910, 4),
(1917, 7),
(1955, 3),
(2036, 3);

-- ============================================================
--  TRANSACTION ENERGIE (1422 transactions énergie)
-- ============================================================
INSERT INTO `TransactionEnergie` (`id_transaction_energie`, `id_transaction`, `id_energie`, `quantite_delivree`, `temps_charge`, `statut`, `id_pompe`) VALUES
(1, 1, 1, 43.370, '00:00:00', 'payee', 3),
(2, 2, 1, 36.572, '00:00:00', 'payee', 3),
(3, 3, 5, 18.948, '00:00:00', 'payee', 4),
(4, 4, 2, 41.416, '00:00:00', 'payee', 4),
(5, 5, 3, 14.599, '00:00:00', 'payee', 4),
(6, 6, 1, 42.838, '00:00:00', 'payee', 3),
(7, 7, 5, 49.845, '00:00:00', 'payee', 4),
(8, 8, 2, 44.788, '00:00:00', 'payee', 3),
(9, 9, 7, 9.066, '00:45:00', 'payee', 14),
(10, 10, 6, 40.457, '00:26:00', 'payee', 7),
(11, 11, 2, 40.808, '00:00:00', 'payee', 3),
(12, 12, 4, 22.048, '00:00:00', 'payee', 3),
(13, 13, 4, 27.803, '00:00:00', 'payee', 4),
(14, 14, 5, 21.823, '00:00:00', 'payee', 4),
(15, 15, 5, 32.208, '00:00:00', 'payee', 3),
(16, 16, 4, 36.838, '00:00:00', 'payee', 4),
(17, 17, 5, 48.735, '00:00:00', 'payee', 3),
(18, 18, 3, 15.020, '00:00:00', 'payee', 4),
(19, 19, 7, 29.297, '02:26:00', 'payee', 13),
(20, 20, 7, 26.042, '02:10:00', 'payee', 13),
(21, 21, 6, 39.947, '00:26:00', 'payee', 12),
(22, 22, 7, 10.986, '00:54:00', 'payee', 13),
(23, 23, 6, 58.899, '00:39:00', 'payee', 7),
(24, 24, 6, 23.253, '00:15:00', 'payee', 11),
(25, 25, 3, 29.950, '00:00:00', 'payee', 2),
(26, 26, 2, 21.235, '00:00:00', 'payee', 2),
(27, 27, 3, 13.543, '00:00:00', 'payee', 1),
(28, 28, 2, 49.231, '00:00:00', 'payee', 2),
(29, 29, 1, 43.668, '00:00:00', 'payee', 1),
(30, 30, 1, 32.157, '00:00:00', 'payee', 1),
(31, 31, 2, 28.949, '00:00:00', 'payee', 2),
(32, 48, 2, 51.659, '00:00:00', 'payee', 3),
(33, 49, 4, 11.115, '00:00:00', 'payee', 4),
(34, 50, 2, 22.006, '00:00:00', 'payee', 3),
(35, 51, 2, 18.981, '00:00:00', 'payee', 4),
(36, 52, 2, 11.065, '00:00:00', 'payee', 3),
(37, 53, 3, 25.802, '00:00:00', 'payee', 4),
(38, 54, 6, 39.029, '00:26:00', 'payee', 9),
(39, 55, 7, 15.910, '01:19:00', 'payee', 13),
(40, 56, 7, 5.042, '00:25:00', 'payee', 13),
(41, 57, 7, 20.579, '01:42:00', 'payee', 13),
(42, 58, 7, 22.430, '01:52:00', 'payee', 13),
(43, 59, 6, 40.776, '00:27:00', 'payee', 9),
(44, 60, 4, 49.288, '00:00:00', 'payee', 2),
(45, 61, 5, 33.659, '00:00:00', 'payee', 1),
(46, 62, 5, 26.759, '00:00:00', 'payee', 1),
(47, 63, 2, 11.221, '00:00:00', 'payee', 1),
(48, 64, 1, 32.771, '00:00:00', 'payee', 1),
(49, 65, 2, 17.379, '00:00:00', 'payee', 1),
(50, 66, 4, 20.942, '00:00:00', 'payee', 2),
(51, 80, 1, 41.374, '00:00:00', 'payee', 4),
(52, 81, 1, 25.624, '00:00:00', 'payee', 4),
(53, 82, 4, 14.749, '00:00:00', 'payee', 4),
(54, 83, 4, 17.926, '00:00:00', 'payee', 4),
(55, 84, 4, 29.601, '00:00:00', 'payee', 4),
(56, 85, 1, 22.552, '00:00:00', 'payee', 4),
(57, 86, 4, 25.138, '00:00:00', 'payee', 4),
(58, 87, 3, 25.315, '00:00:00', 'payee', 4),
(59, 88, 7, 17.214, '01:26:00', 'payee', 13),
(60, 89, 6, 14.653, '00:09:00', 'payee', 8),
(61, 90, 7, 16.832, '01:24:00', 'payee', 14),
(62, 91, 3, 20.374, '00:00:00', 'payee', 3),
(63, 92, 4, 22.442, '00:00:00', 'payee', 4),
(64, 93, 2, 23.602, '00:00:00', 'payee', 3),
(65, 94, 2, 38.704, '00:00:00', 'payee', 4),
(66, 95, 4, 29.821, '00:00:00', 'payee', 3),
(67, 96, 6, 51.106, '00:34:00', 'payee', 11),
(68, 97, 7, 7.130, '00:35:00', 'payee', 13),
(69, 98, 6, 48.785, '00:32:00', 'payee', 11),
(70, 99, 7, 12.635, '01:03:00', 'payee', 13),
(71, 100, 1, 17.068, '00:00:00', 'payee', 3),
(72, 101, 5, 31.146, '00:00:00', 'payee', 3),
(73, 102, 1, 40.932, '00:00:00', 'payee', 4),
(74, 103, 2, 29.131, '00:00:00', 'payee', 3),
(75, 104, 6, 12.982, '00:08:00', 'payee', 9),
(76, 105, 7, 8.109, '00:40:00', 'payee', 14),
(77, 106, 7, 7.011, '00:35:00', 'payee', 13),
(78, 107, 6, 21.446, '00:14:00', 'payee', 5),
(79, 108, 4, 35.948, '00:00:00', 'payee', 2),
(80, 109, 4, 41.739, '00:00:00', 'payee', 2),
(81, 110, 3, 26.053, '00:00:00', 'payee', 1),
(82, 111, 4, 24.411, '00:00:00', 'payee', 2),
(83, 112, 3, 22.620, '00:00:00', 'payee', 1),
(84, 113, 1, 42.883, '00:00:00', 'payee', 2),
(85, 128, 2, 43.604, '00:00:00', 'payee', 4),
(86, 129, 4, 17.486, '00:00:00', 'payee', 4),
(87, 130, 4, 16.551, '00:00:00', 'payee', 4),
(88, 131, 1, 37.427, '00:00:00', 'payee', 4),
(89, 132, 2, 20.448, '00:00:00', 'payee', 4),
(90, 133, 4, 50.554, '00:00:00', 'payee', 3),
(91, 134, 3, 38.752, '00:00:00', 'payee', 4),
(92, 135, 4, 14.799, '00:00:00', 'payee', 4),
(93, 136, 7, 5.548, '00:27:00', 'payee', 14),
(94, 137, 7, 25.821, '02:09:00', 'payee', 14),
(95, 138, 6, 41.045, '00:27:00', 'payee', 7),
(96, 139, 6, 38.979, '00:25:00', 'payee', 7),
(97, 140, 2, 16.608, '00:00:00', 'payee', 2),
(98, 141, 3, 55.702, '00:00:00', 'payee', 2),
(99, 142, 3, 50.212, '00:00:00', 'payee', 2),
(100, 143, 2, 53.007, '00:00:00', 'payee', 2),
(101, 144, 1, 49.534, '00:00:00', 'payee', 1),
(102, 145, 5, 29.051, '00:00:00', 'payee', 2),
(103, 160, 1, 24.495, '00:00:00', 'payee', 3),
(104, 161, 5, 23.270, '00:00:00', 'payee', 4),
(105, 162, 5, 42.438, '00:00:00', 'payee', 3),
(106, 163, 4, 27.943, '00:00:00', 'payee', 3),
(107, 164, 2, 40.907, '00:00:00', 'payee', 4),
(108, 165, 3, 46.530, '00:00:00', 'payee', 3),
(109, 166, 6, 30.540, '00:20:00', 'payee', 11),
(110, 167, 6, 38.896, '00:25:00', 'payee', 8),
(111, 168, 5, 28.378, '00:00:00', 'payee', 2),
(112, 169, 5, 58.727, '00:00:00', 'payee', 1),
(113, 170, 3, 11.448, '00:00:00', 'payee', 2),
(114, 171, 3, 10.305, '00:00:00', 'payee', 1),
(115, 172, 1, 47.306, '00:00:00', 'payee', 1),
(116, 173, 3, 25.582, '00:00:00', 'payee', 2),
(117, 174, 1, 17.779, '00:00:00', 'payee', 1),
(118, 175, 4, 34.283, '00:00:00', 'payee', 2),
(119, 176, 1, 27.259, '00:00:00', 'payee', 1),
(120, 186, 1, 25.837, '00:00:00', 'payee', 3),
(121, 187, 3, 13.453, '00:00:00', 'payee', 3),
(122, 188, 5, 52.940, '00:00:00', 'payee', 3),
(123, 189, 3, 37.225, '00:00:00', 'payee', 3),
(124, 190, 3, 54.207, '00:00:00', 'payee', 3),
(125, 191, 7, 29.775, '02:28:00', 'payee', 13),
(126, 192, 7, 21.972, '01:49:00', 'payee', 13),
(127, 193, 7, 12.104, '01:00:00', 'payee', 13),
(128, 194, 7, 29.192, '02:25:00', 'payee', 14),
(129, 195, 7, 18.973, '01:34:00', 'payee', 14),
(130, 196, 6, 42.301, '00:28:00', 'payee', 11),
(131, 197, 3, 57.383, '00:00:00', 'payee', 2),
(132, 198, 5, 48.544, '00:00:00', 'payee', 1),
(133, 199, 2, 39.862, '00:00:00', 'payee', 1),
(134, 200, 4, 21.700, '00:00:00', 'payee', 1),
(135, 201, 3, 48.906, '00:00:00', 'payee', 2),
(136, 202, 5, 16.920, '00:00:00', 'payee', 2),
(137, 203, 3, 14.194, '00:00:00', 'payee', 1),
(138, 215, 4, 38.428, '00:00:00', 'payee', 3),
(139, 216, 1, 23.205, '00:00:00', 'payee', 3),
(140, 217, 5, 27.920, '00:00:00', 'payee', 4),
(141, 218, 1, 48.961, '00:00:00', 'payee', 4),
(142, 219, 4, 50.259, '00:00:00', 'payee', 4),
(143, 220, 3, 51.594, '00:00:00', 'payee', 4),
(144, 221, 2, 34.546, '00:00:00', 'payee', 4),
(145, 222, 4, 17.499, '00:00:00', 'payee', 4),
(146, 223, 7, 11.864, '00:59:00', 'payee', 13),
(147, 224, 6, 57.639, '00:38:00', 'payee', 7),
(148, 225, 6, 21.800, '00:14:00', 'payee', 10),
(149, 226, 6, 43.953, '00:29:00', 'payee', 10),
(150, 227, 7, 14.951, '01:14:00', 'payee', 14),
(151, 228, 5, 29.349, '00:00:00', 'payee', 1),
(152, 229, 2, 52.641, '00:00:00', 'payee', 2),
(153, 230, 2, 45.590, '00:00:00', 'payee', 1),
(154, 231, 2, 49.603, '00:00:00', 'payee', 1),
(155, 232, 5, 28.446, '00:00:00', 'payee', 1),
(156, 233, 4, 36.285, '00:00:00', 'payee', 2),
(157, 234, 3, 42.117, '00:00:00', 'payee', 2),
(158, 235, 5, 41.990, '00:00:00', 'payee', 1),
(159, 236, 1, 51.570, '00:00:00', 'payee', 1),
(160, 237, 5, 54.746, '00:00:00', 'payee', 1),
(161, 238, 5, 17.710, '00:00:00', 'payee', 2),
(162, 245, 1, 52.535, '00:00:00', 'payee', 4),
(163, 246, 3, 32.270, '00:00:00', 'payee', 4),
(164, 247, 4, 16.027, '00:00:00', 'payee', 4),
(165, 248, 1, 35.663, '00:00:00', 'payee', 3),
(166, 249, 4, 44.398, '00:00:00', 'payee', 4),
(167, 250, 4, 26.794, '00:00:00', 'payee', 4),
(168, 251, 7, 17.502, '01:27:00', 'payee', 13),
(169, 252, 7, 8.724, '00:43:00', 'payee', 13),
(170, 253, 5, 25.137, '00:00:00', 'payee', 4),
(171, 254, 3, 24.906, '00:00:00', 'payee', 3),
(172, 255, 1, 36.861, '00:00:00', 'payee', 4),
(173, 256, 2, 42.463, '00:00:00', 'payee', 4),
(174, 257, 4, 16.650, '00:00:00', 'payee', 3),
(175, 258, 1, 29.847, '00:00:00', 'payee', 4),
(176, 259, 5, 51.423, '00:00:00', 'payee', 3),
(177, 260, 4, 33.646, '00:00:00', 'payee', 4),
(178, 261, 7, 21.897, '01:49:00', 'payee', 14),
(179, 262, 7, 18.952, '01:34:00', 'payee', 13),
(180, 263, 7, 12.926, '01:04:00', 'payee', 14),
(181, 264, 7, 12.195, '01:00:00', 'payee', 14),
(182, 265, 3, 52.989, '00:00:00', 'payee', 3),
(183, 266, 4, 19.629, '00:00:00', 'payee', 4),
(184, 267, 5, 20.768, '00:00:00', 'payee', 3),
(185, 268, 4, 24.863, '00:00:00', 'payee', 4),
(186, 269, 2, 28.311, '00:00:00', 'payee', 4),
(187, 270, 7, 12.135, '01:00:00', 'payee', 13),
(188, 271, 6, 55.661, '00:37:00', 'payee', 7),
(189, 272, 4, 19.316, '00:00:00', 'payee', 2),
(190, 273, 5, 15.365, '00:00:00', 'payee', 2),
(191, 274, 1, 26.534, '00:00:00', 'payee', 2),
(192, 275, 3, 49.538, '00:00:00', 'payee', 1),
(193, 276, 2, 10.342, '00:00:00', 'payee', 2),
(194, 277, 2, 13.106, '00:00:00', 'payee', 1),
(195, 278, 5, 56.155, '00:00:00', 'payee', 2),
(196, 279, 3, 28.377, '00:00:00', 'payee', 1),
(197, 280, 3, 30.792, '00:00:00', 'payee', 2),
(198, 281, 2, 48.093, '00:00:00', 'payee', 1),
(199, 288, 1, 40.723, '00:00:00', 'payee', 3),
(200, 289, 4, 33.798, '00:00:00', 'payee', 3),
(201, 290, 4, 40.307, '00:00:00', 'payee', 4),
(202, 291, 3, 16.980, '00:00:00', 'payee', 3),
(203, 292, 2, 19.274, '00:00:00', 'payee', 3),
(204, 293, 4, 29.753, '00:00:00', 'payee', 3),
(205, 294, 7, 19.437, '01:37:00', 'payee', 14),
(206, 295, 6, 30.678, '00:20:00', 'payee', 9),
(207, 296, 6, 41.300, '00:27:00', 'payee', 11),
(208, 297, 7, 24.645, '02:03:00', 'payee', 14),
(209, 298, 7, 11.024, '00:55:00', 'payee', 13),
(210, 299, 5, 30.634, '00:00:00', 'payee', 2),
(211, 300, 3, 20.167, '00:00:00', 'payee', 1),
(212, 301, 1, 23.423, '00:00:00', 'payee', 1),
(213, 302, 5, 46.215, '00:00:00', 'payee', 1),
(214, 308, 2, 27.093, '00:00:00', 'payee', 3),
(215, 309, 3, 21.580, '00:00:00', 'payee', 4),
(216, 310, 3, 17.617, '00:00:00', 'payee', 4),
(217, 311, 1, 33.577, '00:00:00', 'payee', 3),
(218, 312, 6, 13.398, '00:08:00', 'payee', 7),
(219, 313, 7, 21.482, '01:47:00', 'payee', 13),
(220, 314, 7, 18.393, '01:31:00', 'payee', 14),
(221, 315, 6, 15.351, '00:10:00', 'payee', 6),
(222, 316, 3, 23.366, '00:00:00', 'payee', 2),
(223, 317, 1, 42.687, '00:00:00', 'payee', 1),
(224, 318, 4, 52.266, '00:00:00', 'payee', 2),
(225, 319, 1, 21.488, '00:00:00', 'payee', 2),
(226, 320, 2, 56.438, '00:00:00', 'payee', 2),
(227, 321, 4, 56.444, '00:00:00', 'payee', 2),
(228, 322, 5, 26.586, '00:00:00', 'payee', 1),
(229, 323, 5, 47.273, '00:00:00', 'payee', 2),
(230, 341, 5, 54.262, '00:00:00', 'payee', 4),
(231, 342, 1, 21.643, '00:00:00', 'payee', 3),
(232, 343, 5, 41.070, '00:00:00', 'payee', 3),
(233, 344, 4, 51.425, '00:00:00', 'payee', 3),
(234, 345, 3, 25.438, '00:00:00', 'payee', 3),
(235, 346, 4, 24.351, '00:00:00', 'payee', 4),
(236, 347, 3, 39.159, '00:00:00', 'payee', 3),
(237, 348, 7, 28.962, '02:24:00', 'payee', 13),
(238, 349, 7, 14.890, '01:14:00', 'payee', 13),
(239, 350, 2, 23.917, '00:00:00', 'payee', 1),
(240, 351, 2, 28.290, '00:00:00', 'payee', 1),
(241, 352, 4, 36.386, '00:00:00', 'payee', 2),
(242, 353, 1, 27.396, '00:00:00', 'payee', 2),
(243, 354, 3, 55.934, '00:00:00', 'payee', 1),
(244, 355, 3, 15.847, '00:00:00', 'payee', 2),
(245, 356, 5, 16.893, '00:00:00', 'payee', 2),
(246, 373, 3, 48.255, '00:00:00', 'payee', 4),
(247, 374, 4, 22.084, '00:00:00', 'payee', 4),
(248, 375, 4, 45.474, '00:00:00', 'payee', 3),
(249, 376, 6, 32.064, '00:21:00', 'payee', 5),
(250, 377, 7, 8.974, '00:44:00', 'payee', 14),
(251, 378, 6, 12.589, '00:08:00', 'payee', 9),
(252, 379, 6, 20.671, '00:13:00', 'payee', 6),
(253, 380, 6, 10.403, '00:06:00', 'payee', 10),
(254, 381, 1, 21.447, '00:00:00', 'payee', 1),
(255, 382, 3, 54.049, '00:00:00', 'payee', 1),
(256, 383, 2, 42.079, '00:00:00', 'payee', 1),
(257, 384, 4, 52.998, '00:00:00', 'payee', 1),
(258, 385, 5, 46.500, '00:00:00', 'payee', 2),
(259, 386, 2, 23.848, '00:00:00', 'payee', 1),
(260, 387, 2, 35.887, '00:00:00', 'payee', 1),
(261, 388, 2, 34.744, '00:00:00', 'payee', 1),
(262, 389, 5, 31.043, '00:00:00', 'payee', 1),
(263, 390, 1, 23.109, '00:00:00', 'payee', 1),
(264, 391, 3, 41.429, '00:00:00', 'payee', 2),
(265, 401, 2, 18.053, '00:00:00', 'payee', 3),
(266, 402, 4, 20.103, '00:00:00', 'payee', 3),
(267, 403, 1, 35.719, '00:00:00', 'payee', 3),
(268, 404, 5, 54.164, '00:00:00', 'payee', 4),
(269, 405, 3, 24.729, '00:00:00', 'payee', 4),
(270, 406, 7, 23.489, '01:57:00', 'payee', 13),
(271, 407, 6, 46.623, '00:31:00', 'payee', 8),
(272, 408, 7, 20.899, '01:44:00', 'payee', 13),
(273, 409, 7, 7.599, '00:37:00', 'payee', 13),
(274, 410, 7, 7.326, '00:36:00', 'payee', 13),
(275, 411, 5, 14.301, '00:00:00', 'payee', 3),
(276, 412, 1, 29.574, '00:00:00', 'payee', 3),
(277, 413, 4, 41.533, '00:00:00', 'payee', 4),
(278, 414, 2, 45.097, '00:00:00', 'payee', 3),
(279, 415, 1, 34.117, '00:00:00', 'payee', 3),
(280, 416, 1, 17.093, '00:00:00', 'payee', 4),
(281, 417, 2, 53.578, '00:00:00', 'payee', 4),
(282, 418, 1, 52.844, '00:00:00', 'payee', 4),
(283, 419, 6, 50.195, '00:33:00', 'payee', 7),
(284, 420, 7, 14.306, '01:11:00', 'payee', 13),
(285, 421, 1, 17.560, '00:00:00', 'payee', 4),
(286, 422, 2, 25.927, '00:00:00', 'payee', 3),
(287, 423, 1, 37.635, '00:00:00', 'payee', 3),
(288, 424, 7, 6.524, '00:32:00', 'payee', 14),
(289, 425, 6, 41.538, '00:27:00', 'payee', 5),
(290, 426, 7, 13.601, '01:08:00', 'payee', 14),
(291, 427, 6, 11.465, '00:07:00', 'payee', 9),
(292, 428, 6, 58.699, '00:39:00', 'payee', 6),
(293, 429, 2, 38.785, '00:00:00', 'payee', 2),
(294, 430, 5, 25.900, '00:00:00', 'payee', 2),
(295, 431, 3, 57.378, '00:00:00', 'payee', 1),
(296, 432, 4, 37.106, '00:00:00', 'payee', 1),
(297, 438, 2, 37.107, '00:00:00', 'payee', 3),
(298, 439, 2, 24.903, '00:00:00', 'payee', 3),
(299, 440, 1, 46.975, '00:00:00', 'payee', 4),
(300, 441, 3, 21.550, '00:00:00', 'payee', 3),
(301, 442, 4, 32.189, '00:00:00', 'payee', 4),
(302, 443, 5, 39.294, '00:00:00', 'payee', 3),
(303, 444, 3, 10.904, '00:00:00', 'payee', 4),
(304, 445, 6, 46.599, '00:31:00', 'payee', 6),
(305, 446, 6, 31.566, '00:21:00', 'payee', 7),
(306, 447, 2, 58.720, '00:00:00', 'payee', 2),
(307, 448, 5, 23.263, '00:00:00', 'payee', 2),
(308, 449, 2, 12.725, '00:00:00', 'payee', 1),
(309, 450, 5, 34.016, '00:00:00', 'payee', 1),
(310, 451, 3, 49.244, '00:00:00', 'payee', 2),
(311, 452, 5, 29.376, '00:00:00', 'payee', 2),
(312, 453, 1, 23.165, '00:00:00', 'payee', 2),
(313, 454, 5, 30.699, '00:00:00', 'payee', 1),
(314, 455, 4, 58.281, '00:00:00', 'payee', 2),
(315, 462, 5, 37.403, '00:00:00', 'payee', 3),
(316, 463, 4, 11.745, '00:00:00', 'payee', 4),
(317, 464, 3, 10.910, '00:00:00', 'payee', 4),
(318, 465, 1, 53.762, '00:00:00', 'payee', 3),
(319, 466, 3, 22.124, '00:00:00', 'payee', 4),
(320, 467, 4, 43.343, '00:00:00', 'payee', 4),
(321, 468, 5, 28.152, '00:00:00', 'payee', 3),
(322, 469, 1, 21.227, '00:00:00', 'payee', 4),
(323, 470, 7, 25.588, '02:07:00', 'payee', 14),
(324, 471, 7, 17.220, '01:26:00', 'payee', 14),
(325, 472, 7, 13.606, '01:08:00', 'payee', 14),
(326, 473, 6, 52.856, '00:35:00', 'payee', 8),
(327, 474, 6, 33.705, '00:22:00', 'payee', 7),
(328, 475, 3, 40.417, '00:00:00', 'payee', 2),
(329, 476, 4, 54.774, '00:00:00', 'payee', 2),
(330, 477, 5, 51.216, '00:00:00', 'payee', 2),
(331, 478, 3, 38.073, '00:00:00', 'payee', 2),
(332, 479, 3, 23.057, '00:00:00', 'payee', 2),
(333, 480, 3, 22.971, '00:00:00', 'payee', 2),
(334, 481, 3, 46.327, '00:00:00', 'payee', 1),
(335, 497, 3, 28.939, '00:00:00', 'payee', 3),
(336, 498, 4, 47.379, '00:00:00', 'payee', 3),
(337, 499, 1, 32.398, '00:00:00', 'payee', 3),
(338, 500, 3, 41.655, '00:00:00', 'payee', 4),
(339, 501, 4, 24.877, '00:00:00', 'payee', 3),
(340, 502, 5, 40.106, '00:00:00', 'payee', 3),
(341, 503, 1, 50.715, '00:00:00', 'payee', 3),
(342, 504, 1, 14.491, '00:00:00', 'payee', 3),
(343, 505, 7, 15.650, '01:18:00', 'payee', 13),
(344, 506, 6, 52.600, '00:35:00', 'payee', 7),
(345, 507, 1, 28.631, '00:00:00', 'payee', 2),
(346, 508, 4, 42.442, '00:00:00', 'payee', 1),
(347, 509, 5, 28.988, '00:00:00', 'payee', 2),
(348, 510, 2, 34.154, '00:00:00', 'payee', 2),
(349, 511, 5, 48.376, '00:00:00', 'payee', 1),
(350, 512, 5, 36.155, '00:00:00', 'payee', 1),
(351, 513, 3, 43.186, '00:00:00', 'payee', 2),
(352, 514, 3, 22.045, '00:00:00', 'payee', 2),
(353, 521, 4, 47.105, '00:00:00', 'payee', 3),
(354, 522, 5, 15.545, '00:00:00', 'payee', 4),
(355, 523, 2, 53.373, '00:00:00', 'payee', 3),
(356, 524, 5, 31.732, '00:00:00', 'payee', 3),
(357, 525, 1, 27.433, '00:00:00', 'payee', 4),
(358, 526, 2, 22.312, '00:00:00', 'payee', 4),
(359, 527, 7, 26.077, '02:10:00', 'payee', 14),
(360, 528, 7, 22.165, '01:50:00', 'payee', 13),
(361, 529, 7, 22.759, '01:53:00', 'payee', 14),
(362, 530, 5, 24.296, '00:00:00', 'payee', 2),
(363, 531, 4, 17.266, '00:00:00', 'payee', 1),
(364, 532, 3, 20.200, '00:00:00', 'payee', 1),
(365, 533, 5, 53.242, '00:00:00', 'payee', 2),
(366, 534, 1, 10.648, '00:00:00', 'payee', 2),
(367, 535, 2, 24.709, '00:00:00', 'payee', 1),
(368, 536, 2, 46.754, '00:00:00', 'payee', 1),
(369, 537, 3, 16.503, '00:00:00', 'payee', 2),
(370, 538, 5, 52.157, '00:00:00', 'payee', 2),
(371, 539, 1, 49.202, '00:00:00', 'payee', 2),
(372, 557, 2, 17.243, '00:00:00', 'payee', 3),
(373, 558, 5, 48.351, '00:00:00', 'payee', 4),
(374, 559, 3, 14.419, '00:00:00', 'payee', 4),
(375, 560, 1, 22.831, '00:00:00', 'payee', 3),
(376, 561, 3, 41.206, '00:00:00', 'payee', 3),
(377, 562, 4, 17.589, '00:00:00', 'payee', 4),
(378, 563, 4, 22.451, '00:00:00', 'payee', 4),
(379, 564, 4, 30.041, '00:00:00', 'payee', 4),
(380, 565, 6, 52.090, '00:34:00', 'payee', 7),
(381, 566, 6, 46.371, '00:30:00', 'payee', 5),
(382, 567, 7, 24.230, '02:01:00', 'payee', 13),
(383, 568, 7, 21.348, '01:46:00', 'payee', 13),
(384, 569, 7, 8.347, '00:41:00', 'payee', 13),
(385, 570, 6, 47.860, '00:31:00', 'payee', 7),
(386, 571, 3, 11.819, '00:00:00', 'payee', 4),
(387, 572, 2, 33.305, '00:00:00', 'payee', 4),
(388, 573, 1, 54.127, '00:00:00', 'payee', 4),
(389, 574, 3, 47.569, '00:00:00', 'payee', 4),
(390, 575, 7, 14.132, '01:10:00', 'payee', 13),
(391, 576, 6, 35.819, '00:23:00', 'payee', 10),
(392, 577, 6, 35.092, '00:23:00', 'payee', 7),
(393, 578, 7, 10.288, '00:51:00', 'payee', 13),
(394, 579, 6, 43.055, '00:28:00', 'payee', 11),
(395, 580, 4, 11.010, '00:00:00', 'payee', 3),
(396, 581, 5, 11.764, '00:00:00', 'payee', 3),
(397, 582, 5, 53.121, '00:00:00', 'payee', 3),
(398, 583, 4, 49.029, '00:00:00', 'payee', 3),
(399, 584, 5, 46.920, '00:00:00', 'payee', 3),
(400, 585, 3, 51.506, '00:00:00', 'payee', 3),
(401, 586, 2, 33.522, '00:00:00', 'payee', 4),
(402, 587, 6, 53.888, '00:35:00', 'payee', 6),
(403, 588, 6, 54.848, '00:36:00', 'payee', 11),
(404, 589, 7, 10.737, '00:53:00', 'payee', 14),
(405, 590, 4, 16.694, '00:00:00', 'payee', 2),
(406, 591, 5, 30.432, '00:00:00', 'payee', 1),
(407, 592, 4, 28.113, '00:00:00', 'payee', 1),
(408, 593, 5, 31.178, '00:00:00', 'payee', 2),
(409, 594, 2, 30.661, '00:00:00', 'payee', 2),
(410, 613, 1, 32.611, '00:00:00', 'payee', 4),
(411, 614, 4, 24.204, '00:00:00', 'payee', 3),
(412, 615, 3, 26.272, '00:00:00', 'payee', 4),
(413, 616, 5, 25.439, '00:00:00', 'payee', 3),
(414, 617, 3, 26.429, '00:00:00', 'payee', 4),
(415, 618, 2, 46.639, '00:00:00', 'payee', 4),
(416, 619, 6, 17.292, '00:11:00', 'payee', 7),
(417, 620, 6, 59.778, '00:39:00', 'payee', 10),
(418, 621, 6, 29.920, '00:19:00', 'payee', 7),
(419, 622, 6, 32.493, '00:21:00', 'payee', 10),
(420, 623, 7, 13.604, '01:08:00', 'payee', 14),
(421, 624, 6, 38.843, '00:25:00', 'payee', 7),
(422, 625, 1, 29.054, '00:00:00', 'payee', 2),
(423, 626, 3, 31.091, '00:00:00', 'payee', 2),
(424, 627, 2, 25.674, '00:00:00', 'payee', 2),
(425, 628, 3, 54.385, '00:00:00', 'payee', 2),
(426, 629, 4, 18.366, '00:00:00', 'payee', 1),
(427, 630, 2, 18.346, '00:00:00', 'payee', 1),
(428, 631, 1, 23.123, '00:00:00', 'payee', 1),
(429, 632, 5, 51.926, '00:00:00', 'payee', 1),
(430, 633, 2, 58.477, '00:00:00', 'payee', 1),
(431, 634, 5, 31.749, '00:00:00', 'payee', 2),
(432, 635, 1, 32.093, '00:00:00', 'payee', 2),
(433, 641, 1, 53.637, '00:00:00', 'payee', 3),
(434, 642, 4, 42.720, '00:00:00', 'payee', 3),
(435, 643, 4, 24.021, '00:00:00', 'payee', 4),
(436, 644, 6, 52.177, '00:34:00', 'payee', 7),
(437, 645, 7, 9.540, '00:47:00', 'payee', 14),
(438, 646, 6, 29.240, '00:19:00', 'payee', 12),
(439, 647, 5, 43.300, '00:00:00', 'payee', 1),
(440, 648, 3, 17.931, '00:00:00', 'payee', 1),
(441, 649, 3, 34.061, '00:00:00', 'payee', 2),
(442, 650, 3, 10.753, '00:00:00', 'payee', 2),
(443, 651, 1, 58.442, '00:00:00', 'payee', 2),
(444, 658, 3, 34.372, '00:00:00', 'payee', 4),
(445, 659, 2, 49.732, '00:00:00', 'payee', 4),
(446, 660, 5, 46.857, '00:00:00', 'payee', 3),
(447, 661, 5, 22.741, '00:00:00', 'payee', 4),
(448, 662, 1, 11.970, '00:00:00', 'payee', 3),
(449, 663, 2, 14.444, '00:00:00', 'payee', 4),
(450, 664, 7, 6.227, '00:31:00', 'payee', 13),
(451, 665, 7, 28.210, '02:21:00', 'payee', 13),
(452, 666, 7, 25.551, '02:07:00', 'payee', 13),
(453, 667, 7, 6.948, '00:34:00', 'payee', 13),
(454, 668, 5, 42.844, '00:00:00', 'payee', 1),
(455, 669, 1, 48.314, '00:00:00', 'payee', 2),
(456, 670, 1, 18.340, '00:00:00', 'payee', 1),
(457, 671, 2, 36.695, '00:00:00', 'payee', 2),
(458, 672, 3, 52.243, '00:00:00', 'payee', 2),
(459, 673, 3, 40.421, '00:00:00', 'payee', 1),
(460, 674, 3, 28.000, '00:00:00', 'payee', 2),
(461, 684, 5, 14.054, '00:00:00', 'payee', 4),
(462, 685, 1, 31.413, '00:00:00', 'payee', 3),
(463, 686, 4, 44.822, '00:00:00', 'payee', 3),
(464, 687, 5, 18.824, '00:00:00', 'payee', 3),
(465, 688, 1, 15.064, '00:00:00', 'payee', 4),
(466, 689, 5, 39.493, '00:00:00', 'payee', 4),
(467, 690, 4, 38.043, '00:00:00', 'payee', 4),
(468, 691, 7, 8.900, '00:44:00', 'payee', 13),
(469, 692, 6, 53.438, '00:35:00', 'payee', 9),
(470, 693, 7, 16.252, '01:21:00', 'payee', 13),
(471, 694, 7, 18.720, '01:33:00', 'payee', 13),
(472, 695, 6, 22.773, '00:15:00', 'payee', 5),
(473, 696, 6, 33.248, '00:22:00', 'payee', 5),
(474, 697, 1, 10.954, '00:00:00', 'payee', 2),
(475, 698, 2, 19.944, '00:00:00', 'payee', 2),
(476, 699, 5, 25.246, '00:00:00', 'payee', 2),
(477, 700, 3, 41.262, '00:00:00', 'payee', 1),
(478, 701, 1, 41.290, '00:00:00', 'payee', 2),
(479, 702, 5, 57.456, '00:00:00', 'payee', 1),
(480, 703, 2, 30.867, '00:00:00', 'payee', 1),
(481, 704, 3, 32.458, '00:00:00', 'payee', 1),
(482, 705, 2, 25.450, '00:00:00', 'payee', 1),
(483, 720, 3, 41.127, '00:00:00', 'payee', 3),
(484, 721, 5, 41.828, '00:00:00', 'payee', 3),
(485, 722, 3, 35.447, '00:00:00', 'payee', 3),
(486, 723, 6, 30.979, '00:20:00', 'payee', 9),
(487, 724, 6, 10.177, '00:06:00', 'payee', 9),
(488, 725, 6, 40.399, '00:26:00', 'payee', 12),
(489, 726, 7, 16.047, '01:20:00', 'payee', 13),
(490, 727, 2, 16.672, '00:00:00', 'payee', 4),
(491, 728, 5, 23.430, '00:00:00', 'payee', 3),
(492, 729, 5, 39.742, '00:00:00', 'payee', 3),
(493, 730, 1, 44.583, '00:00:00', 'payee', 4),
(494, 731, 7, 26.083, '02:10:00', 'payee', 13),
(495, 732, 7, 18.176, '01:30:00', 'payee', 13),
(496, 733, 4, 42.583, '00:00:00', 'payee', 4),
(497, 734, 5, 54.776, '00:00:00', 'payee', 4),
(498, 735, 4, 32.163, '00:00:00', 'payee', 3),
(499, 736, 1, 15.319, '00:00:00', 'payee', 4),
(500, 737, 5, 54.954, '00:00:00', 'payee', 4);
INSERT INTO `TransactionEnergie` (`id_transaction_energie`, `id_transaction`, `id_energie`, `quantite_delivree`, `temps_charge`, `statut`, `id_pompe`) VALUES
(501, 738, 2, 10.508, '00:00:00', 'payee', 3),
(502, 739, 5, 34.750, '00:00:00', 'payee', 3),
(503, 740, 6, 51.602, '00:34:00', 'payee', 8),
(504, 741, 7, 27.904, '02:19:00', 'payee', 13),
(505, 742, 3, 33.124, '00:00:00', 'payee', 2),
(506, 743, 3, 38.247, '00:00:00', 'payee', 2),
(507, 744, 3, 49.977, '00:00:00', 'payee', 2),
(508, 745, 5, 52.120, '00:00:00', 'payee', 2),
(509, 746, 3, 30.693, '00:00:00', 'payee', 2),
(510, 747, 3, 20.807, '00:00:00', 'payee', 2),
(511, 748, 5, 17.704, '00:00:00', 'payee', 2),
(512, 749, 3, 48.777, '00:00:00', 'payee', 1),
(513, 750, 5, 43.836, '00:00:00', 'payee', 1),
(514, 751, 3, 56.617, '00:00:00', 'payee', 1),
(515, 752, 1, 38.878, '00:00:00', 'payee', 2),
(516, 753, 2, 24.328, '00:00:00', 'payee', 2),
(517, 761, 4, 18.251, '00:00:00', 'payee', 4),
(518, 762, 1, 25.815, '00:00:00', 'payee', 4),
(519, 763, 2, 32.858, '00:00:00', 'payee', 4),
(520, 764, 3, 33.974, '00:00:00', 'payee', 4),
(521, 765, 2, 53.825, '00:00:00', 'payee', 4),
(522, 766, 7, 24.608, '02:03:00', 'payee', 14),
(523, 767, 6, 43.131, '00:28:00', 'payee', 6),
(524, 768, 7, 13.134, '01:05:00', 'payee', 13),
(525, 769, 6, 39.913, '00:26:00', 'payee', 11),
(526, 770, 2, 54.363, '00:00:00', 'payee', 1),
(527, 771, 5, 24.575, '00:00:00', 'payee', 2),
(528, 772, 3, 59.514, '00:00:00', 'payee', 1),
(529, 773, 2, 52.625, '00:00:00', 'payee', 1),
(530, 774, 1, 45.168, '00:00:00', 'payee', 2),
(531, 775, 4, 30.302, '00:00:00', 'payee', 2),
(532, 776, 2, 19.411, '00:00:00', 'payee', 2),
(533, 784, 5, 45.914, '00:00:00', 'payee', 4),
(534, 785, 4, 30.432, '00:00:00', 'payee', 4),
(535, 786, 3, 23.014, '00:00:00', 'payee', 3),
(536, 787, 3, 12.764, '00:00:00', 'payee', 4),
(537, 788, 5, 11.228, '00:00:00', 'payee', 4),
(538, 789, 3, 21.342, '00:00:00', 'payee', 4),
(539, 790, 5, 17.858, '00:00:00', 'payee', 3),
(540, 791, 3, 45.214, '00:00:00', 'payee', 3),
(541, 792, 7, 29.602, '02:28:00', 'payee', 13),
(542, 793, 7, 24.259, '02:01:00', 'payee', 13),
(543, 794, 1, 42.113, '00:00:00', 'payee', 1),
(544, 795, 2, 28.990, '00:00:00', 'payee', 2),
(545, 796, 4, 10.593, '00:00:00', 'payee', 2),
(546, 797, 1, 14.868, '00:00:00', 'payee', 2),
(547, 798, 3, 26.748, '00:00:00', 'payee', 2),
(548, 799, 4, 33.055, '00:00:00', 'payee', 1),
(549, 800, 5, 26.870, '00:00:00', 'payee', 1),
(550, 801, 5, 15.195, '00:00:00', 'payee', 2),
(551, 802, 2, 11.702, '00:00:00', 'payee', 1),
(552, 810, 4, 28.176, '00:00:00', 'payee', 3),
(553, 811, 4, 15.454, '00:00:00', 'payee', 4),
(554, 812, 1, 26.441, '00:00:00', 'payee', 4),
(555, 813, 2, 17.948, '00:00:00', 'payee', 3),
(556, 814, 1, 38.378, '00:00:00', 'payee', 4),
(557, 815, 1, 18.689, '00:00:00', 'payee', 3),
(558, 816, 7, 17.492, '01:27:00', 'payee', 14),
(559, 817, 6, 30.275, '00:20:00', 'payee', 8),
(560, 818, 6, 47.053, '00:31:00', 'payee', 8),
(561, 819, 7, 27.679, '02:18:00', 'payee', 13),
(562, 820, 6, 55.233, '00:36:00', 'payee', 6),
(563, 821, 1, 15.709, '00:00:00', 'payee', 1),
(564, 822, 4, 26.212, '00:00:00', 'payee', 1),
(565, 823, 2, 47.878, '00:00:00', 'payee', 1),
(566, 824, 2, 56.284, '00:00:00', 'payee', 1),
(567, 825, 5, 54.346, '00:00:00', 'payee', 2),
(568, 842, 1, 54.607, '00:00:00', 'payee', 3),
(569, 843, 1, 30.360, '00:00:00', 'payee', 3),
(570, 844, 4, 52.747, '00:00:00', 'payee', 3),
(571, 845, 1, 31.590, '00:00:00', 'payee', 4),
(572, 846, 5, 11.099, '00:00:00', 'payee', 4),
(573, 847, 4, 18.323, '00:00:00', 'payee', 4),
(574, 848, 6, 29.244, '00:19:00', 'payee', 10),
(575, 849, 6, 49.385, '00:32:00', 'payee', 6),
(576, 850, 5, 57.266, '00:00:00', 'payee', 2),
(577, 851, 4, 40.957, '00:00:00', 'payee', 2),
(578, 852, 1, 38.038, '00:00:00', 'payee', 1),
(579, 853, 2, 47.659, '00:00:00', 'payee', 1),
(580, 867, 5, 24.908, '00:00:00', 'payee', 4),
(581, 868, 5, 40.010, '00:00:00', 'payee', 4),
(582, 869, 2, 40.510, '00:00:00', 'payee', 3),
(583, 870, 7, 6.376, '00:31:00', 'payee', 13),
(584, 871, 7, 9.893, '00:49:00', 'payee', 13),
(585, 872, 7, 9.861, '00:49:00', 'payee', 14),
(586, 873, 7, 14.939, '01:14:00', 'payee', 14),
(587, 874, 7, 12.702, '01:03:00', 'payee', 14),
(588, 875, 7, 25.092, '02:05:00', 'payee', 14),
(589, 876, 5, 36.907, '00:00:00', 'payee', 3),
(590, 877, 5, 54.399, '00:00:00', 'payee', 3),
(591, 878, 3, 28.653, '00:00:00', 'payee', 4),
(592, 879, 4, 23.026, '00:00:00', 'payee', 4),
(593, 880, 3, 32.235, '00:00:00', 'payee', 4),
(594, 881, 4, 15.588, '00:00:00', 'payee', 4),
(595, 882, 6, 11.422, '00:07:00', 'payee', 9),
(596, 883, 7, 19.527, '01:37:00', 'payee', 14),
(597, 884, 6, 28.660, '00:19:00', 'payee', 5),
(598, 885, 3, 17.349, '00:00:00', 'payee', 4),
(599, 886, 3, 12.192, '00:00:00', 'payee', 4),
(600, 887, 2, 44.411, '00:00:00', 'payee', 3),
(601, 888, 3, 22.216, '00:00:00', 'payee', 4),
(602, 889, 1, 16.163, '00:00:00', 'payee', 4),
(603, 890, 1, 19.804, '00:00:00', 'payee', 3),
(604, 891, 5, 48.073, '00:00:00', 'payee', 3),
(605, 892, 2, 51.553, '00:00:00', 'payee', 4),
(606, 893, 7, 27.243, '02:16:00', 'payee', 14),
(607, 894, 6, 21.118, '00:14:00', 'payee', 7),
(608, 895, 7, 22.270, '01:51:00', 'payee', 13),
(609, 896, 2, 15.391, '00:00:00', 'payee', 1),
(610, 897, 1, 47.728, '00:00:00', 'payee', 1),
(611, 898, 2, 19.239, '00:00:00', 'payee', 2),
(612, 899, 5, 49.040, '00:00:00', 'payee', 1),
(613, 913, 2, 23.624, '00:00:00', 'payee', 3),
(614, 914, 4, 19.087, '00:00:00', 'payee', 4),
(615, 915, 5, 34.598, '00:00:00', 'payee', 3),
(616, 916, 3, 48.379, '00:00:00', 'payee', 4),
(617, 917, 3, 49.812, '00:00:00', 'payee', 3),
(618, 918, 4, 44.381, '00:00:00', 'payee', 4),
(619, 919, 5, 48.446, '00:00:00', 'payee', 3),
(620, 920, 5, 40.442, '00:00:00', 'payee', 4),
(621, 921, 7, 25.239, '02:06:00', 'payee', 13),
(622, 922, 7, 15.298, '01:16:00', 'payee', 13),
(623, 923, 6, 55.519, '00:37:00', 'payee', 6),
(624, 924, 6, 33.045, '00:22:00', 'payee', 11),
(625, 925, 5, 11.112, '00:00:00', 'payee', 2),
(626, 926, 1, 50.416, '00:00:00', 'payee', 1),
(627, 927, 5, 50.573, '00:00:00', 'payee', 2),
(628, 928, 3, 23.258, '00:00:00', 'payee', 2),
(629, 929, 5, 47.144, '00:00:00', 'payee', 1),
(630, 930, 3, 13.363, '00:00:00', 'payee', 2),
(631, 931, 3, 35.232, '00:00:00', 'payee', 2),
(632, 932, 4, 30.115, '00:00:00', 'payee', 2),
(633, 933, 1, 41.392, '00:00:00', 'payee', 1),
(634, 934, 4, 23.397, '00:00:00', 'payee', 2),
(635, 935, 5, 20.032, '00:00:00', 'payee', 2),
(636, 954, 4, 45.596, '00:00:00', 'payee', 3),
(637, 955, 5, 13.700, '00:00:00', 'payee', 3),
(638, 956, 2, 48.113, '00:00:00', 'payee', 4),
(639, 957, 6, 23.034, '00:15:00', 'payee', 10),
(640, 958, 7, 26.910, '02:14:00', 'payee', 13),
(641, 959, 6, 55.342, '00:36:00', 'payee', 12),
(642, 960, 4, 40.900, '00:00:00', 'payee', 2),
(643, 961, 4, 51.363, '00:00:00', 'payee', 2),
(644, 962, 3, 46.335, '00:00:00', 'payee', 1),
(645, 963, 1, 24.510, '00:00:00', 'payee', 2),
(646, 982, 1, 23.435, '00:00:00', 'payee', 4),
(647, 983, 1, 47.442, '00:00:00', 'payee', 3),
(648, 984, 5, 37.015, '00:00:00', 'payee', 3),
(649, 985, 4, 14.183, '00:00:00', 'payee', 4),
(650, 986, 2, 51.880, '00:00:00', 'payee', 3),
(651, 987, 4, 23.518, '00:00:00', 'payee', 3),
(652, 988, 5, 12.148, '00:00:00', 'payee', 3),
(653, 989, 1, 30.910, '00:00:00', 'payee', 4),
(654, 990, 6, 15.697, '00:10:00', 'payee', 12),
(655, 991, 6, 14.165, '00:09:00', 'payee', 9),
(656, 992, 7, 20.595, '01:42:00', 'payee', 14),
(657, 993, 2, 19.254, '00:00:00', 'payee', 2),
(658, 994, 1, 10.292, '00:00:00', 'payee', 1),
(659, 995, 4, 50.232, '00:00:00', 'payee', 1),
(660, 996, 2, 52.951, '00:00:00', 'payee', 1),
(661, 997, 4, 52.104, '00:00:00', 'payee', 1),
(662, 998, 4, 58.193, '00:00:00', 'payee', 2),
(663, 1009, 1, 25.198, '00:00:00', 'payee', 3),
(664, 1010, 3, 54.715, '00:00:00', 'payee', 4),
(665, 1011, 5, 37.193, '00:00:00', 'payee', 3),
(666, 1012, 1, 53.860, '00:00:00', 'payee', 3),
(667, 1013, 2, 50.994, '00:00:00', 'payee', 3),
(668, 1014, 1, 16.943, '00:00:00', 'payee', 4),
(669, 1015, 4, 53.634, '00:00:00', 'payee', 3),
(670, 1016, 6, 14.262, '00:09:00', 'payee', 10),
(671, 1017, 7, 24.680, '02:03:00', 'payee', 13),
(672, 1018, 3, 57.187, '00:00:00', 'payee', 2),
(673, 1019, 4, 59.097, '00:00:00', 'payee', 1),
(674, 1020, 2, 55.126, '00:00:00', 'payee', 1),
(675, 1021, 5, 58.633, '00:00:00', 'payee', 2),
(676, 1022, 3, 46.078, '00:00:00', 'payee', 2),
(677, 1023, 5, 40.520, '00:00:00', 'payee', 1),
(678, 1024, 5, 41.218, '00:00:00', 'payee', 2),
(679, 1025, 4, 48.770, '00:00:00', 'payee', 2),
(680, 1026, 5, 27.035, '00:00:00', 'payee', 1),
(681, 1027, 1, 52.079, '00:00:00', 'payee', 2),
(682, 1028, 1, 32.437, '00:00:00', 'payee', 1),
(683, 1029, 5, 38.280, '00:00:00', 'payee', 1),
(684, 1048, 1, 37.651, '00:00:00', 'payee', 4),
(685, 1049, 3, 16.411, '00:00:00', 'payee', 4),
(686, 1050, 1, 12.335, '00:00:00', 'payee', 3),
(687, 1051, 5, 27.327, '00:00:00', 'payee', 3),
(688, 1052, 4, 11.301, '00:00:00', 'payee', 3),
(689, 1053, 1, 21.084, '00:00:00', 'payee', 3),
(690, 1054, 5, 19.156, '00:00:00', 'payee', 3),
(691, 1055, 5, 52.868, '00:00:00', 'payee', 4),
(692, 1056, 7, 21.326, '01:46:00', 'payee', 13),
(693, 1057, 7, 29.981, '02:29:00', 'payee', 13),
(694, 1058, 6, 25.032, '00:16:00', 'payee', 11),
(695, 1059, 5, 32.717, '00:00:00', 'payee', 4),
(696, 1060, 4, 22.286, '00:00:00', 'payee', 4),
(697, 1061, 3, 10.714, '00:00:00', 'payee', 3),
(698, 1062, 1, 40.272, '00:00:00', 'payee', 4),
(699, 1063, 4, 34.216, '00:00:00', 'payee', 3),
(700, 1064, 4, 47.236, '00:00:00', 'payee', 4),
(701, 1065, 6, 16.238, '00:10:00', 'payee', 10),
(702, 1066, 7, 22.014, '01:50:00', 'payee', 14),
(703, 1067, 6, 21.713, '00:14:00', 'payee', 12),
(704, 1068, 2, 54.292, '00:00:00', 'payee', 4),
(705, 1069, 2, 34.830, '00:00:00', 'payee', 3),
(706, 1070, 3, 52.010, '00:00:00', 'payee', 3),
(707, 1071, 1, 54.638, '00:00:00', 'payee', 4),
(708, 1072, 6, 52.693, '00:35:00', 'payee', 10),
(709, 1073, 7, 17.389, '01:26:00', 'payee', 13),
(710, 1074, 4, 19.730, '00:00:00', 'payee', 1),
(711, 1075, 4, 57.889, '00:00:00', 'payee', 1),
(712, 1076, 1, 39.627, '00:00:00', 'payee', 2),
(713, 1077, 2, 57.940, '00:00:00', 'payee', 1),
(714, 1084, 4, 18.367, '00:00:00', 'payee', 3),
(715, 1085, 3, 24.003, '00:00:00', 'payee', 3),
(716, 1086, 3, 53.662, '00:00:00', 'payee', 3),
(717, 1087, 5, 48.642, '00:00:00', 'payee', 4),
(718, 1088, 1, 25.370, '00:00:00', 'payee', 4),
(719, 1089, 5, 53.338, '00:00:00', 'payee', 4),
(720, 1090, 6, 34.797, '00:23:00', 'payee', 5),
(721, 1091, 6, 21.951, '00:14:00', 'payee', 10),
(722, 1092, 7, 5.247, '00:26:00', 'payee', 14),
(723, 1093, 6, 41.567, '00:27:00', 'payee', 10),
(724, 1094, 6, 20.947, '00:13:00', 'payee', 9),
(725, 1095, 6, 11.075, '00:07:00', 'payee', 9),
(726, 1096, 3, 56.806, '00:00:00', 'payee', 2),
(727, 1097, 2, 57.058, '00:00:00', 'payee', 2),
(728, 1098, 2, 49.745, '00:00:00', 'payee', 1),
(729, 1099, 5, 31.477, '00:00:00', 'payee', 1),
(730, 1100, 2, 52.722, '00:00:00', 'payee', 2),
(731, 1116, 4, 30.249, '00:00:00', 'payee', 3),
(732, 1117, 1, 32.491, '00:00:00', 'payee', 4),
(733, 1118, 4, 44.328, '00:00:00', 'payee', 4),
(734, 1119, 2, 16.916, '00:00:00', 'payee', 4),
(735, 1120, 5, 49.013, '00:00:00', 'payee', 4),
(736, 1121, 2, 31.365, '00:00:00', 'payee', 4),
(737, 1122, 6, 18.571, '00:12:00', 'payee', 7),
(738, 1123, 6, 19.950, '00:13:00', 'payee', 11),
(739, 1124, 6, 32.733, '00:21:00', 'payee', 10),
(740, 1125, 4, 17.852, '00:00:00', 'payee', 1),
(741, 1126, 2, 25.488, '00:00:00', 'payee', 2),
(742, 1127, 4, 13.199, '00:00:00', 'payee', 2),
(743, 1128, 5, 53.962, '00:00:00', 'payee', 2),
(744, 1129, 3, 42.315, '00:00:00', 'payee', 2),
(745, 1130, 2, 44.926, '00:00:00', 'payee', 1),
(746, 1131, 2, 23.689, '00:00:00', 'payee', 2),
(747, 1132, 2, 55.437, '00:00:00', 'payee', 2),
(748, 1133, 3, 13.827, '00:00:00', 'payee', 1),
(749, 1134, 4, 18.242, '00:00:00', 'payee', 1),
(750, 1146, 2, 10.675, '00:00:00', 'payee', 4),
(751, 1147, 3, 39.248, '00:00:00', 'payee', 4),
(752, 1148, 5, 32.481, '00:00:00', 'payee', 3),
(753, 1149, 5, 17.716, '00:00:00', 'payee', 3),
(754, 1150, 2, 24.942, '00:00:00', 'payee', 4),
(755, 1151, 7, 14.559, '01:12:00', 'payee', 13),
(756, 1152, 6, 11.061, '00:07:00', 'payee', 6),
(757, 1153, 6, 12.996, '00:08:00', 'payee', 10),
(758, 1154, 6, 21.903, '00:14:00', 'payee', 12),
(759, 1155, 5, 49.589, '00:00:00', 'payee', 2),
(760, 1156, 2, 52.347, '00:00:00', 'payee', 2),
(761, 1157, 2, 40.403, '00:00:00', 'payee', 2),
(762, 1158, 1, 13.231, '00:00:00', 'payee', 2),
(763, 1166, 4, 51.656, '00:00:00', 'payee', 4),
(764, 1167, 1, 28.395, '00:00:00', 'payee', 3),
(765, 1168, 4, 53.069, '00:00:00', 'payee', 4),
(766, 1169, 1, 39.291, '00:00:00', 'payee', 4),
(767, 1170, 3, 38.393, '00:00:00', 'payee', 3),
(768, 1171, 6, 22.714, '00:15:00', 'payee', 7),
(769, 1172, 7, 22.652, '01:53:00', 'payee', 13),
(770, 1173, 6, 51.487, '00:34:00', 'payee', 9),
(771, 1174, 7, 23.348, '01:56:00', 'payee', 13),
(772, 1175, 7, 25.356, '02:06:00', 'payee', 14),
(773, 1176, 2, 50.819, '00:00:00', 'payee', 1),
(774, 1177, 4, 19.099, '00:00:00', 'payee', 1),
(775, 1178, 2, 12.949, '00:00:00', 'payee', 1),
(776, 1179, 4, 32.037, '00:00:00', 'payee', 1),
(777, 1191, 4, 52.977, '00:00:00', 'payee', 4),
(778, 1192, 1, 14.746, '00:00:00', 'payee', 3),
(779, 1193, 3, 19.917, '00:00:00', 'payee', 4),
(780, 1194, 2, 51.523, '00:00:00', 'payee', 4),
(781, 1195, 5, 44.485, '00:00:00', 'payee', 3),
(782, 1196, 4, 39.426, '00:00:00', 'payee', 4),
(783, 1197, 6, 14.457, '00:09:00', 'payee', 8),
(784, 1198, 7, 19.423, '01:37:00', 'payee', 13),
(785, 1199, 7, 12.991, '01:04:00', 'payee', 14),
(786, 1200, 4, 16.634, '00:00:00', 'payee', 4),
(787, 1201, 1, 36.950, '00:00:00', 'payee', 4),
(788, 1202, 5, 31.523, '00:00:00', 'payee', 3),
(789, 1203, 1, 54.151, '00:00:00', 'payee', 4),
(790, 1204, 6, 45.020, '00:30:00', 'payee', 5),
(791, 1205, 7, 29.610, '02:28:00', 'payee', 13),
(792, 1206, 7, 29.758, '02:28:00', 'payee', 14),
(793, 1207, 7, 7.433, '00:37:00', 'payee', 14),
(794, 1208, 7, 16.438, '01:22:00', 'payee', 13),
(795, 1209, 2, 43.089, '00:00:00', 'payee', 3),
(796, 1210, 2, 26.945, '00:00:00', 'payee', 4),
(797, 1211, 2, 52.528, '00:00:00', 'payee', 3),
(798, 1212, 4, 21.025, '00:00:00', 'payee', 3),
(799, 1213, 6, 42.640, '00:28:00', 'payee', 11),
(800, 1214, 7, 11.880, '00:59:00', 'payee', 14),
(801, 1215, 6, 11.151, '00:07:00', 'payee', 12),
(802, 1216, 4, 34.210, '00:00:00', 'payee', 2),
(803, 1217, 5, 19.244, '00:00:00', 'payee', 1),
(804, 1218, 5, 34.428, '00:00:00', 'payee', 1),
(805, 1219, 1, 19.033, '00:00:00', 'payee', 1),
(806, 1220, 5, 22.838, '00:00:00', 'payee', 1),
(807, 1221, 1, 22.417, '00:00:00', 'payee', 1),
(808, 1231, 2, 33.691, '00:00:00', 'payee', 4),
(809, 1232, 3, 41.520, '00:00:00', 'payee', 4),
(810, 1233, 2, 24.310, '00:00:00', 'payee', 4),
(811, 1234, 7, 16.922, '01:24:00', 'payee', 13),
(812, 1235, 7, 19.189, '01:35:00', 'payee', 14),
(813, 1236, 5, 30.912, '00:00:00', 'payee', 2),
(814, 1237, 2, 25.259, '00:00:00', 'payee', 1),
(815, 1238, 1, 41.734, '00:00:00', 'payee', 1),
(816, 1239, 1, 14.229, '00:00:00', 'payee', 2),
(817, 1240, 1, 58.108, '00:00:00', 'payee', 2),
(818, 1241, 4, 35.751, '00:00:00', 'payee', 1),
(819, 1242, 1, 45.708, '00:00:00', 'payee', 2),
(820, 1251, 2, 34.139, '00:00:00', 'payee', 4),
(821, 1252, 2, 16.294, '00:00:00', 'payee', 4),
(822, 1253, 2, 14.980, '00:00:00', 'payee', 4),
(823, 1254, 2, 39.979, '00:00:00', 'payee', 4),
(824, 1255, 2, 24.620, '00:00:00', 'payee', 4),
(825, 1256, 7, 8.285, '00:41:00', 'payee', 13),
(826, 1257, 6, 12.602, '00:08:00', 'payee', 10),
(827, 1258, 7, 17.005, '01:25:00', 'payee', 14),
(828, 1259, 6, 22.473, '00:14:00', 'payee', 6),
(829, 1260, 7, 9.960, '00:49:00', 'payee', 13),
(830, 1261, 2, 16.023, '00:00:00', 'payee', 2),
(831, 1262, 1, 29.018, '00:00:00', 'payee', 2),
(832, 1263, 4, 33.960, '00:00:00', 'payee', 2),
(833, 1264, 3, 24.028, '00:00:00', 'payee', 2),
(834, 1265, 1, 19.088, '00:00:00', 'payee', 1),
(835, 1266, 4, 28.179, '00:00:00', 'payee', 2),
(836, 1281, 1, 42.517, '00:00:00', 'payee', 4),
(837, 1282, 5, 19.277, '00:00:00', 'payee', 4),
(838, 1283, 4, 17.004, '00:00:00', 'payee', 3),
(839, 1284, 1, 32.318, '00:00:00', 'payee', 4),
(840, 1285, 4, 52.451, '00:00:00', 'payee', 3),
(841, 1286, 4, 40.932, '00:00:00', 'payee', 3),
(842, 1287, 4, 14.511, '00:00:00', 'payee', 3),
(843, 1288, 1, 47.195, '00:00:00', 'payee', 3),
(844, 1289, 6, 49.620, '00:33:00', 'payee', 5),
(845, 1290, 6, 20.116, '00:13:00', 'payee', 12),
(846, 1291, 7, 13.294, '01:06:00', 'payee', 13),
(847, 1292, 6, 51.246, '00:34:00', 'payee', 6),
(848, 1293, 7, 8.546, '00:42:00', 'payee', 13),
(849, 1294, 7, 10.647, '00:53:00', 'payee', 14),
(850, 1295, 1, 57.823, '00:00:00', 'payee', 2),
(851, 1296, 3, 56.166, '00:00:00', 'payee', 1),
(852, 1297, 4, 36.524, '00:00:00', 'payee', 1),
(853, 1298, 3, 41.238, '00:00:00', 'payee', 2),
(854, 1299, 3, 50.536, '00:00:00', 'payee', 1),
(855, 1300, 2, 48.889, '00:00:00', 'payee', 1),
(856, 1301, 3, 17.233, '00:00:00', 'payee', 2),
(857, 1312, 3, 15.007, '00:00:00', 'payee', 3),
(858, 1313, 4, 47.471, '00:00:00', 'payee', 4),
(859, 1314, 5, 23.772, '00:00:00', 'payee', 3),
(860, 1315, 5, 26.990, '00:00:00', 'payee', 3),
(861, 1316, 2, 47.013, '00:00:00', 'payee', 3),
(862, 1317, 4, 17.417, '00:00:00', 'payee', 4),
(863, 1318, 6, 28.135, '00:18:00', 'payee', 10),
(864, 1319, 6, 20.595, '00:13:00', 'payee', 5),
(865, 1320, 3, 14.252, '00:00:00', 'payee', 1),
(866, 1321, 1, 25.729, '00:00:00', 'payee', 2),
(867, 1322, 2, 45.133, '00:00:00', 'payee', 1),
(868, 1323, 2, 44.119, '00:00:00', 'payee', 1),
(869, 1324, 2, 54.220, '00:00:00', 'payee', 1),
(870, 1325, 5, 35.815, '00:00:00', 'payee', 2),
(871, 1326, 3, 41.174, '00:00:00', 'payee', 2),
(872, 1339, 2, 47.375, '00:00:00', 'payee', 3),
(873, 1340, 2, 25.717, '00:00:00', 'payee', 4),
(874, 1341, 4, 25.961, '00:00:00', 'payee', 4),
(875, 1342, 2, 13.501, '00:00:00', 'payee', 3),
(876, 1343, 7, 5.355, '00:26:00', 'payee', 14),
(877, 1344, 7, 11.570, '00:57:00', 'payee', 13),
(878, 1345, 7, 20.973, '01:44:00', 'payee', 13),
(879, 1346, 7, 22.411, '01:52:00', 'payee', 13),
(880, 1347, 3, 46.620, '00:00:00', 'payee', 3),
(881, 1348, 4, 39.201, '00:00:00', 'payee', 4),
(882, 1349, 4, 33.543, '00:00:00', 'payee', 4),
(883, 1350, 2, 34.874, '00:00:00', 'payee', 3),
(884, 1351, 4, 38.535, '00:00:00', 'payee', 3),
(885, 1352, 1, 37.732, '00:00:00', 'payee', 4),
(886, 1353, 1, 38.509, '00:00:00', 'payee', 3),
(887, 1354, 7, 18.790, '01:33:00', 'payee', 13),
(888, 1355, 7, 29.190, '02:25:00', 'payee', 14),
(889, 1356, 2, 32.840, '00:00:00', 'payee', 4),
(890, 1357, 4, 40.299, '00:00:00', 'payee', 3),
(891, 1358, 5, 46.902, '00:00:00', 'payee', 4),
(892, 1359, 6, 37.787, '00:25:00', 'payee', 11),
(893, 1360, 7, 8.222, '00:41:00', 'payee', 14),
(894, 1361, 7, 10.774, '00:53:00', 'payee', 13),
(895, 1362, 7, 25.933, '02:09:00', 'payee', 13),
(896, 1363, 5, 17.652, '00:00:00', 'payee', 1),
(897, 1364, 2, 59.171, '00:00:00', 'payee', 2),
(898, 1365, 3, 42.963, '00:00:00', 'payee', 2),
(899, 1366, 1, 32.956, '00:00:00', 'payee', 1),
(900, 1375, 1, 36.264, '00:00:00', 'payee', 4),
(901, 1376, 4, 29.506, '00:00:00', 'payee', 4),
(902, 1377, 5, 14.840, '00:00:00', 'payee', 4),
(903, 1378, 1, 30.223, '00:00:00', 'payee', 3),
(904, 1379, 5, 25.851, '00:00:00', 'payee', 3),
(905, 1380, 6, 27.887, '00:18:00', 'payee', 6),
(906, 1381, 7, 8.058, '00:40:00', 'payee', 14),
(907, 1382, 7, 27.469, '02:17:00', 'payee', 13),
(908, 1383, 6, 38.048, '00:25:00', 'payee', 6),
(909, 1384, 7, 12.945, '01:04:00', 'payee', 14),
(910, 1385, 1, 59.513, '00:00:00', 'payee', 2),
(911, 1386, 5, 59.398, '00:00:00', 'payee', 2),
(912, 1387, 1, 51.493, '00:00:00', 'payee', 2),
(913, 1388, 3, 30.017, '00:00:00', 'payee', 2),
(914, 1389, 4, 34.667, '00:00:00', 'payee', 1),
(915, 1390, 2, 12.392, '00:00:00', 'payee', 1),
(916, 1391, 5, 59.478, '00:00:00', 'payee', 1),
(917, 1392, 5, 49.581, '00:00:00', 'payee', 2),
(918, 1393, 2, 47.652, '00:00:00', 'payee', 2),
(919, 1394, 5, 22.026, '00:00:00', 'payee', 2),
(920, 1395, 4, 21.292, '00:00:00', 'payee', 2),
(921, 1411, 3, 49.657, '00:00:00', 'payee', 3),
(922, 1412, 5, 10.045, '00:00:00', 'payee', 3),
(923, 1413, 2, 33.637, '00:00:00', 'payee', 3),
(924, 1414, 7, 16.315, '01:21:00', 'payee', 14),
(925, 1415, 7, 5.339, '00:26:00', 'payee', 14),
(926, 1416, 7, 7.819, '00:39:00', 'payee', 13),
(927, 1417, 3, 34.892, '00:00:00', 'payee', 1),
(928, 1418, 3, 20.315, '00:00:00', 'payee', 1),
(929, 1419, 5, 18.748, '00:00:00', 'payee', 2),
(930, 1420, 3, 25.466, '00:00:00', 'payee', 1),
(931, 1421, 5, 16.148, '00:00:00', 'payee', 2),
(932, 1422, 3, 15.510, '00:00:00', 'payee', 1),
(933, 1438, 4, 41.077, '00:00:00', 'payee', 3),
(934, 1439, 1, 41.571, '00:00:00', 'payee', 3),
(935, 1440, 2, 23.540, '00:00:00', 'payee', 4),
(936, 1441, 1, 13.021, '00:00:00', 'payee', 3),
(937, 1442, 2, 14.662, '00:00:00', 'payee', 3),
(938, 1443, 7, 15.114, '01:15:00', 'payee', 13),
(939, 1444, 7, 26.483, '02:12:00', 'payee', 13),
(940, 1445, 6, 18.539, '00:12:00', 'payee', 8),
(941, 1446, 7, 14.183, '01:10:00', 'payee', 14),
(942, 1447, 7, 15.422, '01:17:00', 'payee', 14),
(943, 1448, 6, 39.027, '00:26:00', 'payee', 5),
(944, 1449, 3, 58.140, '00:00:00', 'payee', 2),
(945, 1450, 2, 27.887, '00:00:00', 'payee', 1),
(946, 1451, 4, 45.759, '00:00:00', 'payee', 1),
(947, 1452, 2, 38.802, '00:00:00', 'payee', 2),
(948, 1471, 1, 52.746, '00:00:00', 'payee', 3),
(949, 1472, 1, 14.683, '00:00:00', 'payee', 4),
(950, 1473, 3, 45.169, '00:00:00', 'payee', 3),
(951, 1474, 6, 36.709, '00:24:00', 'payee', 11),
(952, 1475, 7, 22.386, '01:51:00', 'payee', 14),
(953, 1476, 7, 13.795, '01:08:00', 'payee', 14),
(954, 1477, 6, 21.356, '00:14:00', 'payee', 5),
(955, 1478, 1, 16.336, '00:00:00', 'payee', 1),
(956, 1479, 4, 33.935, '00:00:00', 'payee', 1),
(957, 1480, 5, 20.293, '00:00:00', 'payee', 2),
(958, 1481, 3, 57.071, '00:00:00', 'payee', 2),
(959, 1482, 3, 25.943, '00:00:00', 'payee', 1),
(960, 1499, 1, 38.885, '00:00:00', 'payee', 4),
(961, 1500, 3, 31.181, '00:00:00', 'payee', 4),
(962, 1501, 5, 11.149, '00:00:00', 'payee', 3),
(963, 1502, 5, 42.078, '00:00:00', 'payee', 3),
(964, 1503, 2, 27.149, '00:00:00', 'payee', 3),
(965, 1504, 5, 32.657, '00:00:00', 'payee', 4),
(966, 1505, 5, 45.919, '00:00:00', 'payee', 4),
(967, 1506, 5, 23.188, '00:00:00', 'payee', 3),
(968, 1507, 6, 32.791, '00:21:00', 'payee', 6),
(969, 1508, 7, 14.047, '01:10:00', 'payee', 14),
(970, 1509, 7, 20.130, '01:40:00', 'payee', 14),
(971, 1510, 6, 56.286, '00:37:00', 'payee', 8),
(972, 1511, 7, 24.896, '02:04:00', 'payee', 14),
(973, 1512, 2, 49.438, '00:00:00', 'payee', 3),
(974, 1513, 4, 43.428, '00:00:00', 'payee', 3),
(975, 1514, 1, 15.957, '00:00:00', 'payee', 4),
(976, 1515, 2, 42.039, '00:00:00', 'payee', 3),
(977, 1516, 5, 37.394, '00:00:00', 'payee', 3),
(978, 1517, 4, 38.387, '00:00:00', 'payee', 4),
(979, 1518, 2, 42.567, '00:00:00', 'payee', 3),
(980, 1519, 4, 27.072, '00:00:00', 'payee', 4),
(981, 1520, 6, 21.613, '00:14:00', 'payee', 12),
(982, 1521, 7, 23.933, '01:59:00', 'payee', 13),
(983, 1522, 6, 31.527, '00:21:00', 'payee', 9),
(984, 1523, 3, 31.899, '00:00:00', 'payee', 3),
(985, 1524, 5, 43.906, '00:00:00', 'payee', 3),
(986, 1525, 2, 11.231, '00:00:00', 'payee', 3),
(987, 1526, 6, 28.477, '00:18:00', 'payee', 9),
(988, 1527, 7, 12.374, '01:01:00', 'payee', 13),
(989, 1528, 6, 53.225, '00:35:00', 'payee', 9),
(990, 1529, 6, 46.368, '00:30:00', 'payee', 10),
(991, 1530, 1, 45.340, '00:00:00', 'payee', 2),
(992, 1531, 5, 25.876, '00:00:00', 'payee', 1),
(993, 1532, 5, 28.810, '00:00:00', 'payee', 1),
(994, 1533, 4, 50.693, '00:00:00', 'payee', 2),
(995, 1534, 1, 31.716, '00:00:00', 'payee', 2),
(996, 1535, 1, 30.908, '00:00:00', 'payee', 2),
(997, 1536, 3, 34.212, '00:00:00', 'payee', 1),
(998, 1537, 4, 34.511, '00:00:00', 'payee', 2),
(999, 1538, 1, 20.947, '00:00:00', 'payee', 2),
(1000, 1539, 4, 15.791, '00:00:00', 'payee', 2);
INSERT INTO `TransactionEnergie` (`id_transaction_energie`, `id_transaction`, `id_energie`, `quantite_delivree`, `temps_charge`, `statut`, `id_pompe`) VALUES
(1001, 1540, 4, 45.241, '00:00:00', 'payee', 2),
(1002, 1541, 2, 11.448, '00:00:00', 'payee', 2),
(1003, 1555, 4, 20.083, '00:00:00', 'payee', 3),
(1004, 1556, 5, 14.903, '00:00:00', 'payee', 4),
(1005, 1557, 2, 48.917, '00:00:00', 'payee', 4),
(1006, 1558, 4, 33.553, '00:00:00', 'payee', 3),
(1007, 1559, 3, 47.545, '00:00:00', 'payee', 3),
(1008, 1560, 3, 41.068, '00:00:00', 'payee', 4),
(1009, 1561, 2, 24.483, '00:00:00', 'payee', 4),
(1010, 1562, 6, 56.062, '00:37:00', 'payee', 11),
(1011, 1563, 6, 35.997, '00:23:00', 'payee', 6),
(1012, 1564, 1, 54.275, '00:00:00', 'payee', 2),
(1013, 1565, 3, 36.124, '00:00:00', 'payee', 2),
(1014, 1566, 5, 44.251, '00:00:00', 'payee', 2),
(1015, 1567, 2, 56.810, '00:00:00', 'payee', 1),
(1016, 1568, 2, 19.963, '00:00:00', 'payee', 1),
(1017, 1583, 1, 39.125, '00:00:00', 'payee', 4),
(1018, 1584, 5, 47.050, '00:00:00', 'payee', 4),
(1019, 1585, 5, 46.334, '00:00:00', 'payee', 3),
(1020, 1586, 2, 13.727, '00:00:00', 'payee', 3),
(1021, 1587, 1, 48.605, '00:00:00', 'payee', 4),
(1022, 1588, 3, 50.398, '00:00:00', 'payee', 3),
(1023, 1589, 4, 28.737, '00:00:00', 'payee', 3),
(1024, 1590, 7, 7.099, '00:35:00', 'payee', 14),
(1025, 1591, 7, 9.324, '00:46:00', 'payee', 13),
(1026, 1592, 7, 19.204, '01:36:00', 'payee', 13),
(1027, 1593, 6, 46.478, '00:30:00', 'payee', 7),
(1028, 1594, 1, 20.876, '00:00:00', 'payee', 2),
(1029, 1595, 3, 51.865, '00:00:00', 'payee', 1),
(1030, 1596, 1, 28.966, '00:00:00', 'payee', 2),
(1031, 1597, 3, 54.178, '00:00:00', 'payee', 1),
(1032, 1598, 3, 14.621, '00:00:00', 'payee', 2),
(1033, 1599, 5, 32.484, '00:00:00', 'payee', 1),
(1034, 1617, 4, 14.178, '00:00:00', 'payee', 4),
(1035, 1618, 4, 40.387, '00:00:00', 'payee', 4),
(1036, 1619, 2, 17.359, '00:00:00', 'payee', 3),
(1037, 1620, 1, 39.514, '00:00:00', 'payee', 4),
(1038, 1621, 7, 22.157, '01:50:00', 'payee', 13),
(1039, 1622, 6, 25.148, '00:16:00', 'payee', 9),
(1040, 1623, 7, 22.801, '01:54:00', 'payee', 14),
(1041, 1624, 7, 26.758, '02:13:00', 'payee', 13),
(1042, 1625, 4, 12.427, '00:00:00', 'payee', 2),
(1043, 1626, 3, 43.750, '00:00:00', 'payee', 1),
(1044, 1627, 4, 10.876, '00:00:00', 'payee', 2),
(1045, 1628, 2, 18.762, '00:00:00', 'payee', 1),
(1046, 1629, 4, 44.450, '00:00:00', 'payee', 1),
(1047, 1630, 5, 38.453, '00:00:00', 'payee', 1),
(1048, 1631, 4, 35.632, '00:00:00', 'payee', 1),
(1049, 1632, 1, 51.843, '00:00:00', 'payee', 2),
(1050, 1633, 3, 59.746, '00:00:00', 'payee', 1),
(1051, 1634, 4, 20.760, '00:00:00', 'payee', 2),
(1052, 1635, 1, 49.103, '00:00:00', 'payee', 1),
(1053, 1642, 1, 14.364, '00:00:00', 'payee', 3),
(1054, 1643, 2, 44.509, '00:00:00', 'payee', 4),
(1055, 1644, 5, 22.550, '00:00:00', 'payee', 4),
(1056, 1645, 4, 20.129, '00:00:00', 'payee', 4),
(1057, 1646, 2, 51.576, '00:00:00', 'payee', 3),
(1058, 1647, 4, 39.529, '00:00:00', 'payee', 3),
(1059, 1648, 7, 9.722, '00:48:00', 'payee', 13),
(1060, 1649, 6, 39.978, '00:26:00', 'payee', 11),
(1061, 1650, 7, 22.109, '01:50:00', 'payee', 14),
(1062, 1651, 7, 18.801, '01:34:00', 'payee', 13),
(1063, 1652, 6, 18.761, '00:12:00', 'payee', 8),
(1064, 1653, 6, 38.880, '00:25:00', 'payee', 12),
(1065, 1654, 4, 35.011, '00:00:00', 'payee', 1),
(1066, 1655, 2, 22.243, '00:00:00', 'payee', 1),
(1067, 1656, 1, 49.152, '00:00:00', 'payee', 2),
(1068, 1657, 5, 42.354, '00:00:00', 'payee', 1),
(1069, 1658, 1, 28.169, '00:00:00', 'payee', 2),
(1070, 1659, 3, 47.897, '00:00:00', 'payee', 1),
(1071, 1670, 2, 43.362, '00:00:00', 'payee', 4),
(1072, 1671, 5, 13.024, '00:00:00', 'payee', 3),
(1073, 1672, 3, 45.877, '00:00:00', 'payee', 3),
(1074, 1673, 4, 17.984, '00:00:00', 'payee', 4),
(1075, 1674, 1, 50.776, '00:00:00', 'payee', 3),
(1076, 1675, 5, 44.276, '00:00:00', 'payee', 4),
(1077, 1676, 1, 18.839, '00:00:00', 'payee', 3),
(1078, 1677, 2, 36.923, '00:00:00', 'payee', 4),
(1079, 1678, 6, 45.999, '00:30:00', 'payee', 12),
(1080, 1679, 7, 29.806, '02:29:00', 'payee', 14),
(1081, 1680, 7, 17.682, '01:28:00', 'payee', 14),
(1082, 1681, 6, 27.057, '00:18:00', 'payee', 9),
(1083, 1682, 6, 34.379, '00:22:00', 'payee', 10),
(1084, 1683, 7, 21.824, '01:49:00', 'payee', 13),
(1085, 1684, 2, 23.824, '00:00:00', 'payee', 4),
(1086, 1685, 3, 51.740, '00:00:00', 'payee', 3),
(1087, 1686, 4, 45.362, '00:00:00', 'payee', 3),
(1088, 1687, 7, 21.337, '01:46:00', 'payee', 14),
(1089, 1688, 7, 14.270, '01:11:00', 'payee', 14),
(1090, 1689, 7, 16.243, '01:21:00', 'payee', 14),
(1091, 1690, 3, 39.061, '00:00:00', 'payee', 3),
(1092, 1691, 2, 19.387, '00:00:00', 'payee', 4),
(1093, 1692, 4, 24.656, '00:00:00', 'payee', 3),
(1094, 1693, 6, 13.721, '00:09:00', 'payee', 7),
(1095, 1694, 7, 28.801, '02:24:00', 'payee', 13),
(1096, 1695, 7, 11.246, '00:56:00', 'payee', 14),
(1097, 1696, 7, 28.090, '02:20:00', 'payee', 13),
(1098, 1697, 7, 29.429, '02:27:00', 'payee', 14),
(1099, 1698, 5, 14.400, '00:00:00', 'payee', 1),
(1100, 1699, 3, 55.255, '00:00:00', 'payee', 2),
(1101, 1700, 4, 21.384, '00:00:00', 'payee', 2),
(1102, 1701, 4, 49.905, '00:00:00', 'payee', 1),
(1103, 1702, 5, 31.860, '00:00:00', 'payee', 1),
(1104, 1703, 5, 34.600, '00:00:00', 'payee', 2),
(1105, 1704, 5, 49.029, '00:00:00', 'payee', 1),
(1106, 1717, 1, 52.520, '00:00:00', 'payee', 3),
(1107, 1718, 1, 25.961, '00:00:00', 'payee', 4),
(1108, 1719, 3, 20.321, '00:00:00', 'payee', 3),
(1109, 1720, 1, 52.809, '00:00:00', 'payee', 4),
(1110, 1721, 2, 17.981, '00:00:00', 'payee', 3),
(1111, 1722, 6, 13.059, '00:08:00', 'payee', 8),
(1112, 1723, 7, 9.310, '00:46:00', 'payee', 13),
(1113, 1724, 6, 11.499, '00:07:00', 'payee', 8),
(1114, 1725, 7, 20.548, '01:42:00', 'payee', 13),
(1115, 1726, 6, 46.748, '00:31:00', 'payee', 7),
(1116, 1727, 6, 17.909, '00:11:00', 'payee', 5),
(1117, 1728, 4, 33.222, '00:00:00', 'payee', 2),
(1118, 1729, 5, 50.471, '00:00:00', 'payee', 1),
(1119, 1730, 1, 33.889, '00:00:00', 'payee', 1),
(1120, 1731, 2, 22.534, '00:00:00', 'payee', 2),
(1121, 1732, 2, 26.397, '00:00:00', 'payee', 2),
(1122, 1751, 3, 47.001, '00:00:00', 'payee', 4),
(1123, 1752, 1, 27.168, '00:00:00', 'payee', 4),
(1124, 1753, 4, 44.131, '00:00:00', 'payee', 3),
(1125, 1754, 4, 47.652, '00:00:00', 'payee', 4),
(1126, 1755, 7, 26.058, '02:10:00', 'payee', 14),
(1127, 1756, 7, 29.577, '02:27:00', 'payee', 13),
(1128, 1757, 6, 39.554, '00:26:00', 'payee', 9),
(1129, 1758, 7, 19.017, '01:35:00', 'payee', 14),
(1130, 1759, 7, 6.053, '00:30:00', 'payee', 13),
(1131, 1760, 1, 58.336, '00:00:00', 'payee', 1),
(1132, 1761, 5, 31.091, '00:00:00', 'payee', 2),
(1133, 1762, 4, 52.612, '00:00:00', 'payee', 1),
(1134, 1763, 4, 43.453, '00:00:00', 'payee', 1),
(1135, 1764, 1, 46.453, '00:00:00', 'payee', 2),
(1136, 1773, 5, 41.304, '00:00:00', 'payee', 3),
(1137, 1774, 2, 42.215, '00:00:00', 'payee', 4),
(1138, 1775, 3, 37.604, '00:00:00', 'payee', 3),
(1139, 1776, 2, 34.659, '00:00:00', 'payee', 4),
(1140, 1777, 6, 22.268, '00:14:00', 'payee', 8),
(1141, 1778, 7, 11.092, '00:55:00', 'payee', 13),
(1142, 1779, 6, 30.616, '00:20:00', 'payee', 11),
(1143, 1780, 7, 23.670, '01:58:00', 'payee', 14),
(1144, 1781, 7, 18.509, '01:32:00', 'payee', 13),
(1145, 1782, 5, 38.948, '00:00:00', 'payee', 1),
(1146, 1783, 4, 36.768, '00:00:00', 'payee', 1),
(1147, 1784, 3, 45.878, '00:00:00', 'payee', 1),
(1148, 1785, 4, 40.940, '00:00:00', 'payee', 2),
(1149, 1786, 2, 11.106, '00:00:00', 'payee', 2),
(1150, 1787, 4, 53.379, '00:00:00', 'payee', 1),
(1151, 1788, 4, 45.211, '00:00:00', 'payee', 1),
(1152, 1798, 3, 48.671, '00:00:00', 'payee', 3),
(1153, 1799, 2, 53.910, '00:00:00', 'payee', 3),
(1154, 1800, 2, 32.830, '00:00:00', 'payee', 4),
(1155, 1801, 1, 46.324, '00:00:00', 'payee', 4),
(1156, 1802, 1, 32.394, '00:00:00', 'payee', 3),
(1157, 1803, 5, 47.430, '00:00:00', 'payee', 4),
(1158, 1804, 3, 16.362, '00:00:00', 'payee', 4),
(1159, 1805, 7, 25.273, '02:06:00', 'payee', 13),
(1160, 1806, 7, 23.923, '01:59:00', 'payee', 13),
(1161, 1807, 7, 28.606, '02:23:00', 'payee', 14),
(1162, 1808, 7, 7.608, '00:38:00', 'payee', 14),
(1163, 1809, 7, 24.271, '02:01:00', 'payee', 13),
(1164, 1810, 7, 27.302, '02:16:00', 'payee', 13),
(1165, 1811, 3, 29.245, '00:00:00', 'payee', 2),
(1166, 1812, 4, 46.927, '00:00:00', 'payee', 1),
(1167, 1813, 2, 14.933, '00:00:00', 'payee', 1),
(1168, 1814, 2, 34.764, '00:00:00', 'payee', 1),
(1169, 1825, 4, 19.029, '00:00:00', 'payee', 3),
(1170, 1826, 5, 12.864, '00:00:00', 'payee', 3),
(1171, 1827, 1, 49.210, '00:00:00', 'payee', 3),
(1172, 1828, 2, 34.621, '00:00:00', 'payee', 4),
(1173, 1829, 6, 40.929, '00:27:00', 'payee', 7),
(1174, 1830, 6, 10.295, '00:06:00', 'payee', 5),
(1175, 1831, 6, 52.850, '00:35:00', 'payee', 5),
(1176, 1832, 7, 28.430, '02:22:00', 'payee', 14),
(1177, 1833, 3, 25.532, '00:00:00', 'payee', 4),
(1178, 1834, 3, 20.073, '00:00:00', 'payee', 4),
(1179, 1835, 4, 54.961, '00:00:00', 'payee', 3),
(1180, 1836, 2, 11.915, '00:00:00', 'payee', 4),
(1181, 1837, 2, 47.806, '00:00:00', 'payee', 4),
(1182, 1838, 4, 43.005, '00:00:00', 'payee', 4),
(1183, 1839, 7, 8.328, '00:41:00', 'payee', 13),
(1184, 1840, 7, 27.509, '02:17:00', 'payee', 14),
(1185, 1841, 7, 7.716, '00:38:00', 'payee', 14),
(1186, 1842, 7, 6.272, '00:31:00', 'payee', 13),
(1187, 1843, 7, 9.508, '00:47:00', 'payee', 14),
(1188, 1844, 6, 23.666, '00:15:00', 'payee', 7),
(1189, 1845, 4, 21.056, '00:00:00', 'payee', 3),
(1190, 1846, 5, 33.876, '00:00:00', 'payee', 3),
(1191, 1847, 1, 24.918, '00:00:00', 'payee', 3),
(1192, 1848, 2, 53.108, '00:00:00', 'payee', 4),
(1193, 1849, 5, 50.703, '00:00:00', 'payee', 4),
(1194, 1850, 1, 46.105, '00:00:00', 'payee', 3),
(1195, 1851, 7, 8.957, '00:44:00', 'payee', 14),
(1196, 1852, 6, 43.193, '00:28:00', 'payee', 7),
(1197, 1853, 7, 14.484, '01:12:00', 'payee', 13),
(1198, 1854, 7, 28.274, '02:21:00', 'payee', 13),
(1199, 1855, 3, 59.391, '00:00:00', 'payee', 2),
(1200, 1856, 2, 58.079, '00:00:00', 'payee', 2),
(1201, 1857, 5, 54.552, '00:00:00', 'payee', 2),
(1202, 1858, 2, 35.671, '00:00:00', 'payee', 1),
(1203, 1859, 3, 23.156, '00:00:00', 'payee', 2),
(1204, 1860, 3, 29.034, '00:00:00', 'payee', 2),
(1205, 1861, 3, 44.843, '00:00:00', 'payee', 2),
(1206, 1862, 4, 30.360, '00:00:00', 'payee', 2),
(1207, 1863, 1, 50.274, '00:00:00', 'payee', 2),
(1208, 1881, 4, 26.457, '00:00:00', 'payee', 4),
(1209, 1882, 2, 14.268, '00:00:00', 'payee', 4),
(1210, 1883, 4, 17.124, '00:00:00', 'payee', 4),
(1211, 1884, 4, 29.580, '00:00:00', 'payee', 3),
(1212, 1885, 1, 52.883, '00:00:00', 'payee', 4),
(1213, 1886, 2, 28.736, '00:00:00', 'payee', 3),
(1214, 1887, 7, 20.291, '01:41:00', 'payee', 13),
(1215, 1888, 6, 28.478, '00:18:00', 'payee', 12),
(1216, 1889, 7, 22.207, '01:51:00', 'payee', 14),
(1217, 1890, 5, 27.038, '00:00:00', 'payee', 2),
(1218, 1891, 5, 58.557, '00:00:00', 'payee', 1),
(1219, 1892, 2, 34.429, '00:00:00', 'payee', 2),
(1220, 1893, 1, 29.207, '00:00:00', 'payee', 1),
(1221, 1894, 4, 40.130, '00:00:00', 'payee', 2),
(1222, 1895, 2, 41.653, '00:00:00', 'payee', 2),
(1223, 1896, 2, 49.184, '00:00:00', 'payee', 2),
(1224, 1897, 5, 20.003, '00:00:00', 'payee', 1),
(1225, 1907, 1, 43.960, '00:00:00', 'payee', 4),
(1226, 1908, 4, 34.530, '00:00:00', 'payee', 4),
(1227, 1909, 1, 46.646, '00:00:00', 'payee', 4),
(1228, 1910, 5, 11.090, '00:00:00', 'payee', 3),
(1229, 1911, 2, 32.526, '00:00:00', 'payee', 4),
(1230, 1912, 5, 44.449, '00:00:00', 'payee', 4),
(1231, 1913, 1, 11.806, '00:00:00', 'payee', 3),
(1232, 1914, 1, 36.171, '00:00:00', 'payee', 4),
(1233, 1915, 6, 36.811, '00:24:00', 'payee', 9),
(1234, 1916, 6, 47.709, '00:31:00', 'payee', 9),
(1235, 1917, 7, 7.979, '00:39:00', 'payee', 14),
(1236, 1918, 4, 50.232, '00:00:00', 'payee', 1),
(1237, 1919, 3, 20.840, '00:00:00', 'payee', 1),
(1238, 1920, 4, 45.998, '00:00:00', 'payee', 2),
(1239, 1921, 4, 34.009, '00:00:00', 'payee', 2),
(1240, 1930, 5, 47.593, '00:00:00', 'payee', 4),
(1241, 1931, 1, 22.893, '00:00:00', 'payee', 3),
(1242, 1932, 5, 17.375, '00:00:00', 'payee', 4),
(1243, 1933, 7, 15.175, '01:15:00', 'payee', 14),
(1244, 1934, 6, 50.711, '00:33:00', 'payee', 12),
(1245, 1935, 5, 22.660, '00:00:00', 'payee', 1),
(1246, 1936, 3, 35.318, '00:00:00', 'payee', 1),
(1247, 1937, 2, 52.555, '00:00:00', 'payee', 1),
(1248, 1938, 4, 14.087, '00:00:00', 'payee', 2),
(1249, 1939, 5, 15.191, '00:00:00', 'payee', 1),
(1250, 1951, 3, 34.868, '00:00:00', 'payee', 4),
(1251, 1952, 2, 36.704, '00:00:00', 'payee', 3),
(1252, 1953, 3, 41.371, '00:00:00', 'payee', 4),
(1253, 1954, 6, 44.911, '00:29:00', 'payee', 12),
(1254, 1955, 6, 24.514, '00:16:00', 'payee', 10),
(1255, 1956, 6, 19.956, '00:13:00', 'payee', 12),
(1256, 1957, 6, 25.114, '00:16:00', 'payee', 8),
(1257, 1958, 4, 50.421, '00:00:00', 'payee', 1),
(1258, 1959, 4, 34.807, '00:00:00', 'payee', 2),
(1259, 1960, 1, 14.362, '00:00:00', 'payee', 2),
(1260, 1961, 2, 16.051, '00:00:00', 'payee', 1),
(1261, 1962, 3, 33.894, '00:00:00', 'payee', 1),
(1262, 1963, 2, 20.122, '00:00:00', 'payee', 2),
(1263, 1964, 5, 10.443, '00:00:00', 'payee', 1),
(1264, 1977, 3, 33.295, '00:00:00', 'payee', 4),
(1265, 1978, 2, 44.574, '00:00:00', 'payee', 3),
(1266, 1979, 5, 34.881, '00:00:00', 'payee', 3),
(1267, 1980, 3, 38.737, '00:00:00', 'payee', 3),
(1268, 1981, 2, 49.927, '00:00:00', 'payee', 4),
(1269, 1982, 7, 18.435, '01:32:00', 'payee', 13),
(1270, 1983, 7, 5.082, '00:25:00', 'payee', 13),
(1271, 1984, 7, 17.778, '01:28:00', 'payee', 14),
(1272, 1985, 1, 31.437, '00:00:00', 'payee', 4),
(1273, 1986, 1, 11.847, '00:00:00', 'payee', 3),
(1274, 1987, 4, 19.220, '00:00:00', 'payee', 3),
(1275, 1988, 2, 19.920, '00:00:00', 'payee', 4),
(1276, 1989, 5, 36.285, '00:00:00', 'payee', 3),
(1277, 1990, 2, 34.377, '00:00:00', 'payee', 3),
(1278, 1991, 6, 14.784, '00:09:00', 'payee', 11),
(1279, 1992, 6, 23.974, '00:15:00', 'payee', 5),
(1280, 1993, 7, 16.154, '01:20:00', 'payee', 13),
(1281, 1994, 7, 8.760, '00:43:00', 'payee', 14),
(1282, 1995, 7, 10.128, '00:50:00', 'payee', 14),
(1283, 1996, 6, 34.952, '00:23:00', 'payee', 11),
(1284, 1997, 2, 42.172, '00:00:00', 'payee', 3),
(1285, 1998, 5, 20.983, '00:00:00', 'payee', 3),
(1286, 1999, 3, 26.178, '00:00:00', 'payee', 3),
(1287, 2000, 1, 29.681, '00:00:00', 'payee', 4),
(1288, 2001, 3, 31.534, '00:00:00', 'payee', 3),
(1289, 2002, 5, 46.456, '00:00:00', 'payee', 3),
(1290, 2003, 6, 14.619, '00:09:00', 'payee', 5),
(1291, 2004, 6, 52.925, '00:35:00', 'payee', 9),
(1292, 2005, 6, 21.591, '00:14:00', 'payee', 6),
(1293, 2006, 7, 27.373, '02:16:00', 'payee', 13),
(1294, 2007, 1, 48.642, '00:00:00', 'payee', 2),
(1295, 2008, 4, 37.672, '00:00:00', 'payee', 2),
(1296, 2009, 2, 22.282, '00:00:00', 'payee', 1),
(1297, 2010, 1, 29.690, '00:00:00', 'payee', 1),
(1298, 2011, 5, 49.158, '00:00:00', 'payee', 2),
(1299, 2029, 4, 34.618, '00:00:00', 'payee', 4),
(1300, 2030, 3, 42.726, '00:00:00', 'payee', 3),
(1301, 2031, 4, 15.141, '00:00:00', 'payee', 4),
(1302, 2032, 4, 53.005, '00:00:00', 'payee', 4),
(1303, 2033, 3, 38.419, '00:00:00', 'payee', 4),
(1304, 2034, 5, 33.402, '00:00:00', 'payee', 4),
(1305, 2035, 6, 31.694, '00:21:00', 'payee', 9),
(1306, 2036, 7, 6.282, '00:31:00', 'payee', 14),
(1307, 2037, 6, 54.037, '00:36:00', 'payee', 8),
(1308, 2038, 5, 28.150, '00:00:00', 'payee', 2),
(1309, 2039, 2, 18.122, '00:00:00', 'payee', 2),
(1310, 2040, 1, 31.781, '00:00:00', 'payee', 2),
(1311, 2041, 4, 56.392, '00:00:00', 'payee', 2),
(1312, 2042, 2, 24.323, '00:00:00', 'payee', 1),
(1313, 2043, 4, 54.829, '00:00:00', 'payee', 1),
(1314, 2044, 1, 16.674, '00:00:00', 'payee', 2),
(1315, 2045, 5, 14.376, '00:00:00', 'payee', 1),
(1316, 2046, 1, 40.718, '00:00:00', 'payee', 1),
(1317, 2047, 4, 15.377, '00:00:00', 'payee', 2),
(1318, 2048, 2, 13.247, '00:00:00', 'payee', 2),
(1319, 2049, 4, 50.514, '00:00:00', 'payee', 2),
(1320, 2066, 4, 35.234, '00:00:00', 'payee', 4),
(1321, 2067, 4, 13.585, '00:00:00', 'payee', 3),
(1322, 2068, 3, 17.606, '00:00:00', 'payee', 4),
(1323, 2069, 6, 46.458, '00:30:00', 'payee', 10),
(1324, 2070, 6, 13.811, '00:09:00', 'payee', 7),
(1325, 2071, 6, 48.933, '00:32:00', 'payee', 9),
(1326, 2072, 4, 35.539, '00:00:00', 'payee', 2),
(1327, 2073, 3, 49.450, '00:00:00', 'payee', 2),
(1328, 2074, 1, 18.115, '00:00:00', 'payee', 2),
(1329, 2075, 4, 15.178, '00:00:00', 'payee', 2),
(1330, 2076, 2, 51.726, '00:00:00', 'payee', 2),
(1331, 2077, 3, 19.956, '00:00:00', 'payee', 1),
(1332, 2078, 3, 42.436, '00:00:00', 'payee', 2),
(1333, 2079, 4, 14.261, '00:00:00', 'payee', 1),
(1334, 2080, 5, 16.789, '00:00:00', 'payee', 2),
(1335, 2081, 3, 15.988, '00:00:00', 'payee', 1),
(1336, 2082, 3, 36.854, '00:00:00', 'payee', 2),
(1337, 2083, 2, 44.795, '00:00:00', 'payee', 2),
(1338, 2095, 4, 53.817, '00:00:00', 'payee', 4),
(1339, 2096, 1, 41.811, '00:00:00', 'payee', 4),
(1340, 2097, 4, 36.583, '00:00:00', 'payee', 4),
(1341, 2098, 5, 15.399, '00:00:00', 'payee', 3),
(1342, 2099, 1, 42.906, '00:00:00', 'payee', 4),
(1343, 2100, 6, 42.593, '00:28:00', 'payee', 6),
(1344, 2101, 6, 17.349, '00:11:00', 'payee', 6),
(1345, 2102, 7, 16.085, '01:20:00', 'payee', 13),
(1346, 2103, 4, 34.446, '00:00:00', 'payee', 2),
(1347, 2104, 2, 13.070, '00:00:00', 'payee', 1),
(1348, 2105, 4, 15.521, '00:00:00', 'payee', 2),
(1349, 2106, 5, 32.721, '00:00:00', 'payee', 2),
(1350, 2107, 3, 51.973, '00:00:00', 'payee', 2),
(1351, 2108, 4, 20.944, '00:00:00', 'payee', 1),
(1352, 2109, 4, 11.015, '00:00:00', 'payee', 1),
(1353, 2124, 4, 14.884, '00:00:00', 'payee', 3),
(1354, 2125, 2, 21.976, '00:00:00', 'payee', 4),
(1355, 2126, 5, 39.723, '00:00:00', 'payee', 3),
(1356, 2127, 4, 22.563, '00:00:00', 'payee', 4),
(1357, 2128, 1, 18.832, '00:00:00', 'payee', 4),
(1358, 2129, 5, 15.191, '00:00:00', 'payee', 3),
(1359, 2130, 1, 35.203, '00:00:00', 'payee', 4),
(1360, 2131, 6, 35.898, '00:23:00', 'payee', 8),
(1361, 2132, 6, 22.075, '00:14:00', 'payee', 6),
(1362, 2133, 7, 18.723, '01:33:00', 'payee', 13),
(1363, 2134, 2, 50.144, '00:00:00', 'payee', 1),
(1364, 2135, 5, 32.117, '00:00:00', 'payee', 2),
(1365, 2136, 4, 18.232, '00:00:00', 'payee', 2),
(1366, 2137, 1, 48.765, '00:00:00', 'payee', 1),
(1367, 2138, 2, 47.878, '00:00:00', 'payee', 1),
(1368, 2139, 5, 42.377, '00:00:00', 'payee', 1),
(1369, 2140, 1, 45.961, '00:00:00', 'payee', 2),
(1370, 2156, 3, 34.456, '00:00:00', 'payee', 3),
(1371, 2157, 1, 40.090, '00:00:00', 'payee', 4),
(1372, 2158, 5, 35.907, '00:00:00', 'payee', 3),
(1373, 2159, 5, 33.344, '00:00:00', 'payee', 4),
(1374, 2160, 1, 40.316, '00:00:00', 'payee', 4),
(1375, 2161, 3, 20.747, '00:00:00', 'payee', 3),
(1376, 2162, 2, 47.284, '00:00:00', 'payee', 4),
(1377, 2163, 2, 46.302, '00:00:00', 'payee', 3),
(1378, 2164, 6, 37.219, '00:24:00', 'payee', 8),
(1379, 2165, 7, 10.420, '00:52:00', 'payee', 14),
(1380, 2166, 6, 46.168, '00:30:00', 'payee', 6),
(1381, 2167, 7, 7.383, '00:36:00', 'payee', 14),
(1382, 2168, 5, 15.756, '00:00:00', 'payee', 3),
(1383, 2169, 4, 21.875, '00:00:00', 'payee', 4),
(1384, 2170, 5, 40.605, '00:00:00', 'payee', 4),
(1385, 2171, 1, 24.005, '00:00:00', 'payee', 3),
(1386, 2172, 3, 14.899, '00:00:00', 'payee', 4),
(1387, 2173, 1, 36.395, '00:00:00', 'payee', 4),
(1388, 2174, 6, 13.675, '00:09:00', 'payee', 12),
(1389, 2175, 7, 28.344, '02:21:00', 'payee', 14),
(1390, 2176, 5, 41.216, '00:00:00', 'payee', 3),
(1391, 2177, 1, 52.473, '00:00:00', 'payee', 3),
(1392, 2178, 5, 13.977, '00:00:00', 'payee', 3),
(1393, 2179, 2, 14.498, '00:00:00', 'payee', 3),
(1394, 2180, 4, 32.908, '00:00:00', 'payee', 3),
(1395, 2181, 4, 29.101, '00:00:00', 'payee', 3),
(1396, 2182, 7, 23.742, '01:58:00', 'payee', 13),
(1397, 2183, 6, 49.691, '00:33:00', 'payee', 12),
(1398, 2184, 5, 16.825, '00:00:00', 'payee', 1),
(1399, 2185, 1, 35.370, '00:00:00', 'payee', 1),
(1400, 2186, 1, 45.733, '00:00:00', 'payee', 2),
(1401, 2187, 4, 47.811, '00:00:00', 'payee', 2),
(1402, 2188, 3, 51.514, '00:00:00', 'payee', 2),
(1403, 2189, 3, 38.267, '00:00:00', 'payee', 2),
(1404, 2190, 2, 24.722, '00:00:00', 'payee', 1),
(1405, 2191, 5, 58.031, '00:00:00', 'payee', 1),
(1406, 2192, 2, 29.900, '00:00:00', 'payee', 1),
(1407, 2193, 1, 42.097, '00:00:00', 'payee', 1),
(1408, 2194, 2, 36.000, '00:00:00', 'payee', 1),
(1409, 2195, 3, 51.401, '00:00:00', 'payee', 2),
(1410, 2203, 4, 32.675, '00:00:00', 'payee', 3),
(1411, 2204, 3, 47.060, '00:00:00', 'payee', 3),
(1412, 2205, 5, 39.173, '00:00:00', 'payee', 3),
(1413, 2206, 7, 6.358, '00:31:00', 'payee', 14),
(1414, 2207, 7, 21.052, '01:45:00', 'payee', 13),
(1415, 2208, 1, 54.786, '00:00:00', 'payee', 2),
(1416, 2209, 1, 45.716, '00:00:00', 'payee', 2),
(1417, 2210, 4, 43.570, '00:00:00', 'payee', 1),
(1418, 2211, 5, 13.340, '00:00:00', 'payee', 2),
(1419, 2212, 3, 27.894, '00:00:00', 'payee', 1),
(1420, 2213, 2, 43.902, '00:00:00', 'payee', 1),
(1421, 2214, 2, 47.517, '00:00:00', 'payee', 1),
(1422, 2215, 4, 34.787, '00:00:00', 'payee', 2);
ALTER TABLE `TransactionEnergie` AUTO_INCREMENT = 1423;

-- ============================================================
--  TRANSACTION PRODUIT (2148 lignes)
-- ============================================================
INSERT INTO `TransactionProduit` (`id_transaction_produit`, `id_transaction`, `code_barres`, `quantite_produit_totale`) VALUES
(1, 26, 3228882010053, 1),
(2, 26, 3700000000002, 1),
(3, 26, 5000112657920, 1),
(4, 27, 5449000131836, 1),
(5, 27, 3245390214024, 2),
(6, 28, 3600524068738, 1),
(7, 29, 3400930006903, 1),
(8, 29, 3057640257579, 1),
(9, 29, 3057640257578, 1),
(10, 30, 3057640257579, 1),
(11, 30, 3017620425035, 1),
(12, 30, 3560070976843, 1),
(13, 31, 3057640257578, 1),
(14, 31, 3600522118015, 1),
(15, 32, 3057640257578, 1),
(16, 32, 3057640257579, 1),
(17, 33, 3400930006903, 1),
(18, 33, 3560070976843, 2),
(19, 33, 3700000000001, 1),
(20, 34, 3017620425035, 1),
(21, 35, 5449000131836, 2),
(22, 36, 7622210449283, 1),
(23, 36, 3245390214017, 1),
(24, 37, 5000112657920, 1),
(25, 38, 5000159461121, 2),
(26, 38, 5000112657920, 2),
(27, 39, 3057640257578, 1),
(28, 39, 3700000000010, 2),
(29, 39, 9772102347008, 1),
(30, 39, 5449000131836, 1),
(31, 39, 3600522118015, 1),
(32, 40, 5449000214911, 1),
(33, 40, 3700000000011, 1),
(34, 41, 3228882010053, 1),
(35, 42, 3057640257578, 1),
(36, 43, 3700000000010, 1),
(37, 43, 3600522118015, 2),
(38, 43, 9771950123005, 1),
(39, 44, 3057640257578, 1),
(40, 45, 3760020509015, 1),
(41, 46, 3400930006903, 1),
(42, 47, 3600524068738, 1),
(43, 47, 5000112657920, 1),
(44, 66, 5449000131836, 1),
(45, 67, 3700000000003, 1),
(46, 67, 5000112657920, 1),
(47, 67, 3760020509015, 1),
(48, 67, 3600522118015, 1),
(49, 67, 3175680091680, 1),
(50, 68, 9771950123005, 1),
(51, 68, 3560070976843, 1),
(52, 68, 3017620425035, 1),
(53, 69, 3228882010053, 1),
(54, 69, 3400930006903, 1),
(55, 70, 3560070976843, 1),
(56, 70, 3245390214024, 1),
(57, 71, 5449000214911, 1),
(58, 71, 3760020509100, 2),
(59, 71, 5000159461121, 1),
(60, 72, 3245390214017, 1),
(61, 72, 9772102347008, 1),
(62, 72, 3245390214024, 1),
(63, 72, 3700000000012, 1),
(64, 72, 5000112657920, 1),
(65, 73, 3014760032112, 2),
(66, 74, 3700000000002, 1),
(67, 74, 5099576088745, 1),
(68, 74, 5449000131836, 1),
(69, 74, 7622210449283, 1),
(70, 75, 3400930006903, 1),
(71, 75, 5000159461121, 2),
(72, 76, 5449000214911, 1),
(73, 77, 3400930006910, 1),
(74, 78, 3057640257579, 1),
(75, 78, 5449000214911, 1),
(76, 78, 3400930006903, 1),
(77, 78, 3560070976843, 1),
(78, 79, 3700000000012, 1),
(79, 79, 5449000214911, 1),
(80, 114, 3760020509015, 1),
(81, 114, 3560070976843, 1),
(82, 114, 5449000214911, 1),
(83, 115, 3700000000012, 1),
(84, 116, 3175680091680, 1),
(85, 116, 9771950123005, 2),
(86, 117, 3400930006903, 1),
(87, 118, 3245390214017, 1),
(88, 118, 5000159417891, 1),
(89, 118, 3175680011800, 1),
(90, 119, 3400930006910, 2),
(91, 119, 3017620425035, 1),
(92, 119, 3245390214017, 1),
(93, 119, 3400930006903, 1),
(94, 120, 9771950123005, 1),
(95, 120, 3400930006903, 1),
(96, 121, 5000159461121, 1),
(97, 121, 3228882010053, 2),
(98, 122, 9771950123005, 1),
(99, 123, 5000159461121, 2),
(100, 123, 3014760032112, 1),
(101, 123, 3400930006903, 2),
(102, 123, 3245390214017, 1),
(103, 124, 3700000000011, 1),
(104, 124, 5000159461121, 1),
(105, 125, 3700000000010, 1),
(106, 126, 3560070976843, 1),
(107, 127, 9771950123005, 1),
(108, 144, 5000159461121, 1),
(109, 145, 3175680011800, 1),
(110, 146, 3400930006910, 1),
(111, 147, 9771950123005, 1),
(112, 148, 3245390214017, 1),
(113, 149, 5000159461121, 1),
(114, 150, 3700000000002, 1),
(115, 150, 3400930006903, 1),
(116, 151, 3017620425035, 1),
(117, 151, 5000112657920, 1),
(118, 151, 5449000131836, 1),
(119, 151, 3760020509015, 2),
(120, 152, 3700000000010, 2),
(121, 152, 3400930006903, 2),
(122, 152, 3175680011800, 1),
(123, 152, 3017620425035, 1),
(124, 152, 3057640257578, 1),
(125, 153, 3560070976843, 1),
(126, 154, 3175680091680, 1),
(127, 155, 3560070976843, 1),
(128, 156, 3245390214024, 1),
(129, 156, 3400930006910, 1),
(130, 156, 7622210449283, 1),
(131, 156, 5449000214911, 1),
(132, 156, 5449000131836, 1),
(133, 157, 3700000000011, 1),
(134, 157, 5449000214911, 1),
(135, 157, 3400930006910, 1),
(136, 158, 3228882010053, 1),
(137, 159, 5449000131836, 2),
(138, 159, 3400930006903, 1),
(139, 176, 3700000000002, 1),
(140, 176, 9771950123005, 1),
(141, 176, 3700000000011, 1),
(142, 177, 3228882010053, 1),
(143, 177, 3400930006910, 1),
(144, 177, 3057640257579, 1),
(145, 177, 5449000131836, 1),
(146, 178, 3700000000010, 1),
(147, 178, 3175680011800, 1),
(148, 179, 5000112657920, 1),
(149, 180, 3057640257579, 1),
(150, 180, 5449000214911, 2),
(151, 181, 7622210449283, 1),
(152, 181, 3017620425035, 1),
(153, 182, 3175680011800, 1),
(154, 182, 5449000131836, 1),
(155, 183, 5449000214911, 1),
(156, 183, 3700000000011, 2),
(157, 184, 3560070976843, 1),
(158, 184, 3057640257579, 1),
(159, 184, 3400930006910, 1),
(160, 184, 7622210449283, 2),
(161, 184, 3700000000012, 1),
(162, 185, 3700000000011, 1),
(163, 185, 5099576088745, 1),
(164, 185, 3228882010053, 1),
(165, 197, 3400930006903, 1),
(166, 199, 3700000000010, 1),
(167, 199, 3760020509015, 1),
(168, 199, 3228882010053, 1),
(169, 200, 3057640257578, 1),
(170, 200, 3017620425035, 1),
(171, 202, 3017620425035, 2),
(172, 202, 3175680091680, 1),
(173, 203, 3560070976843, 2),
(174, 203, 3600524068738, 1),
(175, 203, 3017620425035, 1),
(176, 204, 3600522118015, 1),
(177, 205, 5449000131836, 2),
(178, 205, 5000112657920, 1),
(179, 206, 5000112657920, 1),
(180, 207, 3175680011800, 2),
(181, 207, 3700000000011, 1),
(182, 207, 3057640257578, 1),
(183, 208, 3700000000011, 1),
(184, 208, 3600522118015, 1),
(185, 208, 5449000214911, 1),
(186, 209, 5000159461121, 1),
(187, 209, 3400930006910, 1),
(188, 209, 5449000214911, 1),
(189, 210, 3560070976843, 1),
(190, 211, 3245390214017, 1),
(191, 212, 3400930006910, 1),
(192, 212, 3700000000011, 1),
(193, 212, 3245390214024, 1),
(194, 212, 3600522118015, 1),
(195, 212, 3175680091680, 1),
(196, 213, 3560070976843, 1),
(197, 214, 3560070976843, 1),
(198, 214, 3228882010053, 1),
(199, 228, 3700000000011, 2),
(200, 228, 5449000131836, 1),
(201, 229, 3760020509015, 1),
(202, 229, 3017620425035, 1),
(203, 229, 5000112657920, 1),
(204, 236, 3228882010053, 2),
(205, 237, 3175680091680, 1),
(206, 237, 3017620425035, 1),
(207, 237, 5000112657920, 1),
(208, 239, 3760020509100, 1),
(209, 240, 5449000131836, 1),
(210, 240, 3245390214017, 1),
(211, 241, 5000159417891, 1),
(212, 241, 5449000214911, 1),
(213, 242, 5449000214911, 1),
(214, 242, 3400930006903, 1),
(215, 243, 3400930006910, 1),
(216, 243, 5000159417891, 1),
(217, 243, 5000112657920, 1),
(218, 243, 3017620425035, 1),
(219, 243, 3600524068738, 1),
(220, 244, 3245390214017, 2),
(221, 244, 3400930006903, 1),
(222, 244, 3400930006910, 1),
(223, 244, 3228882010053, 1),
(224, 273, 3245390214024, 2),
(225, 273, 3700000000011, 1),
(226, 273, 3245390214017, 1),
(227, 275, 5000159417891, 1),
(228, 275, 3600522118015, 1),
(229, 275, 3600524068738, 1),
(230, 276, 3560070976843, 1),
(231, 276, 5449000214911, 1),
(232, 279, 5000159417891, 1),
(233, 282, 5449000214911, 1),
(234, 282, 3400930006903, 1),
(235, 282, 3175680091680, 1),
(236, 282, 3600522118015, 1),
(237, 283, 3700000000001, 1),
(238, 284, 5000112657920, 1),
(239, 285, 5449000131836, 1),
(240, 285, 5449000214911, 1),
(241, 286, 3600522118015, 1),
(242, 287, 3400930006910, 2),
(243, 303, 3057640257578, 2),
(244, 304, 3400930006903, 1),
(245, 304, 3700000000012, 1),
(246, 304, 5449000214911, 1),
(247, 305, 3700000000010, 1),
(248, 305, 5449000131836, 1),
(249, 306, 3175680011800, 1),
(250, 306, 5000112657920, 1),
(251, 306, 5449000214911, 1),
(252, 307, 3175680091680, 2),
(253, 316, 5000159461121, 1),
(254, 316, 5099576088745, 1),
(255, 317, 5000159461121, 1),
(256, 317, 3175680091680, 1),
(257, 319, 3017620425035, 2),
(258, 320, 3700000000002, 1),
(259, 321, 5099576088745, 1),
(260, 323, 3228882010053, 1),
(261, 323, 3700000000010, 1),
(262, 324, 7622210449283, 1),
(263, 325, 5000159461121, 1),
(264, 325, 3600524068738, 1),
(265, 326, 3400930006903, 1),
(266, 326, 3700000000010, 1),
(267, 327, 3014760032112, 1),
(268, 328, 3760020509015, 1),
(269, 328, 7622210449283, 1),
(270, 328, 3057640257579, 1),
(271, 328, 5000112657920, 1),
(272, 329, 3700000000003, 1),
(273, 329, 3228882010053, 1),
(274, 330, 3571090000148, 2),
(275, 331, 5000159461121, 1),
(276, 332, 3400930006910, 1),
(277, 332, 3700000000010, 1),
(278, 333, 3400930006903, 1),
(279, 333, 3245390214017, 1),
(280, 334, 3175680011800, 1),
(281, 335, 3760020509015, 1),
(282, 335, 3560070976843, 1),
(283, 335, 3600524068738, 2),
(284, 335, 3700000000003, 1),
(285, 336, 5000112657920, 1),
(286, 336, 3057640257579, 1),
(287, 337, 3017620425035, 1),
(288, 338, 3057640257579, 1),
(289, 338, 3700000000002, 1),
(290, 338, 3245390214024, 2),
(291, 338, 3017620425035, 1),
(292, 339, 3400930006910, 1),
(293, 339, 9771950123005, 1),
(294, 339, 3245390214017, 1),
(295, 340, 3700000000010, 1),
(296, 340, 3700000000011, 1),
(297, 340, 3700000000003, 1),
(298, 357, 7622210449283, 1),
(299, 357, 3571090000148, 1),
(300, 357, 3700000000010, 1),
(301, 357, 9771950123005, 1),
(302, 358, 3228882010053, 1),
(303, 359, 3245390214017, 1),
(304, 359, 9771950123005, 1),
(305, 360, 5099576088745, 1),
(306, 361, 5000112657920, 1),
(307, 362, 3245390214017, 1),
(308, 362, 3175680091680, 1),
(309, 363, 7622210449283, 1),
(310, 363, 3245390214024, 1),
(311, 363, 3228882010053, 1),
(312, 364, 3400930006903, 1),
(313, 364, 5449000214911, 1),
(314, 364, 5000112657920, 1),
(315, 365, 3560070976843, 1),
(316, 366, 3600522118015, 1),
(317, 366, 3700000000010, 1),
(318, 367, 3400930006910, 1),
(319, 368, 3057640257579, 1),
(320, 369, 3057640257578, 2),
(321, 369, 3228882010053, 1),
(322, 370, 5000112657920, 1),
(323, 370, 3400930006903, 1),
(324, 370, 3560070976843, 1),
(325, 370, 3228882010053, 1),
(326, 371, 5000159461121, 1),
(327, 371, 3700000000011, 1),
(328, 372, 3017620425035, 2),
(329, 372, 5000159461121, 1),
(330, 383, 3057640257579, 1),
(331, 383, 3700000000010, 1),
(332, 383, 3760020509015, 1),
(333, 386, 3700000000003, 1),
(334, 386, 3700000000012, 1),
(335, 386, 3057640257578, 1),
(336, 388, 3700000000003, 2),
(337, 388, 3700000000010, 1),
(338, 388, 3700000000011, 1),
(339, 392, 7622210449283, 1),
(340, 393, 3228882010053, 1),
(341, 394, 3400930006910, 1),
(342, 394, 5449000131836, 1),
(343, 395, 3600524068738, 1),
(344, 396, 7622210449283, 1),
(345, 397, 3245390214017, 2),
(346, 398, 3700000000010, 1),
(347, 398, 3017620425035, 1),
(348, 398, 5000112657920, 1),
(349, 399, 3600522118015, 1),
(350, 400, 3700000000010, 1),
(351, 400, 3245390214017, 1),
(352, 400, 5000159461121, 1),
(353, 400, 3600524068738, 1),
(354, 400, 7622210449283, 1),
(355, 433, 3057640257578, 2),
(356, 433, 3560070976843, 1),
(357, 434, 3228882010053, 1),
(358, 435, 5449000214911, 1),
(359, 435, 3700000000011, 2),
(360, 435, 7622210449283, 1),
(361, 435, 3700000000010, 1),
(362, 436, 3600524068738, 1),
(363, 436, 9771950123005, 2),
(364, 436, 5000112657920, 1),
(365, 436, 7622210449283, 1),
(366, 436, 3571090000148, 1),
(367, 437, 3057640257579, 1),
(368, 437, 5000112657920, 2),
(369, 437, 7622210449283, 2),
(370, 448, 3560070976843, 1),
(371, 450, 3057640257579, 2),
(372, 453, 5099576088745, 1),
(373, 453, 3400930006903, 1),
(374, 456, 5000112657920, 1),
(375, 456, 3600522118015, 1),
(376, 457, 5449000131836, 1),
(377, 457, 3700000000011, 2),
(378, 458, 3600522118015, 1),
(379, 459, 3560070976843, 1),
(380, 459, 3700000000003, 1),
(381, 459, 3700000000010, 1),
(382, 459, 5000112657920, 1),
(383, 459, 3400930006910, 1),
(384, 460, 3760020509015, 1),
(385, 460, 3245390214017, 1),
(386, 461, 3057640257578, 1),
(387, 461, 3057640257579, 1),
(388, 461, 5099576088745, 1),
(389, 478, 5000159417891, 1),
(390, 479, 3560070976843, 1),
(391, 479, 3400930006903, 1),
(392, 479, 3700000000003, 1),
(393, 482, 5449000214911, 1),
(394, 482, 3700000000010, 1),
(395, 483, 3700000000010, 1),
(396, 483, 3571090000148, 1),
(397, 484, 5000112657920, 1),
(398, 484, 3700000000010, 1),
(399, 484, 5449000131836, 1),
(400, 485, 3175680011800, 1),
(401, 485, 3560070976843, 1),
(402, 485, 3700000000001, 1),
(403, 485, 3700000000010, 1),
(404, 486, 3400930006903, 1),
(405, 487, 5000159461121, 1),
(406, 487, 3560070976843, 1),
(407, 487, 5000112657920, 1),
(408, 487, 3017620425035, 1),
(409, 487, 7622210449283, 1),
(410, 488, 3760020509100, 1),
(411, 488, 3400930006910, 1),
(412, 488, 9771950123005, 1),
(413, 489, 5000159417891, 1),
(414, 489, 3014760032112, 1),
(415, 490, 3228882010053, 1),
(416, 491, 3400930006903, 1),
(417, 491, 5000112657920, 1),
(418, 491, 3400930006910, 1),
(419, 492, 5449000214911, 1),
(420, 492, 3057640257579, 1),
(421, 492, 5000159461121, 1),
(422, 493, 9771950123005, 1),
(423, 494, 5000159417891, 1),
(424, 494, 5449000214911, 1),
(425, 494, 3228882010053, 1),
(426, 494, 5000112657920, 1),
(427, 495, 5000112657920, 1),
(428, 495, 5000159461121, 1),
(429, 495, 3400930006910, 1),
(430, 496, 5449000214911, 1),
(431, 496, 3560070976843, 1),
(432, 496, 3245390214017, 1),
(433, 507, 5000159417891, 1),
(434, 507, 5000159461121, 1),
(435, 508, 3400930006903, 1),
(436, 508, 3400930006910, 1),
(437, 508, 3057640257579, 1),
(438, 510, 3760020509015, 1),
(439, 510, 3228882010053, 1),
(440, 513, 3560070976843, 1),
(441, 513, 3057640257579, 1),
(442, 513, 3400930006910, 1),
(443, 514, 3175680091680, 1),
(444, 515, 3760020509100, 1),
(445, 515, 3700000000011, 1),
(446, 516, 5449000214911, 1),
(447, 516, 3057640257579, 1),
(448, 517, 5449000214911, 1),
(449, 517, 3600524068738, 1),
(450, 517, 3571090000148, 2),
(451, 518, 5000159461121, 1),
(452, 518, 3560070976843, 1),
(453, 518, 3571090000148, 1),
(454, 519, 5000112657920, 1),
(455, 520, 3057640257579, 1),
(456, 520, 3175680091680, 1),
(457, 520, 3760020509015, 1),
(458, 520, 3017620425035, 1),
(459, 520, 3228882010053, 1),
(460, 531, 3057640257578, 1),
(461, 533, 3057640257578, 1),
(462, 533, 3560070976843, 2),
(463, 533, 5000159461121, 2),
(464, 534, 5000112657920, 1),
(465, 534, 3017620425035, 1),
(466, 537, 3400930006903, 1),
(467, 537, 3228882010053, 1),
(468, 540, 3245390214017, 1),
(469, 540, 3245390214024, 1),
(470, 541, 3560070976843, 1),
(471, 541, 7622210449283, 1),
(472, 541, 3057640257579, 1),
(473, 542, 3057640257579, 2),
(474, 542, 5449000214911, 1),
(475, 542, 3400930006910, 1),
(476, 542, 3700000000011, 2),
(477, 542, 3560070976843, 1),
(478, 543, 5449000214911, 1),
(479, 543, 3014760032112, 1),
(480, 543, 3400930006910, 2),
(481, 544, 3600524068738, 1),
(482, 544, 3700000000011, 1),
(483, 545, 3057640257578, 2),
(484, 545, 3700000000010, 1),
(485, 546, 5449000131836, 1),
(486, 547, 3600524068738, 1),
(487, 548, 5000159461121, 1),
(488, 549, 3400930006910, 1),
(489, 550, 9771950123005, 1),
(490, 550, 3014760032112, 1),
(491, 550, 3700000000011, 1),
(492, 550, 5000159417891, 1),
(493, 551, 3700000000001, 1),
(494, 552, 3057640257579, 1),
(495, 552, 5449000214911, 1),
(496, 553, 5449000131836, 1),
(497, 553, 3175680011800, 1),
(498, 553, 3400930006910, 1),
(499, 554, 3560070976843, 1),
(500, 555, 3057640257579, 1);
INSERT INTO `TransactionProduit` (`id_transaction_produit`, `id_transaction`, `code_barres`, `quantite_produit_totale`) VALUES
(501, 555, 3175680091680, 1),
(502, 556, 3175680091680, 1),
(503, 556, 7622210449283, 1),
(504, 591, 3057640257578, 1),
(505, 591, 3760020509100, 1),
(506, 591, 3760020509015, 1),
(507, 594, 3571090000148, 2),
(508, 594, 5000159417891, 1),
(509, 594, 3400930006910, 1),
(510, 595, 5449000131836, 1),
(511, 595, 3228882010053, 1),
(512, 595, 3700000000011, 1),
(513, 595, 3400930006910, 1),
(514, 596, 3400930006910, 1),
(515, 596, 3014760032112, 1),
(516, 596, 3057640257578, 1),
(517, 597, 5000112657920, 1),
(518, 598, 5000159417891, 1),
(519, 598, 3760020509015, 1),
(520, 598, 3057640257578, 1),
(521, 598, 3700000000003, 1),
(522, 599, 3760020509015, 1),
(523, 599, 3057640257578, 1),
(524, 599, 5000112657920, 1),
(525, 600, 3560070976843, 1),
(526, 601, 5000159417891, 1),
(527, 602, 3057640257579, 1),
(528, 603, 3571090000148, 1),
(529, 603, 3700000000001, 2),
(530, 604, 5000159461121, 1),
(531, 604, 5000159417891, 1),
(532, 604, 3760020509100, 1),
(533, 604, 3057640257578, 1),
(534, 604, 3700000000010, 1),
(535, 605, 9772102347008, 1),
(536, 605, 3760020509100, 1),
(537, 605, 3400930006910, 1),
(538, 605, 3760020509015, 2),
(539, 605, 5000159461121, 1),
(540, 606, 5000159417891, 1),
(541, 606, 5449000214911, 1),
(542, 606, 3700000000010, 1),
(543, 606, 3400930006910, 1),
(544, 607, 3760020509015, 1),
(545, 607, 9772102347008, 1),
(546, 607, 3057640257579, 1),
(547, 607, 3700000000010, 1),
(548, 607, 3400930006903, 1),
(549, 608, 3760020509100, 1),
(550, 608, 7622210449283, 1),
(551, 609, 3560070976843, 1),
(552, 610, 3700000000010, 1),
(553, 610, 3400930006903, 1),
(554, 610, 3057640257579, 2),
(555, 611, 3245390214024, 1),
(556, 611, 3228882010053, 1),
(557, 611, 5000159417891, 1),
(558, 612, 3600524068738, 1),
(559, 612, 3017620425035, 1),
(560, 629, 3400930006910, 2),
(561, 630, 3175680091680, 1),
(562, 630, 3560070976843, 1),
(563, 631, 5449000131836, 1),
(564, 631, 3228882010053, 1),
(565, 632, 3228882010053, 1),
(566, 632, 3175680011800, 2),
(567, 636, 3228882010053, 1),
(568, 636, 3400930006910, 1),
(569, 637, 5000159417891, 1),
(570, 637, 5449000214911, 1),
(571, 637, 3057640257579, 1),
(572, 637, 3600524068738, 1),
(573, 638, 3175680011800, 1),
(574, 638, 3400930006903, 1),
(575, 639, 7622210449283, 1),
(576, 640, 7622210449283, 1),
(577, 640, 3057640257578, 1),
(578, 640, 9772102347008, 1),
(579, 649, 5449000131836, 2),
(580, 652, 3245390214017, 1),
(581, 653, 3400930006903, 1),
(582, 653, 3700000000010, 1),
(583, 653, 9772102347008, 1),
(584, 653, 3057640257579, 1),
(585, 653, 5000112657920, 1),
(586, 654, 5000159461121, 1),
(587, 655, 3760020509015, 1),
(588, 656, 3017620425035, 1),
(589, 657, 3700000000003, 2),
(590, 675, 3760020509015, 2),
(591, 675, 3228882010053, 1),
(592, 676, 5000112657920, 1),
(593, 677, 3175680091680, 1),
(594, 677, 3600524068738, 1),
(595, 677, 3571090000148, 1),
(596, 678, 7622210449283, 1),
(597, 679, 3017620425035, 1),
(598, 679, 3760020509100, 1),
(599, 679, 5000159417891, 1),
(600, 680, 3760020509100, 1),
(601, 681, 3760020509100, 1),
(602, 682, 3400930006910, 2),
(603, 682, 3600524068738, 1),
(604, 682, 3245390214017, 1),
(605, 683, 3057640257579, 1),
(606, 683, 5000159461121, 1),
(607, 697, 3600524068738, 2),
(608, 697, 3057640257578, 1),
(609, 702, 3228882010053, 1),
(610, 702, 3017620425035, 1),
(611, 704, 3700000000001, 1),
(612, 706, 5000112657920, 2),
(613, 706, 3400930006910, 1),
(614, 706, 3571090000148, 1),
(615, 706, 9772102347008, 1),
(616, 707, 9771950123005, 1),
(617, 707, 5449000214911, 1),
(618, 707, 3760020509015, 1),
(619, 707, 3017620425035, 1),
(620, 708, 3228882010053, 1),
(621, 708, 3700000000003, 1),
(622, 709, 3228882010053, 1),
(623, 709, 3600522118015, 1),
(624, 709, 3700000000012, 1),
(625, 710, 3057640257578, 1),
(626, 711, 7622210449283, 2),
(627, 712, 5449000214911, 1),
(628, 712, 3400930006910, 1),
(629, 712, 7622210449283, 1),
(630, 712, 3760020509015, 1),
(631, 712, 9771950123005, 1),
(632, 713, 5000112657920, 1),
(633, 713, 3175680011800, 1),
(634, 714, 5000112657920, 1),
(635, 714, 3760020509015, 1),
(636, 715, 9772102347008, 1),
(637, 716, 3560070976843, 1),
(638, 716, 3057640257578, 1),
(639, 717, 3700000000010, 1),
(640, 718, 3560070976843, 1),
(641, 718, 3014760032112, 1),
(642, 718, 3700000000011, 1),
(643, 719, 3228882010053, 1),
(644, 719, 3175680011800, 1),
(645, 719, 9771950123005, 1),
(646, 744, 3017620425035, 1),
(647, 745, 5449000131836, 1),
(648, 747, 5000112657920, 2),
(649, 747, 3057640257579, 1),
(650, 750, 5000159461121, 1),
(651, 751, 3057640257579, 1),
(652, 754, 5449000214911, 1),
(653, 755, 3245390214024, 1),
(654, 756, 3057640257578, 1),
(655, 756, 3760020509100, 1),
(656, 756, 3400930006903, 1),
(657, 756, 3700000000010, 1),
(658, 757, 3014760032112, 1),
(659, 758, 3700000000002, 1),
(660, 758, 3700000000011, 1),
(661, 758, 3700000000010, 1),
(662, 759, 3014760032112, 1),
(663, 760, 3014760032112, 1),
(664, 760, 3057640257578, 1),
(665, 760, 5000159461121, 1),
(666, 760, 5449000131836, 1),
(667, 771, 5000112657920, 1),
(668, 771, 5449000214911, 1),
(669, 771, 5099576088745, 2),
(670, 774, 5449000131836, 1),
(671, 774, 3560070976843, 1),
(672, 777, 5000112657920, 1),
(673, 778, 9771950123005, 1),
(674, 779, 3245390214017, 1),
(675, 779, 5000159461121, 1),
(676, 780, 3600522118015, 1),
(677, 780, 3175680091680, 1),
(678, 781, 3760020509100, 1),
(679, 781, 3245390214017, 1),
(680, 782, 3760020509100, 1),
(681, 782, 7622210449283, 1),
(682, 782, 5000112657920, 1),
(683, 782, 5099576088745, 2),
(684, 783, 3017620425035, 1),
(685, 783, 3014760032112, 1),
(686, 783, 3760020509015, 1),
(687, 794, 5000159417891, 1),
(688, 794, 3175680011800, 1),
(689, 800, 3057640257579, 1),
(690, 802, 5449000131836, 2),
(691, 802, 3700000000003, 1),
(692, 802, 3017620425035, 1),
(693, 803, 3017620425035, 1),
(694, 803, 3400930006910, 1),
(695, 803, 3057640257579, 1),
(696, 803, 3014760032112, 2),
(697, 804, 3228882010053, 1),
(698, 804, 3400930006910, 1),
(699, 804, 3700000000010, 1),
(700, 804, 3017620425035, 1),
(701, 805, 9771950123005, 1),
(702, 805, 3057640257579, 1),
(703, 806, 3600524068738, 1),
(704, 806, 5449000131836, 1),
(705, 807, 3700000000010, 1),
(706, 808, 3245390214017, 1),
(707, 808, 3400930006903, 1),
(708, 809, 3560070976843, 2),
(709, 821, 3600522118015, 1),
(710, 822, 3228882010053, 1),
(711, 824, 5000159461121, 2),
(712, 824, 3400930006910, 1),
(713, 824, 5449000214911, 1),
(714, 826, 3560070976843, 1),
(715, 827, 7622210449283, 1),
(716, 828, 3017620425035, 1),
(717, 828, 5449000214911, 1),
(718, 828, 3400930006910, 1),
(719, 829, 3245390214024, 1),
(720, 829, 3600522118015, 1),
(721, 830, 5449000214911, 1),
(722, 831, 3245390214017, 1),
(723, 831, 7622210449283, 1),
(724, 831, 3400930006910, 1),
(725, 831, 3228882010053, 1),
(726, 832, 3228882010053, 2),
(727, 832, 3057640257579, 1),
(728, 832, 3560070976843, 1),
(729, 833, 3560070976843, 1),
(730, 834, 3228882010053, 1),
(731, 834, 5449000214911, 1),
(732, 835, 5000112657920, 1),
(733, 836, 3560070976843, 1),
(734, 836, 5449000131836, 1),
(735, 836, 5000159461121, 1),
(736, 836, 7622210449283, 1),
(737, 837, 5099576088745, 1),
(738, 838, 3245390214017, 1),
(739, 838, 3700000000010, 1),
(740, 839, 3700000000010, 1),
(741, 839, 3760020509100, 1),
(742, 839, 3175680091680, 1),
(743, 840, 3175680011800, 1),
(744, 841, 3400930006903, 1),
(745, 841, 3228882010053, 1),
(746, 841, 3600524068738, 1),
(747, 852, 3560070976843, 1),
(748, 852, 3245390214024, 1),
(749, 853, 3600522118015, 1),
(750, 853, 3017620425035, 1),
(751, 854, 3175680011800, 1),
(752, 854, 9772102347008, 1),
(753, 854, 3057640257579, 1),
(754, 855, 3400930006910, 1),
(755, 855, 3057640257578, 1),
(756, 855, 5000159461121, 1),
(757, 855, 3017620425035, 2),
(758, 856, 3560070976843, 1),
(759, 857, 3057640257579, 2),
(760, 857, 3245390214017, 1),
(761, 858, 5449000214911, 1),
(762, 858, 3057640257579, 1),
(763, 859, 3560070976843, 1),
(764, 859, 9771950123005, 1),
(765, 859, 3700000000001, 1),
(766, 859, 3400930006903, 1),
(767, 860, 5449000214911, 1),
(768, 860, 5099576088745, 1),
(769, 861, 3017620425035, 2),
(770, 862, 3057640257578, 1),
(771, 863, 9772102347008, 1),
(772, 864, 3400930006903, 1),
(773, 864, 3400930006910, 2),
(774, 864, 3560070976843, 1),
(775, 865, 3571090000148, 1),
(776, 866, 3017620425035, 1),
(777, 898, 3017620425035, 2),
(778, 900, 3057640257578, 2),
(779, 901, 3057640257578, 2),
(780, 901, 5449000131836, 1),
(781, 902, 3760020509015, 1),
(782, 902, 3057640257579, 1),
(783, 903, 9771950123005, 1),
(784, 903, 5449000214911, 1),
(785, 904, 7622210449283, 1),
(786, 905, 3245390214017, 1),
(787, 906, 3760020509015, 1),
(788, 906, 5000112657920, 2),
(789, 906, 3175680091680, 1),
(790, 907, 3017620425035, 2),
(791, 907, 7622210449283, 1),
(792, 907, 3057640257579, 1),
(793, 908, 5449000131836, 1),
(794, 908, 3560070976843, 1),
(795, 908, 3175680011800, 1),
(796, 909, 3400930006903, 1),
(797, 909, 3057640257579, 1),
(798, 909, 3700000000003, 1),
(799, 909, 5000159417891, 1),
(800, 909, 5449000131836, 1),
(801, 910, 5000159417891, 1),
(802, 910, 3700000000010, 2),
(803, 910, 3175680011800, 2),
(804, 911, 3057640257579, 1),
(805, 911, 5449000131836, 1),
(806, 911, 3400930006910, 2),
(807, 912, 3400930006910, 1),
(808, 927, 7622210449283, 1),
(809, 927, 3600524068738, 1),
(810, 935, 5449000214911, 1),
(811, 936, 5449000214911, 1),
(812, 936, 9771950123005, 1),
(813, 936, 7622210449283, 1),
(814, 936, 3057640257578, 1),
(815, 937, 5449000131836, 1),
(816, 938, 5000112657920, 1),
(817, 938, 3057640257579, 1),
(818, 939, 3175680091680, 1),
(819, 940, 5449000214911, 1),
(820, 940, 3400930006903, 1),
(821, 941, 9771950123005, 1),
(822, 942, 3228882010053, 1),
(823, 943, 3760020509015, 1),
(824, 943, 3700000000001, 1),
(825, 943, 3700000000011, 1),
(826, 943, 3400930006910, 1),
(827, 944, 3014760032112, 2),
(828, 944, 3560070976843, 1),
(829, 945, 3760020509015, 1),
(830, 945, 9771950123005, 1),
(831, 945, 3400930006910, 2),
(832, 945, 3700000000002, 1),
(833, 945, 3400930006903, 1),
(834, 946, 3560070976843, 1),
(835, 947, 3700000000012, 1),
(836, 948, 3560070976843, 1),
(837, 948, 3400930006910, 2),
(838, 948, 3175680091680, 1),
(839, 948, 3014760032112, 1),
(840, 949, 3760020509015, 1),
(841, 950, 5449000214911, 2),
(842, 950, 3017620425035, 1),
(843, 950, 3560070976843, 1),
(844, 950, 3400930006910, 1),
(845, 951, 7622210449283, 1),
(846, 952, 3560070976843, 1),
(847, 952, 3600522118015, 1),
(848, 953, 3700000000010, 1),
(849, 953, 3245390214017, 1),
(850, 960, 3700000000010, 1),
(851, 960, 5099576088745, 1),
(852, 961, 5449000214911, 1),
(853, 961, 3057640257578, 1),
(854, 961, 7622210449283, 1),
(855, 963, 3400930006903, 1),
(856, 963, 3017620425035, 1),
(857, 964, 3175680011800, 1),
(858, 965, 3700000000003, 1),
(859, 965, 3400930006910, 1),
(860, 966, 3700000000010, 2),
(861, 967, 3228882010053, 1),
(862, 967, 3057640257578, 1),
(863, 968, 5000112657920, 1),
(864, 968, 3571090000148, 1),
(865, 968, 3228882010053, 1),
(866, 969, 5000112657920, 1),
(867, 970, 3228882010053, 2),
(868, 971, 7622210449283, 2),
(869, 971, 3600524068738, 1),
(870, 971, 3057640257578, 1),
(871, 972, 3700000000010, 1),
(872, 972, 5000112657920, 1),
(873, 973, 3760020509015, 1),
(874, 973, 3560070976843, 1),
(875, 973, 3057640257578, 1),
(876, 973, 3400930006903, 1),
(877, 974, 3245390214017, 1),
(878, 974, 3228882010053, 1),
(879, 974, 3760020509015, 1),
(880, 974, 3700000000010, 1),
(881, 974, 3571090000148, 1),
(882, 975, 3700000000010, 1),
(883, 976, 3700000000001, 1),
(884, 976, 5449000131836, 1),
(885, 976, 3057640257578, 2),
(886, 976, 3700000000011, 1),
(887, 977, 5449000131836, 1),
(888, 977, 3057640257578, 2),
(889, 977, 3175680011800, 1),
(890, 977, 3017620425035, 1),
(891, 978, 5000159417891, 1),
(892, 978, 5000159461121, 1),
(893, 978, 7622210449283, 2),
(894, 979, 5099576088745, 1),
(895, 979, 5000112657920, 1),
(896, 980, 3700000000010, 1),
(897, 980, 3175680091680, 1),
(898, 980, 3700000000012, 1),
(899, 981, 5449000214911, 1),
(900, 994, 5000159417891, 1),
(901, 994, 5000159461121, 1),
(902, 994, 3700000000012, 1),
(903, 995, 3057640257578, 1),
(904, 997, 3560070976843, 1),
(905, 997, 3175680011800, 1),
(906, 998, 3700000000001, 1),
(907, 998, 3400930006903, 1),
(908, 999, 3600524068738, 2),
(909, 1000, 3175680091680, 1),
(910, 1000, 3057640257579, 1),
(911, 1001, 9771950123005, 1),
(912, 1001, 3228882010053, 1),
(913, 1002, 7622210449283, 1),
(914, 1002, 3245390214017, 1),
(915, 1003, 3600524068738, 1),
(916, 1004, 3760020509015, 1),
(917, 1004, 3228882010053, 1),
(918, 1005, 3014760032112, 1),
(919, 1005, 5000112657920, 1),
(920, 1006, 7622210449283, 1),
(921, 1006, 3175680011800, 1),
(922, 1006, 3400930006910, 1),
(923, 1007, 3400930006910, 1),
(924, 1008, 3245390214017, 1),
(925, 1008, 5449000214911, 1),
(926, 1008, 3560070976843, 1),
(927, 1008, 3571090000148, 1),
(928, 1018, 3760020509015, 2),
(929, 1025, 3560070976843, 1),
(930, 1025, 3014760032112, 1),
(931, 1025, 5000112657920, 1),
(932, 1026, 3700000000002, 1),
(933, 1026, 3700000000010, 1),
(934, 1026, 3560070976843, 1),
(935, 1030, 3228882010053, 1),
(936, 1030, 5000159461121, 1),
(937, 1030, 3760020509015, 1),
(938, 1031, 3057640257578, 1),
(939, 1031, 3560070976843, 1),
(940, 1032, 5000112657920, 1),
(941, 1032, 3175680011800, 1),
(942, 1033, 3760020509015, 1),
(943, 1033, 3175680011800, 1),
(944, 1034, 9771950123005, 1),
(945, 1034, 3245390214017, 1),
(946, 1035, 3600524068738, 1),
(947, 1035, 3700000000011, 1),
(948, 1036, 3017620425035, 1),
(949, 1036, 5449000131836, 1),
(950, 1036, 3700000000012, 1),
(951, 1036, 9771950123005, 1),
(952, 1037, 5449000214911, 1),
(953, 1037, 3057640257579, 1),
(954, 1037, 9771950123005, 1),
(955, 1037, 5449000131836, 1),
(956, 1037, 3560070976843, 1),
(957, 1038, 3057640257578, 1),
(958, 1038, 5449000131836, 1),
(959, 1038, 3175680091680, 1),
(960, 1039, 3400930006903, 1),
(961, 1039, 5000159461121, 1),
(962, 1040, 5000159461121, 1),
(963, 1041, 3228882010053, 1),
(964, 1041, 3017620425035, 1),
(965, 1041, 9771950123005, 1),
(966, 1041, 3014760032112, 2),
(967, 1042, 3700000000010, 1),
(968, 1042, 5449000131836, 1),
(969, 1043, 3571090000148, 1),
(970, 1043, 7622210449283, 1),
(971, 1044, 3760020509015, 1),
(972, 1044, 3057640257578, 2),
(973, 1044, 3175680011800, 1),
(974, 1044, 3600522118015, 1),
(975, 1044, 5449000214911, 1),
(976, 1045, 3700000000001, 1),
(977, 1045, 3760020509015, 1),
(978, 1045, 7622210449283, 1),
(979, 1046, 3400930006903, 1),
(980, 1046, 3600524068738, 1),
(981, 1046, 3017620425035, 1),
(982, 1046, 3245390214017, 1),
(983, 1047, 3017620425035, 1),
(984, 1075, 5449000131836, 1),
(985, 1075, 3400930006910, 1),
(986, 1078, 3760020509015, 1),
(987, 1078, 3057640257578, 1),
(988, 1078, 3700000000011, 1),
(989, 1079, 3400930006910, 1),
(990, 1079, 5000112657920, 1),
(991, 1079, 3400930006903, 1),
(992, 1079, 3760020509015, 1),
(993, 1080, 5000159461121, 1),
(994, 1081, 3700000000003, 1),
(995, 1082, 3600522118015, 1),
(996, 1082, 3057640257578, 2),
(997, 1083, 3057640257578, 1),
(998, 1101, 5000112657920, 1),
(999, 1101, 3600524068738, 1),
(1000, 1101, 3700000000001, 1);
INSERT INTO `TransactionProduit` (`id_transaction_produit`, `id_transaction`, `code_barres`, `quantite_produit_totale`) VALUES
(1001, 1102, 3700000000010, 1),
(1002, 1102, 3600524068738, 1),
(1003, 1103, 3014760032112, 1),
(1004, 1103, 7622210449283, 1),
(1005, 1104, 3175680011800, 1),
(1006, 1104, 7622210449283, 1),
(1007, 1104, 3700000000001, 1),
(1008, 1104, 5000159417891, 1),
(1009, 1104, 5000112657920, 1),
(1010, 1105, 3017620425035, 1),
(1011, 1105, 3400930006910, 1),
(1012, 1106, 3228882010053, 1),
(1013, 1106, 3700000000001, 1),
(1014, 1107, 9771950123005, 1),
(1015, 1107, 3017620425035, 1),
(1016, 1108, 3700000000010, 1),
(1017, 1109, 3245390214024, 1),
(1018, 1109, 7622210449283, 2),
(1019, 1110, 3245390214024, 1),
(1020, 1110, 3057640257579, 1),
(1021, 1111, 3017620425035, 2),
(1022, 1111, 3057640257578, 2),
(1023, 1111, 3700000000012, 1),
(1024, 1112, 5449000214911, 1),
(1025, 1113, 5000159417891, 1),
(1026, 1113, 3700000000001, 1),
(1027, 1114, 3400930006903, 1),
(1028, 1114, 3175680011800, 1),
(1029, 1114, 3228882010053, 1),
(1030, 1115, 3014760032112, 1),
(1031, 1115, 3400930006903, 1),
(1032, 1125, 5000159417891, 1),
(1033, 1125, 3400930006910, 2),
(1034, 1126, 5449000131836, 1),
(1035, 1126, 3700000000002, 1),
(1036, 1126, 3057640257579, 1),
(1037, 1129, 5449000214911, 1),
(1038, 1129, 3175680011800, 1),
(1039, 1129, 7622210449283, 1),
(1040, 1135, 5000159417891, 1),
(1041, 1136, 3228882010053, 1),
(1042, 1137, 7622210449283, 1),
(1043, 1137, 3175680091680, 1),
(1044, 1138, 3400930006910, 1),
(1045, 1138, 3700000000010, 1),
(1046, 1138, 5449000214911, 1),
(1047, 1139, 3057640257579, 1),
(1048, 1140, 5000112657920, 1),
(1049, 1141, 3760020509015, 1),
(1050, 1141, 3057640257579, 1),
(1051, 1141, 3014760032112, 1),
(1052, 1142, 3400930006903, 1),
(1053, 1142, 3017620425035, 1),
(1054, 1142, 3560070976843, 1),
(1055, 1143, 3400930006910, 1),
(1056, 1144, 3700000000010, 1),
(1057, 1144, 3228882010053, 1),
(1058, 1144, 3245390214017, 1),
(1059, 1145, 3245390214024, 1),
(1060, 1156, 3245390214024, 1),
(1061, 1158, 3560070976843, 1),
(1062, 1159, 3700000000002, 1),
(1063, 1160, 7622210449283, 1),
(1064, 1161, 3400930006903, 1),
(1065, 1161, 3600522118015, 1),
(1066, 1161, 7622210449283, 1),
(1067, 1162, 5000159417891, 1),
(1068, 1162, 7622210449283, 1),
(1069, 1162, 3175680011800, 1),
(1070, 1162, 5000159461121, 1),
(1071, 1163, 5000159417891, 1),
(1072, 1163, 5449000214911, 2),
(1073, 1163, 5000159461121, 1),
(1074, 1163, 3600522118015, 1),
(1075, 1163, 7622210449283, 1),
(1076, 1164, 3057640257578, 1),
(1077, 1165, 3175680011800, 1),
(1078, 1176, 3245390214017, 1),
(1079, 1176, 3700000000011, 1),
(1080, 1176, 3057640257578, 1),
(1081, 1180, 3400930006910, 1),
(1082, 1181, 3057640257578, 1),
(1083, 1181, 3057640257579, 1),
(1084, 1182, 3228882010053, 1),
(1085, 1182, 3057640257578, 1),
(1086, 1182, 5449000131836, 1),
(1087, 1183, 3400930006903, 1),
(1088, 1183, 3700000000012, 1),
(1089, 1184, 7622210449283, 1),
(1090, 1184, 5000159417891, 2),
(1091, 1184, 5000159461121, 1),
(1092, 1185, 5000159417891, 1),
(1093, 1185, 3228882010053, 1),
(1094, 1186, 3400930006903, 1),
(1095, 1186, 3017620425035, 1),
(1096, 1186, 3700000000011, 1),
(1097, 1187, 3228882010053, 1),
(1098, 1188, 3228882010053, 1),
(1099, 1188, 3760020509015, 1),
(1100, 1188, 3700000000012, 1),
(1101, 1188, 9771950123005, 2),
(1102, 1188, 5000159417891, 2),
(1103, 1189, 3057640257578, 1),
(1104, 1189, 3014760032112, 1),
(1105, 1189, 3057640257579, 1),
(1106, 1189, 3700000000012, 1),
(1107, 1190, 3017620425035, 1),
(1108, 1216, 3057640257578, 1),
(1109, 1219, 5000112657920, 1),
(1110, 1219, 5449000131836, 1),
(1111, 1220, 3600522118015, 1),
(1112, 1222, 3760020509015, 1),
(1113, 1222, 3228882010053, 1),
(1114, 1222, 3760020509100, 2),
(1115, 1223, 3057640257578, 1),
(1116, 1223, 3228882010053, 1),
(1117, 1224, 3228882010053, 1),
(1118, 1225, 3600522118015, 1),
(1119, 1226, 3400930006910, 1),
(1120, 1226, 5000159417891, 2),
(1121, 1227, 9772102347008, 1),
(1122, 1227, 5449000214911, 1),
(1123, 1227, 3700000000010, 1),
(1124, 1228, 3600524068738, 1),
(1125, 1228, 3700000000012, 1),
(1126, 1229, 5449000131836, 1),
(1127, 1229, 3700000000012, 1),
(1128, 1230, 3400930006910, 1),
(1129, 1230, 3560070976843, 1),
(1130, 1236, 3014760032112, 1),
(1131, 1236, 3600522118015, 2),
(1132, 1242, 3700000000011, 1),
(1133, 1242, 3700000000012, 2),
(1134, 1242, 3228882010053, 1),
(1135, 1243, 7622210449283, 1),
(1136, 1244, 3245390214017, 1),
(1137, 1245, 3400930006903, 1),
(1138, 1246, 5000159417891, 1),
(1139, 1247, 5449000131836, 1),
(1140, 1247, 3600524068738, 1),
(1141, 1248, 3400930006903, 1),
(1142, 1248, 3700000000010, 1),
(1143, 1248, 3057640257578, 1),
(1144, 1249, 5000159417891, 1),
(1145, 1249, 3700000000010, 1),
(1146, 1249, 3057640257579, 1),
(1147, 1250, 9771950123005, 1),
(1148, 1250, 3057640257578, 1),
(1149, 1261, 3560070976843, 1),
(1150, 1265, 3228882010053, 1),
(1151, 1265, 5449000131836, 2),
(1152, 1265, 3057640257578, 1),
(1153, 1266, 3057640257579, 1),
(1154, 1266, 3175680091680, 1),
(1155, 1266, 5000112657920, 1),
(1156, 1267, 3017620425035, 1),
(1157, 1267, 5449000214911, 1),
(1158, 1268, 5449000131836, 2),
(1159, 1268, 3228882010053, 1),
(1160, 1268, 3700000000002, 1),
(1161, 1269, 3700000000010, 1),
(1162, 1269, 3245390214024, 2),
(1163, 1269, 3400930006903, 1),
(1164, 1269, 5449000214911, 1),
(1165, 1270, 3400930006910, 2),
(1166, 1270, 3571090000148, 1),
(1167, 1271, 3600524068738, 1),
(1168, 1272, 5449000214911, 1),
(1169, 1272, 3700000000010, 2),
(1170, 1272, 3700000000003, 1),
(1171, 1272, 3017620425035, 2),
(1172, 1272, 5000112657920, 1),
(1173, 1273, 3600524068738, 1),
(1174, 1273, 3700000000010, 1),
(1175, 1273, 3760020509015, 1),
(1176, 1274, 3057640257578, 1),
(1177, 1275, 3600524068738, 1),
(1178, 1276, 5000112657920, 1),
(1179, 1277, 3228882010053, 1),
(1180, 1278, 3017620425035, 1),
(1181, 1278, 3228882010053, 1),
(1182, 1278, 7622210449283, 1),
(1183, 1278, 3560070976843, 1),
(1184, 1279, 3017620425035, 1),
(1185, 1279, 3228882010053, 1),
(1186, 1280, 3057640257579, 1),
(1187, 1298, 7622210449283, 2),
(1188, 1300, 3700000000011, 1),
(1189, 1300, 5000159417891, 1),
(1190, 1302, 3600522118015, 1),
(1191, 1303, 3228882010053, 1),
(1192, 1303, 3400930006903, 1),
(1193, 1304, 3228882010053, 1),
(1194, 1304, 3014760032112, 1),
(1195, 1305, 5000112657920, 1),
(1196, 1305, 3017620425035, 1),
(1197, 1305, 3560070976843, 1),
(1198, 1306, 5449000214911, 1),
(1199, 1306, 3400930006903, 1),
(1200, 1306, 3400930006910, 1),
(1201, 1306, 7622210449283, 2),
(1202, 1306, 3228882010053, 2),
(1203, 1307, 3228882010053, 1),
(1204, 1308, 5449000131836, 1),
(1205, 1308, 3600522118015, 1),
(1206, 1309, 3700000000003, 1),
(1207, 1309, 3400930006910, 1),
(1208, 1310, 3245390214017, 1),
(1209, 1311, 3700000000011, 1),
(1210, 1321, 3057640257578, 1),
(1211, 1321, 3175680011800, 1),
(1212, 1322, 3600522118015, 1),
(1213, 1322, 3057640257578, 1),
(1214, 1322, 3400930006903, 1),
(1215, 1326, 3014760032112, 2),
(1216, 1326, 3560070976843, 1),
(1217, 1326, 5449000214911, 2),
(1218, 1327, 3057640257579, 1),
(1219, 1328, 3017620425035, 1),
(1220, 1328, 3245390214017, 1),
(1221, 1328, 3057640257578, 1),
(1222, 1328, 5000159461121, 1),
(1223, 1328, 5000112657920, 1),
(1224, 1329, 3700000000010, 1),
(1225, 1329, 3175680011800, 1),
(1226, 1329, 3400930006910, 2),
(1227, 1330, 7622210449283, 1),
(1228, 1330, 3057640257578, 1),
(1229, 1331, 5000112657920, 1),
(1230, 1331, 3017620425035, 1),
(1231, 1332, 3228882010053, 1),
(1232, 1332, 3400930006903, 1),
(1233, 1332, 3571090000148, 1),
(1234, 1332, 3057640257579, 1),
(1235, 1333, 3017620425035, 2),
(1236, 1333, 3400930006910, 1),
(1237, 1333, 3014760032112, 1),
(1238, 1333, 9772102347008, 1),
(1239, 1334, 3560070976843, 1),
(1240, 1335, 3175680011800, 1),
(1241, 1335, 5449000214911, 1),
(1242, 1336, 5449000131836, 1),
(1243, 1337, 3400930006903, 2),
(1244, 1337, 7622210449283, 1),
(1245, 1337, 3600524068738, 1),
(1246, 1338, 7622210449283, 1),
(1247, 1338, 3400930006910, 1),
(1248, 1338, 3560070976843, 1),
(1249, 1364, 5000112657920, 1),
(1250, 1364, 5449000214911, 1),
(1251, 1364, 3057640257578, 1),
(1252, 1365, 5449000214911, 1),
(1253, 1366, 3700000000010, 1),
(1254, 1366, 3017620425035, 1),
(1255, 1367, 9771950123005, 1),
(1256, 1367, 5449000214911, 1),
(1257, 1368, 5000159461121, 1),
(1258, 1368, 5000112657920, 1),
(1259, 1368, 3700000000011, 1),
(1260, 1369, 5000112657920, 2),
(1261, 1369, 5449000131836, 2),
(1262, 1370, 3057640257578, 1),
(1263, 1370, 3400930006910, 1),
(1264, 1371, 5449000214911, 1),
(1265, 1372, 5449000214911, 1),
(1266, 1372, 5449000131836, 1),
(1267, 1372, 3228882010053, 1),
(1268, 1372, 5000112657920, 1),
(1269, 1373, 3175680091680, 1),
(1270, 1374, 3600524068738, 2),
(1271, 1374, 5000159417891, 1),
(1272, 1385, 3700000000010, 1),
(1273, 1385, 3700000000003, 1),
(1274, 1386, 5000112657920, 2),
(1275, 1386, 9772102347008, 1),
(1276, 1390, 3600524068738, 1),
(1277, 1390, 5000112657920, 1),
(1278, 1391, 5449000214911, 1),
(1279, 1392, 3228882010053, 1),
(1280, 1396, 5449000214911, 1),
(1281, 1396, 3700000000010, 1),
(1282, 1397, 3014760032112, 1),
(1283, 1397, 3057640257578, 1),
(1284, 1398, 5000112657920, 1),
(1285, 1398, 5449000131836, 1),
(1286, 1399, 7622210449283, 1),
(1287, 1400, 5000159417891, 1),
(1288, 1400, 3057640257578, 1),
(1289, 1401, 3057640257579, 1),
(1290, 1401, 3560070976843, 1),
(1291, 1401, 3014760032112, 1),
(1292, 1401, 5449000214911, 1),
(1293, 1402, 5449000131836, 1),
(1294, 1402, 3175680091680, 1),
(1295, 1403, 3560070976843, 1),
(1296, 1403, 3760020509015, 1),
(1297, 1404, 3057640257578, 1),
(1298, 1404, 3057640257579, 1),
(1299, 1404, 5000159417891, 1),
(1300, 1404, 7622210449283, 1),
(1301, 1405, 5000112657920, 1),
(1302, 1405, 5449000214911, 1),
(1303, 1405, 3560070976843, 1),
(1304, 1405, 3760020509100, 1),
(1305, 1405, 7622210449283, 1),
(1306, 1406, 7622210449283, 1),
(1307, 1407, 3057640257578, 1),
(1308, 1408, 3600522118015, 2),
(1309, 1409, 3560070976843, 1),
(1310, 1410, 5000159461121, 1),
(1311, 1418, 3057640257579, 2),
(1312, 1418, 3017620425035, 1),
(1313, 1423, 3057640257579, 1),
(1314, 1424, 3400930006910, 1),
(1315, 1424, 3057640257579, 1),
(1316, 1425, 9771950123005, 1),
(1317, 1426, 3560070976843, 1),
(1318, 1426, 3400930006910, 1),
(1319, 1426, 3228882010053, 1),
(1320, 1427, 3017620425035, 1),
(1321, 1427, 7622210449283, 1),
(1322, 1428, 5000112657920, 1),
(1323, 1429, 3014760032112, 2),
(1324, 1429, 3600522118015, 1),
(1325, 1429, 5000159417891, 1),
(1326, 1430, 3600524068738, 1),
(1327, 1431, 3057640257579, 1),
(1328, 1432, 7622210449283, 1),
(1329, 1433, 3600524068738, 1),
(1330, 1434, 3700000000010, 1),
(1331, 1435, 3014760032112, 1),
(1332, 1435, 5449000131836, 1),
(1333, 1435, 3571090000148, 1),
(1334, 1435, 3245390214017, 1),
(1335, 1435, 3017620425035, 1),
(1336, 1436, 3057640257579, 1),
(1337, 1436, 3560070976843, 1),
(1338, 1436, 3175680011800, 1),
(1339, 1436, 5000112657920, 1),
(1340, 1437, 7622210449283, 1),
(1341, 1450, 3700000000011, 1),
(1342, 1450, 3014760032112, 1),
(1343, 1450, 3600524068738, 1),
(1344, 1451, 5449000214911, 2),
(1345, 1451, 3175680011800, 1),
(1346, 1451, 3400930006910, 1),
(1347, 1452, 3700000000002, 1),
(1348, 1452, 3700000000001, 1),
(1349, 1453, 3228882010053, 1),
(1350, 1453, 3057640257578, 1),
(1351, 1453, 3057640257579, 1),
(1352, 1454, 3560070976843, 1),
(1353, 1454, 3057640257579, 1),
(1354, 1454, 7622210449283, 2),
(1355, 1455, 5000112657920, 1),
(1356, 1456, 5449000131836, 1),
(1357, 1456, 7622210449283, 1),
(1358, 1457, 3571090000148, 1),
(1359, 1457, 3057640257579, 1),
(1360, 1458, 3400930006910, 1),
(1361, 1459, 3700000000001, 1),
(1362, 1460, 3228882010053, 1),
(1363, 1461, 3700000000010, 1),
(1364, 1461, 3400930006903, 1),
(1365, 1462, 5449000214911, 1),
(1366, 1462, 3760020509100, 1),
(1367, 1463, 3228882010053, 1),
(1368, 1463, 3400930006910, 1),
(1369, 1464, 3760020509015, 1),
(1370, 1465, 3245390214024, 1),
(1371, 1466, 3400930006910, 1),
(1372, 1467, 3057640257578, 1),
(1373, 1467, 3700000000010, 1),
(1374, 1467, 9772102347008, 1),
(1375, 1467, 3760020509100, 1),
(1376, 1468, 5449000214911, 2),
(1377, 1468, 3700000000001, 2),
(1378, 1468, 3175680011800, 1),
(1379, 1469, 3560070976843, 1),
(1380, 1470, 3560070976843, 1),
(1381, 1470, 3400930006903, 1),
(1382, 1478, 3400930006910, 1),
(1383, 1478, 3700000000012, 1),
(1384, 1482, 9771950123005, 1),
(1385, 1482, 3017620425035, 2),
(1386, 1483, 5449000131836, 1),
(1387, 1483, 3017620425035, 1),
(1388, 1484, 5000159461121, 1),
(1389, 1484, 5449000214911, 1),
(1390, 1484, 3245390214017, 1),
(1391, 1485, 3017620425035, 1),
(1392, 1486, 3014760032112, 1),
(1393, 1486, 3760020509015, 1),
(1394, 1486, 3228882010053, 1),
(1395, 1486, 5000112657920, 1),
(1396, 1487, 5449000131836, 2),
(1397, 1488, 3700000000010, 1),
(1398, 1488, 3700000000002, 1),
(1399, 1488, 5449000131836, 1),
(1400, 1488, 3400930006903, 1),
(1401, 1489, 3175680091680, 1),
(1402, 1489, 3014760032112, 2),
(1403, 1489, 3057640257578, 1),
(1404, 1490, 3700000000010, 1),
(1405, 1490, 3400930006910, 2),
(1406, 1490, 5000159461121, 1),
(1407, 1491, 3017620425035, 1),
(1408, 1491, 7622210449283, 1),
(1409, 1491, 3400930006903, 1),
(1410, 1492, 3400930006910, 1),
(1411, 1492, 3700000000012, 1),
(1412, 1493, 7622210449283, 1),
(1413, 1494, 3700000000010, 1),
(1414, 1494, 5000159417891, 1),
(1415, 1495, 3017620425035, 1),
(1416, 1495, 3175680091680, 1),
(1417, 1495, 5000112657920, 1),
(1418, 1495, 3400930006910, 1),
(1419, 1496, 3560070976843, 1),
(1420, 1496, 3228882010053, 1),
(1421, 1497, 5000112657920, 1),
(1422, 1497, 3228882010053, 1),
(1423, 1498, 5449000214911, 1),
(1424, 1498, 3700000000010, 1),
(1425, 1498, 3245390214024, 1),
(1426, 1498, 3228882010053, 1),
(1427, 1498, 3700000000003, 1),
(1428, 1533, 3017620425035, 2),
(1429, 1542, 3700000000010, 1),
(1430, 1542, 5000112657920, 1),
(1431, 1542, 9771950123005, 1),
(1432, 1543, 3400930006903, 1),
(1433, 1543, 3228882010053, 1),
(1434, 1543, 5449000131836, 1),
(1435, 1544, 3560070976843, 1),
(1436, 1544, 5000112657920, 1),
(1437, 1545, 3560070976843, 2),
(1438, 1546, 3560070976843, 1),
(1439, 1547, 9772102347008, 2),
(1440, 1547, 3175680011800, 1),
(1441, 1547, 3228882010053, 1),
(1442, 1547, 3057640257579, 1),
(1443, 1547, 3400930006910, 2),
(1444, 1548, 3700000000011, 1),
(1445, 1548, 3057640257579, 1),
(1446, 1548, 3600522118015, 1),
(1447, 1549, 3400930006903, 1),
(1448, 1549, 5000112657920, 1),
(1449, 1549, 7622210449283, 1),
(1450, 1550, 7622210449283, 1),
(1451, 1550, 3700000000010, 1),
(1452, 1550, 3600522118015, 1),
(1453, 1551, 3400930006903, 1),
(1454, 1551, 3057640257578, 1),
(1455, 1552, 3228882010053, 1),
(1456, 1552, 3600522118015, 1),
(1457, 1552, 3600524068738, 1),
(1458, 1552, 5449000214911, 2),
(1459, 1553, 3017620425035, 1),
(1460, 1554, 9772102347008, 1),
(1461, 1554, 3600522118015, 1),
(1462, 1564, 9771950123005, 1),
(1463, 1564, 3228882010053, 1),
(1464, 1564, 3175680091680, 1),
(1465, 1567, 3175680011800, 1),
(1466, 1567, 3057640257579, 1),
(1467, 1567, 5000112657920, 1),
(1468, 1569, 3400930006910, 1),
(1469, 1570, 3057640257578, 1),
(1470, 1571, 5449000131836, 1),
(1471, 1571, 3017620425035, 1),
(1472, 1572, 3057640257579, 1),
(1473, 1572, 3700000000010, 1),
(1474, 1573, 3057640257579, 1),
(1475, 1574, 3560070976843, 1),
(1476, 1574, 3760020509100, 2),
(1477, 1574, 3700000000002, 1),
(1478, 1575, 3700000000010, 1),
(1479, 1575, 3057640257578, 2),
(1480, 1576, 3560070976843, 1),
(1481, 1576, 3700000000010, 1),
(1482, 1577, 3600524068738, 1),
(1483, 1578, 3600522118015, 1),
(1484, 1579, 3014760032112, 1),
(1485, 1579, 3175680011800, 1),
(1486, 1580, 5449000131836, 1),
(1487, 1580, 3700000000010, 1),
(1488, 1580, 3017620425035, 1),
(1489, 1580, 3560070976843, 1),
(1490, 1581, 3400930006910, 1),
(1491, 1581, 7622210449283, 1),
(1492, 1581, 5449000131836, 1),
(1493, 1581, 3014760032112, 1),
(1494, 1582, 3057640257579, 1),
(1495, 1596, 5099576088745, 1),
(1496, 1599, 3014760032112, 1),
(1497, 1599, 3400930006903, 2),
(1498, 1599, 9772102347008, 1),
(1499, 1600, 3400930006903, 1),
(1500, 1601, 7622210449283, 1);
INSERT INTO `TransactionProduit` (`id_transaction_produit`, `id_transaction`, `code_barres`, `quantite_produit_totale`) VALUES
(1501, 1601, 3017620425035, 1),
(1502, 1601, 3600524068738, 1),
(1503, 1602, 3017620425035, 1),
(1504, 1602, 3175680011800, 1),
(1505, 1603, 5000112657920, 1),
(1506, 1603, 3228882010053, 1),
(1507, 1603, 3057640257579, 1),
(1508, 1604, 3057640257578, 1),
(1509, 1605, 3017620425035, 1),
(1510, 1605, 5449000214911, 1),
(1511, 1606, 5000159417891, 1),
(1512, 1606, 3175680011800, 1),
(1513, 1607, 5000159417891, 1),
(1514, 1607, 5449000214911, 2),
(1515, 1608, 3600522118015, 2),
(1516, 1608, 3057640257579, 1),
(1517, 1608, 3245390214017, 1),
(1518, 1608, 7622210449283, 1),
(1519, 1609, 3700000000011, 1),
(1520, 1609, 3057640257579, 1),
(1521, 1609, 5099576088745, 1),
(1522, 1609, 3228882010053, 1),
(1523, 1609, 5000112657920, 1),
(1524, 1610, 3700000000010, 1),
(1525, 1610, 5000159461121, 1),
(1526, 1611, 3560070976843, 1),
(1527, 1612, 3571090000148, 1),
(1528, 1613, 3175680011800, 1),
(1529, 1614, 5000159461121, 1),
(1530, 1614, 3014760032112, 1),
(1531, 1614, 3400930006903, 2),
(1532, 1614, 3057640257578, 1),
(1533, 1615, 3600522118015, 1),
(1534, 1615, 3700000000003, 1),
(1535, 1615, 3175680011800, 1),
(1536, 1616, 3560070976843, 1),
(1537, 1625, 5000159461121, 1),
(1538, 1625, 7622210449283, 1),
(1539, 1627, 3700000000003, 1),
(1540, 1628, 3245390214017, 1),
(1541, 1630, 5000112657920, 1),
(1542, 1630, 3560070976843, 1),
(1543, 1631, 5449000214911, 1),
(1544, 1631, 3600522118015, 2),
(1545, 1631, 5000159417891, 1),
(1546, 1634, 3017620425035, 1),
(1547, 1634, 3600522118015, 2),
(1548, 1634, 3228882010053, 1),
(1549, 1635, 3700000000003, 1),
(1550, 1635, 5000112657920, 1),
(1551, 1636, 3700000000012, 1),
(1552, 1636, 5000159461121, 1),
(1553, 1637, 3571090000148, 1),
(1554, 1637, 3057640257579, 1),
(1555, 1638, 3245390214017, 1),
(1556, 1638, 5449000214911, 1),
(1557, 1639, 3760020509100, 2),
(1558, 1640, 7622210449283, 1),
(1559, 1640, 5449000214911, 1),
(1560, 1640, 3700000000011, 1),
(1561, 1640, 3017620425035, 1),
(1562, 1640, 3057640257579, 1),
(1563, 1641, 5449000214911, 1),
(1564, 1641, 3057640257578, 1),
(1565, 1655, 9771950123005, 2),
(1566, 1660, 3400930006903, 1),
(1567, 1661, 3700000000010, 1),
(1568, 1662, 3700000000010, 1),
(1569, 1663, 3700000000010, 1),
(1570, 1663, 5099576088745, 1),
(1571, 1663, 3017620425035, 1),
(1572, 1664, 3057640257579, 2),
(1573, 1664, 5449000131836, 1),
(1574, 1665, 3057640257579, 1),
(1575, 1665, 3400930006903, 1),
(1576, 1665, 5000112657920, 1),
(1577, 1666, 3700000000001, 1),
(1578, 1666, 5449000214911, 1),
(1579, 1666, 3560070976843, 1),
(1580, 1666, 3057640257579, 2),
(1581, 1667, 3400930006910, 1),
(1582, 1667, 3400930006903, 1),
(1583, 1667, 3700000000002, 1),
(1584, 1667, 3600522118015, 1),
(1585, 1668, 5000159417891, 1),
(1586, 1668, 5000159461121, 2),
(1587, 1669, 3400930006903, 1),
(1588, 1698, 3700000000010, 1),
(1589, 1698, 3571090000148, 1),
(1590, 1698, 3700000000011, 1),
(1591, 1700, 3700000000010, 1),
(1592, 1700, 3400930006910, 1),
(1593, 1700, 3700000000012, 1),
(1594, 1705, 3057640257578, 1),
(1595, 1705, 3700000000010, 1),
(1596, 1706, 3400930006903, 1),
(1597, 1706, 3560070976843, 1),
(1598, 1706, 3700000000010, 1),
(1599, 1706, 3017620425035, 1),
(1600, 1707, 5000159417891, 1),
(1601, 1707, 3760020509100, 1),
(1602, 1707, 3057640257579, 1),
(1603, 1707, 3057640257578, 1),
(1604, 1708, 3228882010053, 1),
(1605, 1709, 3760020509100, 1),
(1606, 1709, 3700000000010, 1),
(1607, 1709, 3400930006903, 1),
(1608, 1710, 3228882010053, 2),
(1609, 1710, 5000112657920, 1),
(1610, 1710, 3245390214024, 1),
(1611, 1710, 3400930006910, 1),
(1612, 1711, 7622210449283, 1),
(1613, 1712, 3760020509015, 1),
(1614, 1713, 5449000214911, 1),
(1615, 1713, 5000159461121, 1),
(1616, 1713, 3560070976843, 1),
(1617, 1713, 3700000000011, 1),
(1618, 1714, 3700000000001, 1),
(1619, 1715, 9771950123005, 1),
(1620, 1716, 3057640257578, 1),
(1621, 1729, 3400930006910, 1),
(1622, 1729, 5000112657920, 1),
(1623, 1730, 5000112657920, 1),
(1624, 1730, 3560070976843, 1),
(1625, 1730, 7622210449283, 1),
(1626, 1731, 3700000000002, 1),
(1627, 1731, 3760020509015, 2),
(1628, 1733, 3014760032112, 1),
(1629, 1734, 3560070976843, 1),
(1630, 1735, 3057640257579, 1),
(1631, 1735, 3760020509100, 1),
(1632, 1736, 3760020509100, 2),
(1633, 1736, 5000159417891, 1),
(1634, 1736, 3700000000011, 1),
(1635, 1737, 3600524068738, 2),
(1636, 1738, 3400930006903, 1),
(1637, 1739, 3057640257578, 1),
(1638, 1739, 3400930006903, 1),
(1639, 1740, 3245390214024, 1),
(1640, 1740, 5000112657920, 2),
(1641, 1741, 5000112657920, 1),
(1642, 1741, 3400930006910, 1),
(1643, 1741, 5449000131836, 2),
(1644, 1742, 3600524068738, 1),
(1645, 1742, 3057640257578, 1),
(1646, 1742, 3560070976843, 1),
(1647, 1743, 3400930006903, 1),
(1648, 1743, 5099576088745, 1),
(1649, 1744, 3700000000011, 1),
(1650, 1744, 3700000000010, 1),
(1651, 1745, 5000112657920, 1),
(1652, 1745, 3400930006903, 1),
(1653, 1745, 3245390214024, 2),
(1654, 1745, 3600522118015, 2),
(1655, 1746, 3245390214017, 1),
(1656, 1746, 3175680011800, 1),
(1657, 1747, 5449000131836, 2),
(1658, 1747, 5449000214911, 1),
(1659, 1747, 3700000000003, 1),
(1660, 1748, 3400930006903, 1),
(1661, 1749, 3057640257578, 1),
(1662, 1749, 3400930006903, 1),
(1663, 1750, 3700000000001, 1),
(1664, 1750, 3400930006903, 1),
(1665, 1763, 5449000131836, 1),
(1666, 1765, 3560070976843, 1),
(1667, 1766, 3400930006910, 1),
(1668, 1767, 5000159417891, 1),
(1669, 1767, 3400930006910, 1),
(1670, 1768, 9772102347008, 1),
(1671, 1769, 3017620425035, 1),
(1672, 1770, 5000159461121, 1),
(1673, 1770, 3057640257579, 1),
(1674, 1771, 7622210449283, 2),
(1675, 1771, 3400930006910, 1),
(1676, 1772, 3600522118015, 1),
(1677, 1787, 3400930006910, 1),
(1678, 1787, 3017620425035, 2),
(1679, 1789, 5449000214911, 1),
(1680, 1789, 3560070976843, 1),
(1681, 1790, 3245390214024, 2),
(1682, 1791, 3560070976843, 1),
(1683, 1792, 3700000000010, 1),
(1684, 1792, 3400930006910, 1),
(1685, 1792, 3700000000011, 1),
(1686, 1793, 3017620425035, 2),
(1687, 1793, 5449000131836, 1),
(1688, 1793, 3245390214017, 2),
(1689, 1793, 3560070976843, 1),
(1690, 1793, 3057640257578, 1),
(1691, 1794, 3017620425035, 1),
(1692, 1794, 3057640257578, 1),
(1693, 1794, 5449000131836, 1),
(1694, 1795, 3057640257579, 1),
(1695, 1796, 3057640257578, 1),
(1696, 1797, 3571090000148, 1),
(1697, 1814, 5449000214911, 1),
(1698, 1814, 3057640257579, 1),
(1699, 1815, 3014760032112, 1),
(1700, 1815, 3228882010053, 1),
(1701, 1815, 3017620425035, 1),
(1702, 1815, 5000159417891, 1),
(1703, 1815, 3400930006903, 1),
(1704, 1816, 5449000131836, 1),
(1705, 1816, 5449000214911, 1),
(1706, 1816, 7622210449283, 1),
(1707, 1816, 9771950123005, 1),
(1708, 1817, 3700000000003, 1),
(1709, 1817, 3057640257579, 1),
(1710, 1818, 5000112657920, 1),
(1711, 1819, 9771950123005, 1),
(1712, 1819, 3400930006910, 2),
(1713, 1819, 3017620425035, 1),
(1714, 1819, 9772102347008, 1),
(1715, 1820, 3057640257578, 1),
(1716, 1820, 5099576088745, 1),
(1717, 1821, 3017620425035, 1),
(1718, 1821, 3571090000148, 2),
(1719, 1821, 3245390214017, 1),
(1720, 1821, 3057640257579, 1),
(1721, 1822, 3400930006910, 1),
(1722, 1823, 3760020509015, 1),
(1723, 1823, 3700000000003, 1),
(1724, 1823, 3228882010053, 2),
(1725, 1824, 5099576088745, 1),
(1726, 1855, 5449000214911, 1),
(1727, 1856, 3700000000010, 1),
(1728, 1859, 5000159461121, 1),
(1729, 1859, 7622210449283, 1),
(1730, 1862, 3700000000010, 1),
(1731, 1862, 3175680091680, 1),
(1732, 1864, 3400930006903, 1),
(1733, 1864, 3700000000010, 1),
(1734, 1864, 7622210449283, 1),
(1735, 1865, 3057640257579, 1),
(1736, 1866, 3400930006903, 1),
(1737, 1866, 3700000000001, 1),
(1738, 1867, 3057640257579, 1),
(1739, 1868, 7622210449283, 1),
(1740, 1869, 3228882010053, 1),
(1741, 1870, 3700000000011, 1),
(1742, 1871, 3700000000012, 1),
(1743, 1871, 3017620425035, 1),
(1744, 1871, 3175680011800, 1),
(1745, 1871, 3057640257578, 1),
(1746, 1871, 3700000000002, 1),
(1747, 1872, 3760020509100, 1),
(1748, 1872, 3057640257578, 1),
(1749, 1872, 5449000131836, 1),
(1750, 1872, 3700000000010, 1),
(1751, 1873, 3700000000003, 1),
(1752, 1873, 9771950123005, 1),
(1753, 1874, 3560070976843, 1),
(1754, 1875, 3057640257578, 1),
(1755, 1875, 3400930006910, 1),
(1756, 1875, 3400930006903, 1),
(1757, 1876, 3700000000011, 2),
(1758, 1876, 3057640257579, 1),
(1759, 1877, 7622210449283, 1),
(1760, 1877, 3700000000012, 1),
(1761, 1877, 3400930006910, 1),
(1762, 1877, 5099576088745, 1),
(1763, 1878, 9771950123005, 1),
(1764, 1879, 3228882010053, 1),
(1765, 1879, 3700000000010, 1),
(1766, 1880, 5000159417891, 1),
(1767, 1880, 3014760032112, 1),
(1768, 1880, 3700000000011, 1),
(1769, 1894, 3057640257578, 1),
(1770, 1894, 3017620425035, 1),
(1771, 1898, 3057640257578, 1),
(1772, 1898, 3700000000011, 1),
(1773, 1898, 3600522118015, 1),
(1774, 1899, 5449000214911, 1),
(1775, 1900, 7622210449283, 1),
(1776, 1900, 3017620425035, 2),
(1777, 1900, 3014760032112, 1),
(1778, 1901, 5000112657920, 2),
(1779, 1901, 3057640257579, 1),
(1780, 1902, 3400930006910, 1),
(1781, 1902, 3700000000002, 2),
(1782, 1903, 5000159417891, 1),
(1783, 1904, 5449000131836, 1),
(1784, 1904, 3600524068738, 1),
(1785, 1905, 3057640257578, 1),
(1786, 1905, 3228882010053, 1),
(1787, 1905, 5099576088745, 1),
(1788, 1906, 3400930006910, 2),
(1789, 1918, 5449000214911, 1),
(1790, 1918, 5449000131836, 1),
(1791, 1918, 3700000000002, 1),
(1792, 1919, 3017620425035, 2),
(1793, 1922, 3057640257579, 1),
(1794, 1923, 3017620425035, 1),
(1795, 1923, 3057640257578, 1),
(1796, 1923, 5449000214911, 1),
(1797, 1923, 3760020509015, 1),
(1798, 1924, 3017620425035, 1),
(1799, 1924, 3700000000010, 1),
(1800, 1924, 3245390214017, 1),
(1801, 1924, 5449000214911, 2),
(1802, 1924, 5000112657920, 1),
(1803, 1925, 5449000131836, 1),
(1804, 1926, 3560070976843, 1),
(1805, 1927, 5449000214911, 1),
(1806, 1928, 5449000131836, 1),
(1807, 1928, 3400930006910, 1),
(1808, 1928, 3175680011800, 1),
(1809, 1929, 3760020509100, 1),
(1810, 1929, 3228882010053, 1),
(1811, 1929, 3400930006910, 1),
(1812, 1929, 3017620425035, 1),
(1813, 1929, 3057640257578, 2),
(1814, 1935, 3014760032112, 1),
(1815, 1935, 3700000000011, 2),
(1816, 1939, 3700000000010, 1),
(1817, 1939, 3228882010053, 1),
(1818, 1939, 3560070976843, 1),
(1819, 1940, 3175680011800, 1),
(1820, 1940, 5000112657920, 1),
(1821, 1941, 5000159461121, 1),
(1822, 1942, 3057640257578, 1),
(1823, 1943, 3700000000010, 1),
(1824, 1943, 5449000131836, 1),
(1825, 1944, 3057640257578, 1),
(1826, 1944, 5449000131836, 1),
(1827, 1945, 3700000000010, 2),
(1828, 1945, 3400930006910, 1),
(1829, 1945, 3700000000011, 1),
(1830, 1946, 3014760032112, 1),
(1831, 1947, 5000159417891, 1),
(1832, 1947, 3700000000002, 1),
(1833, 1948, 3400930006910, 1),
(1834, 1948, 3175680011800, 1),
(1835, 1949, 3700000000002, 2),
(1836, 1949, 3400930006910, 1),
(1837, 1950, 3017620425035, 1),
(1838, 1950, 3175680011800, 1),
(1839, 1950, 3400930006910, 1),
(1840, 1950, 3245390214024, 1),
(1841, 1950, 7622210449283, 1),
(1842, 1958, 5000112657920, 1),
(1843, 1959, 3017620425035, 1),
(1844, 1959, 3245390214024, 1),
(1845, 1959, 3057640257579, 1),
(1846, 1961, 3057640257579, 1),
(1847, 1963, 3175680011800, 1),
(1848, 1963, 3057640257579, 1),
(1849, 1963, 3017620425035, 1),
(1850, 1964, 5000159417891, 1),
(1851, 1965, 3057640257578, 1),
(1852, 1965, 7622210449283, 1),
(1853, 1966, 5000112657920, 1),
(1854, 1967, 3600524068738, 2),
(1855, 1968, 9771950123005, 1),
(1856, 1969, 9771950123005, 1),
(1857, 1969, 3400930006903, 1),
(1858, 1969, 3600524068738, 1),
(1859, 1970, 3175680011800, 1),
(1860, 1970, 3700000000011, 1),
(1861, 1970, 3700000000012, 1),
(1862, 1970, 5000112657920, 1),
(1863, 1971, 3400930006910, 1),
(1864, 1971, 3560070976843, 1),
(1865, 1971, 3700000000003, 1),
(1866, 1972, 3560070976843, 1),
(1867, 1972, 3228882010053, 1),
(1868, 1973, 3400930006903, 2),
(1869, 1973, 5449000214911, 1),
(1870, 1973, 9772102347008, 1),
(1871, 1973, 3700000000012, 1),
(1872, 1973, 3228882010053, 1),
(1873, 1974, 3700000000012, 1),
(1874, 1974, 3700000000003, 1),
(1875, 1975, 3400930006903, 1),
(1876, 1975, 9772102347008, 1),
(1877, 1975, 3760020509015, 1),
(1878, 1976, 3228882010053, 2),
(1879, 1976, 5000112657920, 1),
(1880, 2009, 7622210449283, 1),
(1881, 2010, 5000112657920, 1),
(1882, 2011, 5449000214911, 1),
(1883, 2012, 5000159461121, 1),
(1884, 2013, 3175680011800, 1),
(1885, 2013, 3175680091680, 1),
(1886, 2013, 3245390214024, 1),
(1887, 2014, 3700000000012, 1),
(1888, 2014, 3760020509100, 1),
(1889, 2015, 3700000000010, 1),
(1890, 2015, 3600522118015, 1),
(1891, 2015, 3245390214017, 1),
(1892, 2015, 5000112657920, 1),
(1893, 2016, 5000159461121, 1),
(1894, 2016, 5449000214911, 1),
(1895, 2016, 3017620425035, 1),
(1896, 2016, 5449000131836, 1),
(1897, 2017, 3700000000002, 1),
(1898, 2017, 3228882010053, 1),
(1899, 2018, 3760020509015, 1),
(1900, 2018, 3400930006910, 1),
(1901, 2018, 9771950123005, 1),
(1902, 2018, 5000159417891, 1),
(1903, 2019, 3560070976843, 1),
(1904, 2020, 3014760032112, 2),
(1905, 2021, 3057640257579, 1),
(1906, 2022, 5000159417891, 1),
(1907, 2023, 3700000000010, 1),
(1908, 2023, 3057640257579, 1),
(1909, 2023, 3057640257578, 1),
(1910, 2023, 3560070976843, 1),
(1911, 2024, 5000159417891, 1),
(1912, 2025, 3057640257578, 1),
(1913, 2025, 3017620425035, 1),
(1914, 2026, 3600524068738, 1),
(1915, 2026, 5000112657920, 1),
(1916, 2026, 3175680091680, 1),
(1917, 2027, 3760020509015, 1),
(1918, 2027, 7622210449283, 1),
(1919, 2028, 3175680011800, 1),
(1920, 2028, 5000112657920, 1),
(1921, 2040, 5449000131836, 2),
(1922, 2040, 3560070976843, 1),
(1923, 2042, 3228882010053, 2),
(1924, 2042, 3700000000002, 1),
(1925, 2042, 5000159461121, 1),
(1926, 2048, 3600524068738, 1),
(1927, 2048, 3057640257578, 1),
(1928, 2048, 3245390214017, 1),
(1929, 2050, 3245390214017, 1),
(1930, 2050, 3560070976843, 1),
(1931, 2050, 5449000131836, 1),
(1932, 2051, 3700000000002, 1),
(1933, 2052, 3400930006903, 1),
(1934, 2052, 3700000000010, 1),
(1935, 2053, 3600524068738, 2),
(1936, 2053, 9771950123005, 1),
(1937, 2053, 5449000131836, 1),
(1938, 2054, 5449000214911, 1),
(1939, 2054, 3175680011800, 1),
(1940, 2054, 5000112657920, 1),
(1941, 2054, 7622210449283, 1),
(1942, 2055, 3245390214017, 1),
(1943, 2056, 3700000000011, 2),
(1944, 2056, 3228882010053, 1),
(1945, 2056, 3600522118015, 1),
(1946, 2056, 5000112657920, 1),
(1947, 2057, 3017620425035, 1),
(1948, 2058, 3560070976843, 2),
(1949, 2058, 3600524068738, 2),
(1950, 2058, 3700000000012, 1),
(1951, 2058, 3245390214017, 1),
(1952, 2059, 3017620425035, 1),
(1953, 2059, 3400930006903, 1),
(1954, 2059, 3057640257578, 2),
(1955, 2060, 3600522118015, 1),
(1956, 2061, 3057640257579, 1),
(1957, 2061, 3600524068738, 1),
(1958, 2061, 3228882010053, 1),
(1959, 2061, 5000159461121, 1),
(1960, 2061, 3700000000002, 1),
(1961, 2062, 3400930006910, 1),
(1962, 2062, 3175680011800, 2),
(1963, 2062, 3245390214017, 1),
(1964, 2062, 3014760032112, 1),
(1965, 2062, 3700000000012, 1),
(1966, 2063, 3700000000001, 1),
(1967, 2063, 3400930006910, 1),
(1968, 2063, 3175680011800, 1),
(1969, 2064, 3600524068738, 2),
(1970, 2064, 3560070976843, 1),
(1971, 2065, 3245390214017, 1),
(1972, 2065, 5449000214911, 1),
(1973, 2065, 3600522118015, 1),
(1974, 2065, 5449000131836, 1),
(1975, 2073, 3245390214024, 2),
(1976, 2074, 9772102347008, 2),
(1977, 2074, 3057640257578, 1),
(1978, 2074, 5000159417891, 1),
(1979, 2075, 5000159417891, 1),
(1980, 2077, 3057640257578, 1),
(1981, 2082, 3400930006903, 2),
(1982, 2084, 3700000000011, 1),
(1983, 2084, 7622210449283, 1),
(1984, 2084, 3700000000010, 1),
(1985, 2084, 3245390214017, 1),
(1986, 2084, 5449000131836, 1),
(1987, 2085, 3700000000012, 1),
(1988, 2085, 3700000000003, 2),
(1989, 2085, 3057640257578, 1),
(1990, 2085, 7622210449283, 1),
(1991, 2086, 7622210449283, 1),
(1992, 2087, 3245390214024, 2),
(1993, 2087, 7622210449283, 1),
(1994, 2087, 3175680091680, 1),
(1995, 2088, 5000159417891, 1),
(1996, 2089, 3017620425035, 1),
(1997, 2089, 3560070976843, 2),
(1998, 2089, 7622210449283, 1),
(1999, 2089, 3228882010053, 1),
(2000, 2090, 3245390214024, 1);
INSERT INTO `TransactionProduit` (`id_transaction_produit`, `id_transaction`, `code_barres`, `quantite_produit_totale`) VALUES
(2001, 2090, 3057640257579, 1),
(2002, 2091, 3560070976843, 1),
(2003, 2092, 3057640257579, 1),
(2004, 2092, 5449000214911, 1),
(2005, 2092, 3175680011800, 1),
(2006, 2093, 9771950123005, 1),
(2007, 2093, 3057640257578, 1),
(2008, 2094, 3057640257578, 1),
(2009, 2094, 3245390214017, 1),
(2010, 2094, 3175680091680, 1),
(2011, 2105, 7622210449283, 1),
(2012, 2105, 3600522118015, 1),
(2013, 2107, 5000112657920, 2),
(2014, 2107, 3760020509015, 1),
(2015, 2108, 3017620425035, 1),
(2016, 2108, 3760020509015, 1),
(2017, 2108, 3400930006910, 1),
(2018, 2109, 3400930006910, 1),
(2019, 2109, 3400930006903, 1),
(2020, 2110, 3700000000011, 2),
(2021, 2110, 3017620425035, 1),
(2022, 2110, 3245390214017, 2),
(2023, 2111, 3245390214017, 1),
(2024, 2111, 5099576088745, 1),
(2025, 2111, 3400930006903, 1),
(2026, 2112, 7622210449283, 1),
(2027, 2112, 3700000000002, 1),
(2028, 2113, 3700000000010, 1),
(2029, 2113, 3057640257578, 1),
(2030, 2114, 3700000000010, 1),
(2031, 2114, 3175680011800, 1),
(2032, 2114, 3560070976843, 2),
(2033, 2114, 9772102347008, 1),
(2034, 2115, 3228882010053, 1),
(2035, 2115, 9771950123005, 2),
(2036, 2115, 5449000214911, 1),
(2037, 2115, 3014760032112, 1),
(2038, 2116, 5449000131836, 1),
(2039, 2117, 9771950123005, 1),
(2040, 2117, 5449000131836, 1),
(2041, 2117, 3017620425035, 1),
(2042, 2117, 3700000000002, 2),
(2043, 2118, 3700000000003, 1),
(2044, 2118, 9772102347008, 1),
(2045, 2118, 3560070976843, 1),
(2046, 2119, 9771950123005, 1),
(2047, 2119, 5449000131836, 1),
(2048, 2119, 3560070976843, 1),
(2049, 2120, 3400930006910, 1),
(2050, 2120, 3700000000010, 1),
(2051, 2121, 3760020509100, 1),
(2052, 2121, 5449000214911, 1),
(2053, 2121, 3017620425035, 1),
(2054, 2121, 3057640257578, 1),
(2055, 2121, 7622210449283, 1),
(2056, 2122, 3700000000011, 1),
(2057, 2122, 5000112657920, 1),
(2058, 2123, 5449000214911, 1),
(2059, 2138, 5000159417891, 2),
(2060, 2140, 5449000214911, 1),
(2061, 2140, 3600522118015, 1),
(2062, 2140, 3057640257579, 1),
(2063, 2141, 5000159417891, 1),
(2064, 2141, 3057640257578, 2),
(2065, 2142, 3057640257578, 1),
(2066, 2142, 3600522118015, 1),
(2067, 2142, 3228882010053, 1),
(2068, 2143, 3700000000010, 1),
(2069, 2144, 7622210449283, 1),
(2070, 2145, 5099576088745, 1),
(2071, 2145, 5449000131836, 1),
(2072, 2146, 3017620425035, 1),
(2073, 2146, 3560070976843, 1),
(2074, 2146, 7622210449283, 1),
(2075, 2146, 5449000131836, 1),
(2076, 2146, 3700000000010, 1),
(2077, 2147, 3700000000012, 1),
(2078, 2148, 5449000214911, 1),
(2079, 2148, 3700000000011, 1),
(2080, 2149, 3175680011800, 1),
(2081, 2149, 3400930006910, 2),
(2082, 2149, 3700000000011, 1),
(2083, 2149, 5449000131836, 1),
(2084, 2150, 7622210449283, 1),
(2085, 2150, 3175680091680, 1),
(2086, 2150, 3175680011800, 1),
(2087, 2150, 3245390214017, 1),
(2088, 2151, 7622210449283, 1),
(2089, 2152, 3057640257579, 1),
(2090, 2152, 3700000000010, 1),
(2091, 2152, 3760020509015, 1),
(2092, 2153, 3245390214017, 1),
(2093, 2154, 3700000000011, 1),
(2094, 2154, 3600524068738, 2),
(2095, 2154, 5449000131836, 1),
(2096, 2155, 3057640257579, 1),
(2097, 2155, 3014760032112, 1),
(2098, 2155, 3400930006910, 1),
(2099, 2184, 3017620425035, 1),
(2100, 2184, 5449000131836, 1),
(2101, 2184, 3560070976843, 1),
(2102, 2188, 3057640257579, 1),
(2103, 2188, 3560070976843, 1),
(2104, 2188, 9772102347008, 1),
(2105, 2189, 5449000131836, 2),
(2106, 2189, 5099576088745, 2),
(2107, 2189, 3057640257578, 1),
(2108, 2194, 3700000000012, 2),
(2109, 2194, 7622210449283, 1),
(2110, 2194, 3400930006903, 1),
(2111, 2196, 5099576088745, 1),
(2112, 2196, 3600524068738, 1),
(2113, 2196, 3400930006903, 1),
(2114, 2196, 5449000131836, 1),
(2115, 2197, 7622210449283, 1),
(2116, 2198, 9771950123005, 2),
(2117, 2198, 3700000000010, 1),
(2118, 2199, 3560070976843, 1),
(2119, 2199, 3057640257578, 1),
(2120, 2200, 3400930006910, 1),
(2121, 2200, 3057640257578, 1),
(2122, 2200, 7622210449283, 1),
(2123, 2201, 3228882010053, 1),
(2124, 2201, 5449000131836, 1),
(2125, 2202, 3600524068738, 1),
(2126, 2210, 3017620425035, 2),
(2127, 2210, 9771950123005, 2),
(2128, 2210, 3175680011800, 2),
(2129, 2211, 9772102347008, 2),
(2130, 2211, 3700000000010, 1),
(2131, 2211, 3400930006910, 1),
(2132, 2212, 3057640257579, 1),
(2133, 2212, 3014760032112, 1),
(2134, 2216, 3245390214024, 1),
(2135, 2216, 3057640257579, 1),
(2136, 2216, 5449000131836, 1),
(2137, 2216, 3700000000010, 1),
(2138, 2217, 3600524068738, 2),
(2139, 2217, 3228882010053, 1),
(2140, 2218, 3700000000011, 1),
(2141, 2219, 9772102347008, 2),
(2142, 2219, 3057640257579, 2),
(2143, 2220, 3700000000010, 1),
(2144, 2220, 3017620425035, 1),
(2145, 2220, 3057640257579, 1),
(2146, 2221, 3057640257579, 1),
(2147, 2221, 3057640257578, 2),
(2148, 2221, 3700000000010, 1);
ALTER TABLE `TransactionProduit` AUTO_INCREMENT = 2149;

-- ============================================================
--  RECU (755 reçus)
-- ============================================================
INSERT INTO `Recu` (`id_recu`, `id_transaction`, `num_carte`, `horodatage`) VALUES
(1, 1, 671858, '2026-01-01 08:07:36'),
(2, 2, 127824, '2026-01-01 01:05:05'),
(3, 3, 106814, '2026-01-01 08:01:33'),
(4, 5, 377370, '2026-01-01 03:31:16'),
(5, 7, 793384, '2026-01-01 21:01:14'),
(6, 8, 575435, '2026-01-01 08:28:32'),
(7, 10, 497887, '2026-01-01 19:26:50'),
(8, 12, 787277, '2026-01-02 20:39:01'),
(9, 13, 688637, '2026-01-02 05:12:06'),
(10, 14, 245051, '2026-01-02 21:14:44'),
(11, 15, 813536, '2026-01-02 03:59:31'),
(12, 16, 363626, '2026-01-02 13:53:39'),
(13, 17, 379786, '2026-01-02 04:10:14'),
(14, 20, 916449, '2026-01-02 05:33:52'),
(15, 22, 609597, '2026-01-02 20:39:24'),
(16, 51, 338651, '2026-01-03 12:43:50'),
(17, 53, 373903, '2026-01-03 19:31:22'),
(18, 54, 924629, '2026-01-03 01:23:34'),
(19, 55, 146542, '2026-01-03 14:01:28'),
(20, 57, 442027, '2026-01-03 10:56:03'),
(21, 59, 400850, '2026-01-03 14:47:05'),
(22, 77, 132537, '2026-01-03 18:51:53'),
(23, 80, 693423, '2026-01-04 21:51:37'),
(24, 81, 540463, '2026-01-04 13:29:31'),
(25, 82, 260422, '2026-01-04 23:08:27'),
(26, 83, 606983, '2026-01-04 22:25:28'),
(27, 85, 800646, '2026-01-04 08:52:43'),
(28, 86, 936587, '2026-01-04 11:50:00'),
(29, 87, 855053, '2026-01-04 20:14:08'),
(30, 88, 931450, '2026-01-04 17:20:02'),
(31, 89, 709805, '2026-01-04 14:43:25'),
(32, 90, 468900, '2026-01-04 15:29:31'),
(33, 91, 874483, '2026-01-05 11:29:19'),
(34, 92, 478411, '2026-01-05 03:39:36'),
(35, 93, 831295, '2026-01-05 09:59:14'),
(36, 94, 592198, '2026-01-05 03:44:06'),
(37, 96, 950544, '2026-01-05 17:54:14'),
(38, 97, 725084, '2026-01-05 04:18:45'),
(39, 98, 717113, '2026-01-05 16:24:09'),
(40, 99, 899787, '2026-01-05 22:11:45'),
(41, 100, 822858, '2026-01-06 20:05:50'),
(42, 101, 576086, '2026-01-06 08:25:40'),
(43, 104, 402630, '2026-01-06 21:39:53'),
(44, 105, 617781, '2026-01-06 14:39:17'),
(45, 106, 127121, '2026-01-06 15:43:46'),
(46, 128, 205389, '2026-01-07 03:35:03'),
(47, 129, 493049, '2026-01-07 01:03:14'),
(48, 130, 283573, '2026-01-07 20:36:17'),
(49, 131, 711484, '2026-01-07 22:33:46'),
(50, 132, 943718, '2026-01-07 16:43:56'),
(51, 133, 716113, '2026-01-07 02:41:21'),
(52, 134, 503380, '2026-01-07 09:06:20'),
(53, 135, 833247, '2026-01-07 20:49:23'),
(54, 137, 767542, '2026-01-07 08:22:42'),
(55, 138, 562236, '2026-01-07 22:52:25'),
(56, 139, 535686, '2026-01-07 03:16:53'),
(57, 155, 251716, '2026-01-07 16:50:58'),
(58, 160, 726410, '2026-01-08 02:23:29'),
(59, 161, 786516, '2026-01-08 03:36:39'),
(60, 162, 455395, '2026-01-08 15:39:30'),
(61, 163, 492483, '2026-01-08 11:22:46'),
(62, 164, 201255, '2026-01-08 02:26:39'),
(63, 165, 802559, '2026-01-08 21:21:09'),
(64, 166, 468727, '2026-01-08 01:52:23'),
(65, 167, 213475, '2026-01-08 05:38:00'),
(66, 186, 486649, '2026-01-09 11:18:05'),
(67, 187, 708519, '2026-01-09 22:23:30'),
(68, 188, 297383, '2026-01-09 16:22:27'),
(69, 190, 841995, '2026-01-09 18:22:12'),
(70, 191, 528625, '2026-01-09 13:14:56'),
(71, 192, 199096, '2026-01-09 22:58:11'),
(72, 196, 289019, '2026-01-09 18:30:48'),
(73, 212, 926823, '2026-01-09 19:36:16'),
(74, 216, 425138, '2026-01-10 07:15:44'),
(75, 217, 918771, '2026-01-10 09:13:22'),
(76, 218, 519453, '2026-01-10 09:56:51'),
(77, 219, 621691, '2026-01-10 12:20:38'),
(78, 220, 731718, '2026-01-10 03:00:28'),
(79, 221, 731894, '2026-01-10 03:44:07'),
(80, 222, 469685, '2026-01-10 12:47:57'),
(81, 223, 638009, '2026-01-10 02:43:55'),
(82, 224, 232361, '2026-01-10 22:07:15'),
(83, 225, 734487, '2026-01-10 13:11:07'),
(84, 226, 244383, '2026-01-10 13:32:40'),
(85, 227, 295085, '2026-01-10 09:05:17'),
(86, 245, 152995, '2026-01-11 08:45:52'),
(87, 247, 520040, '2026-01-11 13:19:03'),
(88, 248, 628750, '2026-01-11 13:11:56'),
(89, 249, 201377, '2026-01-11 22:41:29'),
(90, 250, 308727, '2026-01-11 20:18:36'),
(91, 251, 596756, '2026-01-11 01:25:00'),
(92, 252, 512042, '2026-01-11 11:56:27'),
(93, 254, 860557, '2026-01-12 15:09:56'),
(94, 255, 705693, '2026-01-12 23:52:09'),
(95, 256, 912233, '2026-01-12 06:12:29'),
(96, 257, 300051, '2026-01-12 01:08:58'),
(97, 258, 626195, '2026-01-12 05:30:48'),
(98, 259, 794395, '2026-01-12 05:01:38'),
(99, 260, 672808, '2026-01-12 06:18:19'),
(100, 265, 883641, '2026-01-13 12:36:38'),
(101, 266, 745584, '2026-01-13 20:27:44'),
(102, 267, 205065, '2026-01-13 19:20:04'),
(103, 268, 677086, '2026-01-13 03:39:38'),
(104, 269, 401198, '2026-01-13 17:23:00'),
(105, 270, 874568, '2026-01-13 03:15:25'),
(106, 271, 138105, '2026-01-13 15:12:53'),
(107, 287, 528728, '2026-01-13 14:35:37'),
(108, 288, 663356, '2026-01-14 23:47:40'),
(109, 290, 583000, '2026-01-14 19:22:01'),
(110, 291, 116405, '2026-01-14 04:06:30'),
(111, 292, 146385, '2026-01-14 21:37:29'),
(112, 293, 867051, '2026-01-14 02:03:18'),
(113, 294, 792282, '2026-01-14 08:37:31'),
(114, 295, 870925, '2026-01-14 02:13:09'),
(115, 297, 292811, '2026-01-14 15:09:28'),
(116, 298, 585517, '2026-01-14 10:56:58'),
(117, 309, 868367, '2026-01-15 23:21:48'),
(118, 310, 772985, '2026-01-15 06:42:03'),
(119, 311, 983472, '2026-01-15 01:45:58'),
(120, 312, 163386, '2026-01-15 00:19:58'),
(121, 313, 117538, '2026-01-15 00:14:26'),
(122, 314, 551488, '2026-01-15 00:37:26'),
(123, 315, 652029, '2026-01-15 19:05:32'),
(124, 328, 471106, '2026-01-15 07:52:49'),
(125, 341, 111060, '2026-01-16 12:04:23'),
(126, 342, 812565, '2026-01-16 16:13:49'),
(127, 343, 409783, '2026-01-16 12:33:35'),
(128, 344, 465249, '2026-01-16 04:13:33'),
(129, 345, 559450, '2026-01-16 18:58:23'),
(130, 346, 990429, '2026-01-16 01:37:36'),
(131, 347, 447067, '2026-01-16 08:52:50'),
(132, 348, 789237, '2026-01-16 14:44:50'),
(133, 349, 838968, '2026-01-16 16:22:06'),
(134, 374, 993829, '2026-01-17 12:17:50'),
(135, 375, 999312, '2026-01-17 01:40:21'),
(136, 376, 238320, '2026-01-17 15:34:32'),
(137, 377, 489906, '2026-01-17 03:23:54'),
(138, 378, 199807, '2026-01-17 08:31:29'),
(139, 379, 566686, '2026-01-17 04:49:53'),
(140, 380, 238595, '2026-01-17 04:23:26'),
(141, 401, 787554, '2026-01-18 20:07:45'),
(142, 402, 966120, '2026-01-18 15:09:19'),
(143, 403, 334026, '2026-01-18 18:16:43'),
(144, 405, 922615, '2026-01-18 00:17:24'),
(145, 407, 667851, '2026-01-18 05:28:55'),
(146, 409, 249289, '2026-01-18 15:17:06'),
(147, 411, 695403, '2026-01-19 23:12:01'),
(148, 413, 312559, '2026-01-19 11:34:48'),
(149, 414, 526259, '2026-01-19 05:39:29'),
(150, 415, 225738, '2026-01-19 16:27:13'),
(151, 416, 845702, '2026-01-19 21:57:56'),
(152, 417, 282313, '2026-01-19 18:41:40'),
(153, 418, 584487, '2026-01-19 20:14:29'),
(154, 419, 963684, '2026-01-19 04:25:19'),
(155, 421, 547389, '2026-01-20 14:22:53'),
(156, 423, 677438, '2026-01-20 23:34:00'),
(157, 424, 935922, '2026-01-20 13:56:42'),
(158, 425, 670968, '2026-01-20 13:55:34'),
(159, 426, 726121, '2026-01-20 14:08:25'),
(160, 427, 474795, '2026-01-20 02:07:59'),
(161, 428, 955937, '2026-01-20 09:01:27'),
(162, 439, 767090, '2026-01-21 08:39:54'),
(163, 440, 171087, '2026-01-21 16:15:40'),
(164, 441, 274418, '2026-01-21 00:02:47'),
(165, 442, 602780, '2026-01-21 12:47:16'),
(166, 443, 135035, '2026-01-21 05:55:19'),
(167, 445, 606186, '2026-01-21 12:18:15'),
(168, 446, 206176, '2026-01-21 22:06:42'),
(169, 462, 738221, '2026-01-22 06:16:10'),
(170, 464, 830000, '2026-01-22 11:19:16'),
(171, 465, 911630, '2026-01-22 04:53:34'),
(172, 466, 321659, '2026-01-22 22:01:35'),
(173, 467, 426236, '2026-01-22 02:02:47'),
(174, 469, 387286, '2026-01-22 01:50:26'),
(175, 470, 353690, '2026-01-22 23:08:04'),
(176, 471, 678115, '2026-01-22 06:27:56'),
(177, 472, 270820, '2026-01-22 03:17:27'),
(178, 473, 121026, '2026-01-22 07:31:36'),
(179, 497, 243826, '2026-01-23 18:56:37'),
(180, 498, 219550, '2026-01-23 18:37:34'),
(181, 502, 858724, '2026-01-23 03:16:47'),
(182, 503, 586830, '2026-01-23 16:37:47'),
(183, 504, 809641, '2026-01-23 01:26:10'),
(184, 506, 752011, '2026-01-23 11:57:58'),
(185, 516, 195310, '2026-01-23 15:59:45'),
(186, 521, 764000, '2026-01-24 12:18:13'),
(187, 523, 553834, '2026-01-24 19:18:35'),
(188, 525, 738576, '2026-01-24 18:21:14'),
(189, 526, 532794, '2026-01-24 10:42:37'),
(190, 527, 754487, '2026-01-24 20:09:19'),
(191, 528, 668843, '2026-01-24 23:40:08'),
(192, 529, 799565, '2026-01-24 20:28:19'),
(193, 545, 168652, '2026-01-24 16:42:24'),
(194, 555, 725637, '2026-01-24 07:45:37'),
(195, 557, 290167, '2026-01-25 22:27:36'),
(196, 558, 170634, '2026-01-25 23:28:18'),
(197, 559, 345925, '2026-01-25 12:02:45'),
(198, 560, 746281, '2026-01-25 07:02:42'),
(199, 562, 771967, '2026-01-25 08:57:46'),
(200, 563, 603268, '2026-01-25 04:53:23'),
(201, 564, 736095, '2026-01-25 17:43:48'),
(202, 567, 665892, '2026-01-25 01:20:04'),
(203, 569, 350484, '2026-01-25 14:26:47'),
(204, 570, 693297, '2026-01-25 16:14:47'),
(205, 571, 801062, '2026-01-26 08:26:15'),
(206, 572, 148693, '2026-01-26 14:07:48'),
(207, 573, 969948, '2026-01-26 03:45:29'),
(208, 574, 785428, '2026-01-26 21:04:02'),
(209, 576, 733561, '2026-01-26 12:33:44'),
(210, 577, 774734, '2026-01-26 16:00:58'),
(211, 579, 602073, '2026-01-26 12:01:23'),
(212, 580, 760120, '2026-01-27 04:39:22'),
(213, 582, 735988, '2026-01-27 10:19:12'),
(214, 583, 933215, '2026-01-27 07:59:12'),
(215, 584, 859364, '2026-01-27 22:41:25'),
(216, 585, 117367, '2026-01-27 08:22:02'),
(217, 586, 744610, '2026-01-27 05:26:43'),
(218, 587, 732789, '2026-01-27 03:23:34'),
(219, 597, 502995, '2026-01-27 17:05:13'),
(220, 613, 643377, '2026-01-28 06:21:51'),
(221, 614, 205641, '2026-01-28 00:25:49'),
(222, 615, 594241, '2026-01-28 06:48:50'),
(223, 616, 888734, '2026-01-28 18:09:34'),
(224, 617, 703867, '2026-01-28 10:10:51'),
(225, 619, 623866, '2026-01-28 17:13:15'),
(226, 620, 695417, '2026-01-28 17:43:02'),
(227, 621, 979725, '2026-01-28 02:11:09'),
(228, 622, 949363, '2026-01-28 09:27:28'),
(229, 623, 734992, '2026-01-28 04:24:50'),
(230, 624, 611174, '2026-01-28 10:21:44'),
(231, 641, 231113, '2026-01-29 06:46:11'),
(232, 642, 458521, '2026-01-29 03:17:02'),
(233, 643, 446290, '2026-01-29 13:31:19'),
(234, 644, 669578, '2026-01-29 02:02:25'),
(235, 645, 905459, '2026-01-29 13:53:34'),
(236, 646, 583220, '2026-01-29 08:59:56'),
(237, 658, 869295, '2026-01-30 00:01:34'),
(238, 659, 790266, '2026-01-30 22:34:50'),
(239, 660, 261618, '2026-01-30 19:04:50'),
(240, 661, 790897, '2026-01-30 23:20:04'),
(241, 662, 608947, '2026-01-30 06:30:14'),
(242, 663, 718975, '2026-01-30 23:57:15'),
(243, 664, 318877, '2026-01-30 22:03:43'),
(244, 665, 685126, '2026-01-30 17:02:29'),
(245, 666, 173807, '2026-01-30 22:27:42'),
(246, 667, 298663, '2026-01-30 18:54:49'),
(247, 684, 452497, '2026-01-31 10:33:02'),
(248, 685, 626199, '2026-01-31 19:57:27'),
(249, 686, 514521, '2026-01-31 04:54:37'),
(250, 687, 703998, '2026-01-31 08:49:20'),
(251, 688, 461260, '2026-01-31 15:25:14'),
(252, 689, 941792, '2026-01-31 06:09:44'),
(253, 690, 818651, '2026-01-31 01:38:02'),
(254, 691, 751168, '2026-01-31 04:05:28'),
(255, 693, 313701, '2026-01-31 12:04:59'),
(256, 695, 384459, '2026-01-31 10:20:26'),
(257, 696, 993473, '2026-01-31 02:25:29'),
(258, 706, 434168, '2026-01-31 20:14:09'),
(259, 715, 506216, '2026-01-31 20:23:00'),
(260, 720, 189450, '2026-02-01 04:29:53'),
(261, 721, 279185, '2026-02-01 13:47:14'),
(262, 722, 846635, '2026-02-01 05:54:09'),
(263, 723, 237962, '2026-02-01 16:14:51'),
(264, 725, 575779, '2026-02-01 08:39:39'),
(265, 726, 759172, '2026-02-01 08:54:35'),
(266, 727, 978721, '2026-02-02 01:20:13'),
(267, 728, 398194, '2026-02-02 01:47:06'),
(268, 729, 137581, '2026-02-02 16:34:42'),
(269, 731, 387748, '2026-02-02 10:39:42'),
(270, 732, 865175, '2026-02-02 07:36:40'),
(271, 733, 650912, '2026-02-03 15:32:54'),
(272, 734, 864605, '2026-02-03 04:43:21'),
(273, 735, 302957, '2026-02-03 22:11:16'),
(274, 736, 317402, '2026-02-03 22:46:20'),
(275, 737, 768470, '2026-02-03 01:39:22'),
(276, 738, 414870, '2026-02-03 10:15:13'),
(277, 739, 859584, '2026-02-03 04:08:40'),
(278, 741, 582992, '2026-02-03 23:30:26'),
(279, 756, 808308, '2026-02-03 08:22:04'),
(280, 761, 598424, '2026-02-04 11:49:27'),
(281, 762, 702593, '2026-02-04 06:13:07'),
(282, 763, 930924, '2026-02-04 03:53:42'),
(283, 764, 674566, '2026-02-04 21:30:02'),
(284, 766, 347625, '2026-02-04 20:39:05'),
(285, 767, 725030, '2026-02-04 20:54:20'),
(286, 769, 194930, '2026-02-04 11:55:14'),
(287, 784, 111307, '2026-02-05 22:19:12'),
(288, 785, 936997, '2026-02-05 20:53:50'),
(289, 786, 691088, '2026-02-05 21:45:33'),
(290, 787, 405925, '2026-02-05 21:02:58'),
(291, 789, 216968, '2026-02-05 10:01:13'),
(292, 791, 134697, '2026-02-05 17:39:19'),
(293, 792, 620039, '2026-02-05 21:40:59'),
(294, 793, 705822, '2026-02-05 16:01:35'),
(295, 809, 841978, '2026-02-05 16:27:39'),
(296, 810, 822742, '2026-02-06 19:39:55'),
(297, 811, 762985, '2026-02-06 12:08:24'),
(298, 812, 404043, '2026-02-06 02:55:45'),
(299, 813, 509054, '2026-02-06 13:59:13'),
(300, 814, 246740, '2026-02-06 17:42:46'),
(301, 815, 774661, '2026-02-06 17:48:44'),
(302, 816, 856035, '2026-02-06 00:35:51'),
(303, 817, 811016, '2026-02-06 23:48:21'),
(304, 818, 119989, '2026-02-06 02:37:21'),
(305, 819, 280616, '2026-02-06 08:50:08'),
(306, 840, 548906, '2026-02-06 11:04:55'),
(307, 842, 936782, '2026-02-07 15:29:57'),
(308, 843, 867333, '2026-02-07 03:01:30'),
(309, 844, 195136, '2026-02-07 13:02:56'),
(310, 847, 757776, '2026-02-07 22:49:17'),
(311, 868, 142027, '2026-02-08 12:19:52'),
(312, 869, 196973, '2026-02-08 11:13:00'),
(313, 871, 191621, '2026-02-08 19:36:10'),
(314, 873, 461675, '2026-02-08 13:27:28'),
(315, 877, 529350, '2026-02-09 21:30:21'),
(316, 878, 295041, '2026-02-09 20:40:37'),
(317, 879, 713635, '2026-02-09 01:32:15'),
(318, 880, 414750, '2026-02-09 08:10:28'),
(319, 882, 881782, '2026-02-09 17:57:05'),
(320, 883, 827968, '2026-02-09 09:23:24'),
(321, 884, 435209, '2026-02-09 09:26:58'),
(322, 886, 303229, '2026-02-10 19:16:57'),
(323, 887, 986041, '2026-02-10 19:47:45'),
(324, 888, 250698, '2026-02-10 03:29:21'),
(325, 889, 270948, '2026-02-10 13:34:51'),
(326, 890, 823153, '2026-02-10 06:51:36'),
(327, 891, 958620, '2026-02-10 15:11:42'),
(328, 892, 956727, '2026-02-10 12:40:40'),
(329, 893, 954142, '2026-02-10 06:16:11'),
(330, 894, 182423, '2026-02-10 08:14:57'),
(331, 913, 616096, '2026-02-11 02:47:09'),
(332, 914, 948802, '2026-02-11 17:50:58'),
(333, 915, 571980, '2026-02-11 15:40:14'),
(334, 916, 917241, '2026-02-11 16:44:08'),
(335, 917, 507980, '2026-02-11 17:53:39'),
(336, 918, 599028, '2026-02-11 20:09:45'),
(337, 919, 496149, '2026-02-11 14:14:59'),
(338, 920, 484208, '2026-02-11 11:40:06'),
(339, 921, 461908, '2026-02-11 22:45:40'),
(340, 922, 721314, '2026-02-11 08:53:31'),
(341, 923, 441958, '2026-02-11 11:06:05'),
(342, 924, 121393, '2026-02-11 20:40:55'),
(343, 954, 428961, '2026-02-12 00:06:43'),
(344, 957, 290724, '2026-02-12 10:15:35'),
(345, 982, 476485, '2026-02-13 11:17:25'),
(346, 983, 381521, '2026-02-13 17:49:35'),
(347, 984, 555193, '2026-02-13 15:23:02'),
(348, 985, 848301, '2026-02-13 16:52:35'),
(349, 986, 940480, '2026-02-13 10:35:03'),
(350, 987, 409834, '2026-02-13 10:56:15'),
(351, 988, 533082, '2026-02-13 01:38:30'),
(352, 989, 627899, '2026-02-13 12:56:30'),
(353, 991, 802818, '2026-02-13 11:25:49'),
(354, 1009, 609990, '2026-02-14 22:29:05'),
(355, 1010, 258522, '2026-02-14 01:41:57'),
(356, 1011, 579341, '2026-02-14 01:50:08'),
(357, 1012, 223794, '2026-02-14 20:28:44'),
(358, 1013, 622600, '2026-02-14 10:38:09'),
(359, 1014, 311697, '2026-02-14 12:10:57'),
(360, 1015, 400687, '2026-02-14 08:55:54'),
(361, 1016, 258975, '2026-02-14 15:06:36'),
(362, 1017, 581037, '2026-02-14 15:36:46'),
(363, 1035, 264458, '2026-02-14 15:37:01'),
(364, 1048, 203540, '2026-02-15 06:36:24'),
(365, 1050, 888938, '2026-02-15 21:44:10'),
(366, 1051, 168637, '2026-02-15 09:48:16'),
(367, 1053, 987386, '2026-02-15 11:05:26'),
(368, 1054, 357070, '2026-02-15 13:35:29'),
(369, 1056, 363076, '2026-02-15 00:01:11'),
(370, 1057, 269257, '2026-02-15 21:18:17'),
(371, 1061, 104487, '2026-02-16 23:32:10'),
(372, 1062, 899502, '2026-02-16 20:14:08'),
(373, 1063, 470141, '2026-02-16 19:36:41'),
(374, 1064, 830889, '2026-02-16 14:04:52'),
(375, 1065, 120742, '2026-02-16 07:01:35'),
(376, 1068, 618008, '2026-02-17 04:02:21'),
(377, 1069, 233620, '2026-02-17 02:22:46'),
(378, 1070, 988843, '2026-02-17 19:02:41'),
(379, 1071, 547861, '2026-02-17 20:23:35'),
(380, 1072, 227630, '2026-02-17 15:44:54'),
(381, 1073, 431603, '2026-02-17 08:10:31'),
(382, 1081, 502569, '2026-02-17 17:21:34'),
(383, 1082, 642337, '2026-02-17 20:15:10'),
(384, 1084, 638051, '2026-02-18 01:36:16'),
(385, 1085, 405202, '2026-02-18 05:22:01'),
(386, 1087, 311037, '2026-02-18 12:31:04'),
(387, 1088, 706507, '2026-02-18 17:01:03'),
(388, 1089, 927527, '2026-02-18 15:14:39'),
(389, 1090, 754227, '2026-02-18 23:15:24'),
(390, 1091, 107052, '2026-02-18 13:41:11'),
(391, 1092, 561801, '2026-02-18 01:05:34'),
(392, 1093, 397901, '2026-02-18 01:35:54'),
(393, 1094, 287214, '2026-02-18 06:20:43'),
(394, 1095, 925663, '2026-02-18 03:41:03'),
(395, 1107, 563143, '2026-02-18 12:57:39'),
(396, 1116, 873644, '2026-02-19 13:38:32'),
(397, 1117, 889185, '2026-02-19 12:22:21'),
(398, 1118, 133773, '2026-02-19 11:52:19'),
(399, 1119, 737363, '2026-02-19 20:41:13'),
(400, 1120, 505205, '2026-02-19 07:26:05'),
(401, 1121, 419443, '2026-02-19 20:44:07'),
(402, 1122, 128142, '2026-02-19 01:10:02'),
(403, 1123, 649868, '2026-02-19 10:20:00'),
(404, 1135, 362779, '2026-02-19 13:13:16'),
(405, 1146, 169223, '2026-02-20 00:26:10'),
(406, 1147, 904829, '2026-02-20 01:35:59'),
(407, 1149, 507440, '2026-02-20 21:50:25'),
(408, 1150, 713455, '2026-02-20 17:33:13'),
(409, 1152, 355376, '2026-02-20 11:14:41'),
(410, 1153, 314313, '2026-02-20 18:09:29'),
(411, 1154, 925198, '2026-02-20 11:58:02'),
(412, 1165, 625021, '2026-02-20 09:27:07'),
(413, 1166, 716886, '2026-02-21 13:35:08'),
(414, 1167, 303663, '2026-02-21 04:31:55'),
(415, 1168, 486065, '2026-02-21 18:33:15'),
(416, 1169, 952624, '2026-02-21 08:59:07'),
(417, 1171, 503017, '2026-02-21 00:26:57'),
(418, 1173, 501382, '2026-02-21 11:00:12'),
(419, 1175, 423066, '2026-02-21 07:37:42'),
(420, 1191, 889842, '2026-02-22 19:41:06'),
(421, 1192, 502118, '2026-02-22 05:50:02'),
(422, 1193, 797802, '2026-02-22 17:20:29'),
(423, 1194, 334677, '2026-02-22 03:17:34'),
(424, 1196, 191939, '2026-02-22 08:29:47'),
(425, 1197, 428594, '2026-02-22 04:13:38'),
(426, 1199, 332932, '2026-02-22 04:35:55'),
(427, 1201, 988845, '2026-02-23 18:17:27'),
(428, 1203, 868247, '2026-02-23 05:33:34'),
(429, 1205, 810828, '2026-02-23 00:47:06'),
(430, 1206, 304568, '2026-02-23 14:14:17'),
(431, 1207, 844056, '2026-02-23 21:07:52'),
(432, 1208, 405221, '2026-02-23 21:00:49'),
(433, 1209, 811267, '2026-02-24 13:11:17'),
(434, 1210, 596894, '2026-02-24 06:07:29'),
(435, 1211, 255785, '2026-02-24 18:45:59'),
(436, 1212, 725114, '2026-02-24 08:46:09'),
(437, 1214, 612982, '2026-02-24 13:22:25'),
(438, 1215, 721678, '2026-02-24 09:57:57'),
(439, 1231, 654654, '2026-02-25 21:26:18'),
(440, 1232, 150293, '2026-02-25 20:04:51'),
(441, 1233, 927061, '2026-02-25 06:34:41'),
(442, 1234, 249600, '2026-02-25 09:25:55'),
(443, 1235, 488131, '2026-02-25 01:55:29'),
(444, 1246, 761836, '2026-02-25 09:52:43'),
(445, 1251, 560698, '2026-02-26 03:57:26'),
(446, 1253, 133141, '2026-02-26 01:27:56'),
(447, 1254, 938672, '2026-02-26 09:40:38'),
(448, 1255, 965745, '2026-02-26 18:16:19'),
(449, 1256, 114311, '2026-02-26 00:46:12'),
(450, 1258, 259903, '2026-02-26 17:41:31'),
(451, 1259, 960471, '2026-02-26 09:35:41'),
(452, 1260, 996398, '2026-02-26 18:17:21'),
(453, 1277, 255335, '2026-02-26 11:18:46'),
(454, 1281, 733698, '2026-02-27 23:48:18'),
(455, 1282, 760393, '2026-02-27 08:01:59'),
(456, 1284, 697329, '2026-02-27 06:44:11'),
(457, 1285, 286367, '2026-02-27 23:34:37'),
(458, 1286, 776456, '2026-02-27 02:31:43'),
(459, 1287, 121722, '2026-02-27 00:25:45'),
(460, 1288, 249564, '2026-02-27 04:48:44'),
(461, 1291, 229054, '2026-02-27 08:52:36'),
(462, 1292, 977116, '2026-02-27 19:49:47'),
(463, 1293, 470472, '2026-02-27 00:52:25'),
(464, 1312, 111395, '2026-02-28 23:23:27'),
(465, 1313, 699853, '2026-02-28 20:10:34'),
(466, 1314, 196402, '2026-02-28 15:25:31'),
(467, 1315, 511346, '2026-02-28 07:42:49'),
(468, 1316, 524778, '2026-02-28 17:03:18'),
(469, 1317, 209471, '2026-02-28 23:32:37'),
(470, 1318, 211636, '2026-02-28 01:01:16'),
(471, 1319, 133939, '2026-02-28 11:15:16'),
(472, 1339, 272525, '2026-03-01 15:36:08'),
(473, 1340, 268494, '2026-03-01 17:32:07'),
(474, 1343, 930489, '2026-03-01 05:22:11'),
(475, 1346, 300444, '2026-03-01 21:52:46'),
(476, 1347, 230804, '2026-03-02 10:59:36'),
(477, 1348, 668817, '2026-03-02 15:04:30'),
(478, 1349, 491246, '2026-03-02 04:07:40'),
(479, 1350, 791646, '2026-03-02 19:45:41'),
(480, 1351, 781180, '2026-03-02 03:11:24'),
(481, 1352, 671194, '2026-03-02 03:46:28'),
(482, 1353, 914617, '2026-03-02 10:33:18'),
(483, 1355, 922749, '2026-03-02 15:02:04'),
(484, 1357, 492592, '2026-03-03 15:05:36'),
(485, 1358, 550908, '2026-03-03 12:12:00'),
(486, 1359, 154086, '2026-03-03 07:00:52'),
(487, 1360, 266140, '2026-03-03 06:19:29'),
(488, 1362, 558669, '2026-03-03 11:44:18'),
(489, 1376, 434232, '2026-03-04 15:25:40'),
(490, 1377, 763432, '2026-03-04 15:37:50'),
(491, 1378, 733216, '2026-03-04 18:37:04'),
(492, 1379, 929314, '2026-03-04 04:10:27'),
(493, 1380, 917380, '2026-03-04 07:50:04'),
(494, 1381, 695034, '2026-03-04 00:23:48'),
(495, 1382, 328026, '2026-03-04 14:02:20'),
(496, 1383, 892934, '2026-03-04 20:53:48'),
(497, 1396, 326634, '2026-03-04 09:52:04'),
(498, 1404, 361036, '2026-03-04 18:24:00'),
(499, 1412, 404777, '2026-03-05 17:12:20'),
(500, 1413, 942942, '2026-03-05 05:20:12');
INSERT INTO `Recu` (`id_recu`, `id_transaction`, `num_carte`, `horodatage`) VALUES
(501, 1414, 481985, '2026-03-05 19:52:07'),
(502, 1438, 875278, '2026-03-06 04:25:17'),
(503, 1439, 334402, '2026-03-06 20:27:48'),
(504, 1440, 310449, '2026-03-06 00:14:05'),
(505, 1441, 359214, '2026-03-06 21:59:00'),
(506, 1442, 227728, '2026-03-06 18:24:56'),
(507, 1443, 961600, '2026-03-06 08:33:12'),
(508, 1444, 248568, '2026-03-06 15:44:29'),
(509, 1445, 204878, '2026-03-06 17:20:11'),
(510, 1447, 508346, '2026-03-06 05:23:40'),
(511, 1448, 566070, '2026-03-06 23:29:15'),
(512, 1471, 858466, '2026-03-07 20:04:36'),
(513, 1472, 600792, '2026-03-07 18:28:52'),
(514, 1473, 919800, '2026-03-07 00:46:50'),
(515, 1474, 902875, '2026-03-07 00:39:31'),
(516, 1475, 223724, '2026-03-07 15:32:25'),
(517, 1476, 196459, '2026-03-07 15:53:36'),
(518, 1477, 159646, '2026-03-07 00:32:32'),
(519, 1486, 900059, '2026-03-07 12:33:18'),
(520, 1499, 527963, '2026-03-08 05:12:33'),
(521, 1500, 257352, '2026-03-08 22:38:35'),
(522, 1501, 632867, '2026-03-08 11:23:59'),
(523, 1502, 861538, '2026-03-08 13:47:35'),
(524, 1505, 304497, '2026-03-08 19:05:40'),
(525, 1506, 479547, '2026-03-08 11:58:01'),
(526, 1510, 734960, '2026-03-08 14:50:27'),
(527, 1511, 255607, '2026-03-08 11:25:36'),
(528, 1512, 845937, '2026-03-09 06:04:19'),
(529, 1513, 275044, '2026-03-09 01:14:26'),
(530, 1514, 683994, '2026-03-09 15:22:39'),
(531, 1517, 869070, '2026-03-09 10:31:57'),
(532, 1518, 487840, '2026-03-09 05:32:36'),
(533, 1519, 910555, '2026-03-09 06:26:03'),
(534, 1520, 502724, '2026-03-09 12:25:10'),
(535, 1522, 464218, '2026-03-09 20:56:24'),
(536, 1524, 633408, '2026-03-10 10:08:40'),
(537, 1525, 612088, '2026-03-10 19:39:16'),
(538, 1526, 232307, '2026-03-10 20:47:43'),
(539, 1527, 375834, '2026-03-10 04:22:00'),
(540, 1529, 761257, '2026-03-10 05:42:22'),
(541, 1544, 497607, '2026-03-10 19:08:51'),
(542, 1548, 762233, '2026-03-10 11:29:16'),
(543, 1555, 599967, '2026-03-11 14:28:01'),
(544, 1556, 277477, '2026-03-11 12:06:12'),
(545, 1557, 746435, '2026-03-11 21:36:19'),
(546, 1558, 426584, '2026-03-11 02:08:44'),
(547, 1559, 105842, '2026-03-11 11:42:12'),
(548, 1561, 868678, '2026-03-11 18:43:47'),
(549, 1583, 160006, '2026-03-12 14:30:05'),
(550, 1584, 596446, '2026-03-12 22:07:12'),
(551, 1585, 285501, '2026-03-12 13:27:15'),
(552, 1586, 429500, '2026-03-12 02:02:26'),
(553, 1587, 448824, '2026-03-12 07:04:11'),
(554, 1588, 114859, '2026-03-12 21:21:59'),
(555, 1589, 254679, '2026-03-12 02:21:53'),
(556, 1590, 630019, '2026-03-12 01:37:13'),
(557, 1591, 458038, '2026-03-12 11:19:44'),
(558, 1592, 194960, '2026-03-12 20:36:51'),
(559, 1612, 267069, '2026-03-12 12:48:47'),
(560, 1615, 738081, '2026-03-12 16:40:32'),
(561, 1617, 426203, '2026-03-13 23:48:46'),
(562, 1619, 868260, '2026-03-13 16:55:38'),
(563, 1620, 631597, '2026-03-13 00:26:42'),
(564, 1621, 542978, '2026-03-13 17:41:59'),
(565, 1622, 918941, '2026-03-13 23:05:15'),
(566, 1624, 952319, '2026-03-13 05:28:31'),
(567, 1642, 287299, '2026-03-14 07:41:36'),
(568, 1643, 538493, '2026-03-14 20:01:38'),
(569, 1644, 658375, '2026-03-14 22:56:51'),
(570, 1645, 571288, '2026-03-14 18:00:58'),
(571, 1646, 450281, '2026-03-14 14:33:55'),
(572, 1647, 538587, '2026-03-14 13:57:26'),
(573, 1648, 627812, '2026-03-14 22:31:57'),
(574, 1649, 696960, '2026-03-14 00:49:52'),
(575, 1652, 132390, '2026-03-14 11:45:00'),
(576, 1653, 353633, '2026-03-14 08:55:18'),
(577, 1663, 488865, '2026-03-14 12:15:02'),
(578, 1670, 445521, '2026-03-15 01:11:44'),
(579, 1671, 356578, '2026-03-15 02:02:16'),
(580, 1672, 852227, '2026-03-15 23:41:42'),
(581, 1673, 868959, '2026-03-15 20:05:48'),
(582, 1674, 355790, '2026-03-15 19:01:32'),
(583, 1675, 764698, '2026-03-15 16:54:12'),
(584, 1676, 718005, '2026-03-15 16:05:20'),
(585, 1679, 285107, '2026-03-15 14:49:28'),
(586, 1682, 168744, '2026-03-15 18:33:07'),
(587, 1683, 962514, '2026-03-15 16:08:10'),
(588, 1684, 818008, '2026-03-16 11:39:05'),
(589, 1685, 301225, '2026-03-16 20:47:23'),
(590, 1686, 641554, '2026-03-16 22:12:50'),
(591, 1687, 997830, '2026-03-16 09:48:28'),
(592, 1689, 899248, '2026-03-16 20:30:31'),
(593, 1690, 838552, '2026-03-17 16:38:05'),
(594, 1691, 548264, '2026-03-17 10:43:59'),
(595, 1692, 387271, '2026-03-17 07:49:37'),
(596, 1695, 487395, '2026-03-17 02:09:34'),
(597, 1697, 701975, '2026-03-17 05:31:33'),
(598, 1709, 731160, '2026-03-17 07:50:12'),
(599, 1712, 880080, '2026-03-17 12:49:43'),
(600, 1717, 999146, '2026-03-18 00:15:51'),
(601, 1719, 594258, '2026-03-18 23:40:53'),
(602, 1720, 988578, '2026-03-18 23:34:10'),
(603, 1721, 592634, '2026-03-18 04:39:30'),
(604, 1722, 265132, '2026-03-18 10:40:15'),
(605, 1724, 982298, '2026-03-18 11:08:36'),
(606, 1727, 169547, '2026-03-18 12:41:40'),
(607, 1746, 363537, '2026-03-18 11:27:40'),
(608, 1752, 276638, '2026-03-19 04:06:29'),
(609, 1753, 991253, '2026-03-19 19:02:09'),
(610, 1755, 799377, '2026-03-19 09:09:46'),
(611, 1756, 619020, '2026-03-19 00:28:14'),
(612, 1759, 203365, '2026-03-19 21:29:37'),
(613, 1774, 872048, '2026-03-20 14:26:43'),
(614, 1775, 142753, '2026-03-20 11:47:25'),
(615, 1777, 113021, '2026-03-20 16:01:58'),
(616, 1778, 683346, '2026-03-20 22:17:24'),
(617, 1780, 346106, '2026-03-20 09:35:44'),
(618, 1798, 661212, '2026-03-21 06:51:44'),
(619, 1799, 562104, '2026-03-21 05:37:53'),
(620, 1801, 275516, '2026-03-21 10:36:38'),
(621, 1803, 358182, '2026-03-21 04:14:14'),
(622, 1804, 161471, '2026-03-21 06:51:26'),
(623, 1806, 307661, '2026-03-21 10:17:15'),
(624, 1807, 124991, '2026-03-21 14:43:04'),
(625, 1808, 924558, '2026-03-21 22:11:49'),
(626, 1809, 193519, '2026-03-21 19:12:27'),
(627, 1810, 129321, '2026-03-21 23:20:08'),
(628, 1821, 506914, '2026-03-21 11:09:44'),
(629, 1826, 560190, '2026-03-22 22:50:10'),
(630, 1827, 268923, '2026-03-22 08:56:54'),
(631, 1828, 660226, '2026-03-22 02:03:53'),
(632, 1829, 208834, '2026-03-22 11:42:40'),
(633, 1831, 964024, '2026-03-22 20:31:17'),
(634, 1832, 884407, '2026-03-22 10:17:03'),
(635, 1833, 662513, '2026-03-23 17:26:40'),
(636, 1835, 414423, '2026-03-23 13:24:04'),
(637, 1837, 538017, '2026-03-23 07:34:36'),
(638, 1838, 797694, '2026-03-23 14:08:33'),
(639, 1839, 304054, '2026-03-23 08:57:24'),
(640, 1840, 248196, '2026-03-23 13:38:47'),
(641, 1842, 502957, '2026-03-23 12:17:40'),
(642, 1843, 799393, '2026-03-23 00:52:04'),
(643, 1846, 109089, '2026-03-24 03:32:02'),
(644, 1847, 879704, '2026-03-24 11:24:24'),
(645, 1849, 417970, '2026-03-24 17:17:50'),
(646, 1850, 748322, '2026-03-24 05:32:05'),
(647, 1852, 499454, '2026-03-24 16:11:54'),
(648, 1882, 621480, '2026-03-25 17:11:43'),
(649, 1883, 623382, '2026-03-25 08:17:30'),
(650, 1884, 211161, '2026-03-25 17:44:36'),
(651, 1885, 618239, '2026-03-25 22:07:47'),
(652, 1886, 425700, '2026-03-25 11:12:51'),
(653, 1888, 319630, '2026-03-25 02:17:53'),
(654, 1899, 775270, '2026-03-25 06:27:36'),
(655, 1907, 616377, '2026-03-26 12:18:43'),
(656, 1908, 674721, '2026-03-26 23:22:04'),
(657, 1909, 159259, '2026-03-26 05:47:28'),
(658, 1910, 260044, '2026-03-26 17:25:43'),
(659, 1911, 120191, '2026-03-26 14:06:33'),
(660, 1912, 676749, '2026-03-26 00:51:21'),
(661, 1913, 466353, '2026-03-26 07:36:12'),
(662, 1914, 323114, '2026-03-26 18:32:15'),
(663, 1915, 267628, '2026-03-26 09:40:18'),
(664, 1917, 218167, '2026-03-26 16:26:38'),
(665, 1930, 342767, '2026-03-27 20:21:01'),
(666, 1932, 770369, '2026-03-27 20:03:43'),
(667, 1933, 406655, '2026-03-27 13:32:53'),
(668, 1945, 726587, '2026-03-27 13:20:11'),
(669, 1951, 817041, '2026-03-28 07:53:04'),
(670, 1952, 585679, '2026-03-28 18:26:01'),
(671, 1953, 714110, '2026-03-28 19:30:10'),
(672, 1954, 270651, '2026-03-28 06:19:55'),
(673, 1957, 617316, '2026-03-28 12:22:53'),
(674, 1971, 169556, '2026-03-28 17:55:09'),
(675, 1977, 791128, '2026-03-29 10:08:26'),
(676, 1978, 847237, '2026-03-29 10:44:28'),
(677, 1979, 859790, '2026-03-29 16:50:45'),
(678, 1981, 383891, '2026-03-29 13:39:11'),
(679, 1982, 494853, '2026-03-29 09:16:27'),
(680, 1983, 677392, '2026-03-29 09:16:38'),
(681, 1985, 897048, '2026-03-30 11:24:04'),
(682, 1986, 200548, '2026-03-30 10:05:53'),
(683, 1987, 352371, '2026-03-30 00:21:31'),
(684, 1988, 124069, '2026-03-30 20:07:12'),
(685, 1991, 281973, '2026-03-30 08:02:43'),
(686, 1992, 728848, '2026-03-30 08:41:36'),
(687, 1993, 565707, '2026-03-30 03:39:15'),
(688, 1994, 902219, '2026-03-30 22:23:36'),
(689, 1995, 437725, '2026-03-30 15:53:52'),
(690, 1996, 837627, '2026-03-30 16:05:58'),
(691, 1997, 125455, '2026-03-31 13:48:54'),
(692, 1998, 699425, '2026-03-31 16:27:56'),
(693, 1999, 544740, '2026-03-31 17:52:30'),
(694, 2001, 728207, '2026-03-31 07:58:42'),
(695, 2002, 194343, '2026-03-31 13:53:16'),
(696, 2003, 407393, '2026-03-31 09:06:59'),
(697, 2004, 645792, '2026-03-31 06:46:22'),
(698, 2005, 593091, '2026-03-31 22:36:28'),
(699, 2006, 847140, '2026-03-31 00:37:32'),
(700, 2029, 139280, '2026-04-01 07:40:05'),
(701, 2033, 851371, '2026-04-01 19:10:36'),
(702, 2034, 954517, '2026-04-01 21:37:17'),
(703, 2035, 859459, '2026-04-01 11:56:51'),
(704, 2036, 985510, '2026-04-01 09:22:49'),
(705, 2058, 478250, '2026-04-01 20:01:59'),
(706, 2066, 818362, '2026-04-02 06:27:10'),
(707, 2069, 668663, '2026-04-02 03:33:13'),
(708, 2070, 351187, '2026-04-02 04:25:17'),
(709, 2071, 624773, '2026-04-02 06:30:58'),
(710, 2089, 948822, '2026-04-02 14:40:59'),
(711, 2095, 997727, '2026-04-03 21:03:23'),
(712, 2096, 220178, '2026-04-03 23:36:18'),
(713, 2098, 362139, '2026-04-03 04:49:20'),
(714, 2099, 218083, '2026-04-03 04:50:27'),
(715, 2100, 568791, '2026-04-03 00:30:03'),
(716, 2101, 791557, '2026-04-03 13:25:33'),
(717, 2102, 297133, '2026-04-03 23:07:17'),
(718, 2116, 112266, '2026-04-03 07:45:47'),
(719, 2120, 202247, '2026-04-03 08:59:27'),
(720, 2124, 340393, '2026-04-04 07:42:39'),
(721, 2126, 933320, '2026-04-04 16:20:59'),
(722, 2127, 909300, '2026-04-04 22:04:26'),
(723, 2128, 195446, '2026-04-04 13:40:20'),
(724, 2129, 998813, '2026-04-04 01:57:30'),
(725, 2130, 241786, '2026-04-04 23:39:11'),
(726, 2131, 999996, '2026-04-04 04:36:11'),
(727, 2132, 373825, '2026-04-04 12:20:48'),
(728, 2142, 728318, '2026-04-04 15:30:25'),
(729, 2157, 404716, '2026-04-05 13:44:09'),
(730, 2158, 683102, '2026-04-05 08:13:24'),
(731, 2159, 739731, '2026-04-05 12:04:17'),
(732, 2160, 994399, '2026-04-05 01:22:00'),
(733, 2162, 513893, '2026-04-05 21:22:35'),
(734, 2163, 856287, '2026-04-05 03:16:44'),
(735, 2164, 307607, '2026-04-05 08:46:40'),
(736, 2165, 526400, '2026-04-05 23:26:54'),
(737, 2166, 443346, '2026-04-05 22:16:39'),
(738, 2167, 108789, '2026-04-05 20:07:03'),
(739, 2168, 767768, '2026-04-06 08:53:52'),
(740, 2170, 160759, '2026-04-06 13:23:42'),
(741, 2171, 702960, '2026-04-06 04:29:04'),
(742, 2172, 459609, '2026-04-06 08:13:21'),
(743, 2173, 326057, '2026-04-06 07:05:20'),
(744, 2174, 196704, '2026-04-06 10:00:47'),
(745, 2175, 883438, '2026-04-06 04:44:06'),
(746, 2177, 517155, '2026-04-07 18:56:31'),
(747, 2178, 435940, '2026-04-07 14:03:51'),
(748, 2179, 154580, '2026-04-07 07:57:32'),
(749, 2180, 988596, '2026-04-07 15:52:58'),
(750, 2181, 376596, '2026-04-07 22:36:59'),
(751, 2183, 799512, '2026-04-07 07:03:57'),
(752, 2204, 158705, '2026-04-08 01:44:40'),
(753, 2205, 873566, '2026-04-08 10:40:08'),
(754, 2206, 710756, '2026-04-08 06:27:04'),
(755, 2207, 393391, '2026-04-08 01:49:52');
ALTER TABLE `Recu` AUTO_INCREMENT = 756;

-- ============================================================
--  REAPPROVISIONNEMENT (9 commandes)
-- ============================================================
INSERT INTO `Reapprovisionnement` (`id_reappro`, `statut_reappro`, `date_reappro`, `date_souhaitee`, `est_auto`) VALUES
(1, 'Arrivé', '2026-03-02', '2026-03-05', 1),
(2, 'Arrivé', '2026-03-02', '2026-03-05', 1),
(3, 'Arrivé', '2026-03-02', '2026-03-05', 1),
(4, 'Arrivé', '2026-03-02', '2026-03-05', 1),
(5, 'Arrivé', '2026-03-02', '2026-03-05', 1),
(6, 'Arrivé', '2026-03-17', '2026-03-19', 1),
(7, 'Arrivé', '2026-04-07', '2026-04-09', 1),
(8, 'En cours', '2026-04-05', '2026-04-10', 0),
(9, 'Annulé', '2026-03-15', '2026-03-18', 0);
ALTER TABLE `Reapprovisionnement` AUTO_INCREMENT = 10;

INSERT INTO `LigneReappro` (`id_reappro`, `id_article`, `quantite`, `date_arrivee`) VALUES
(1, 1, 5000.000, '2026-03-05'),
(2, 2, 5000.000, '2026-03-05'),
(3, 3, 5000.000, '2026-03-05'),
(4, 4, 5000.000, '2026-03-05'),
(5, 5, 5000.000, '2026-03-05'),
(6, 8, 30.000, '2026-03-19'),
(6, 10, 30.000, '2026-03-19'),
(6, 14, 30.000, '2026-03-19'),
(6, 16, 30.000, '2026-03-19'),
(6, 17, 30.000, '2026-03-19'),
(6, 18, 30.000, '2026-03-19'),
(6, 19, 30.000, '2026-03-19'),
(6, 30, 30.000, '2026-03-19'),
(7, 8, 30.000, '2026-04-09'),
(7, 10, 30.000, '2026-04-09'),
(7, 14, 30.000, '2026-04-09'),
(7, 15, 30.000, '2026-04-09'),
(7, 16, 30.000, '2026-04-09'),
(7, 17, 30.000, '2026-04-09'),
(7, 18, 30.000, '2026-04-09'),
(7, 19, 30.000, '2026-04-09'),
(8, 17, 30.000, NULL),
(8, 14, 24.000, NULL),
(9, 20, 10.000, NULL);

-- ============================================================
--  VALEURS DEFAUT REAPPRO
-- ============================================================
INSERT INTO `ValeursDefautReappro` (`id_valeur_reappro_defaut`, `id_article`, `seuil_alerte`, `volume`, `frequence_valeur`, `frequence_unite`) VALUES
(1, 1, 500.000, 5000.000, 1, 'semaine'),
(2, 2, 500.000, 5000.000, 1, 'semaine'),
(3, 3, 500.000, 5000.000, 1, 'semaine'),
(4, 4, 500.000, 5000.000, 1, 'semaine'),
(5, 5, 500.000, 5000.000, 1, 'semaine'),
(8, 8, 5.000, 20.000, 1, 'semaine'),
(9, 9, 5.000, 20.000, 1, 'semaine'),
(10, 10, 5.000, 15.000, 1, 'semaine'),
(11, 11, 3.000, 12.000, 2, 'semaine'),
(12, 12, 3.000, 12.000, 2, 'semaine'),
(13, 13, 3.000, 12.000, 2, 'semaine'),
(14, 14, 8.000, 24.000, 5, 'jour'),
(15, 15, 8.000, 24.000, 5, 'jour'),
(16, 16, 7.000, 18.000, 1, 'semaine'),
(17, 17, 10.000, 30.000, 5, 'jour'),
(18, 18, 6.000, 18.000, 1, 'semaine'),
(19, 19, 8.000, 24.000, 5, 'jour'),
(20, 20, 2.000, 10.000, 1, 'jour'),
(21, 21, 2.000, 5.000, 1, 'semaine'),
(22, 22, 5.000, 20.000, 1, 'semaine'),
(23, 23, 3.000, 10.000, 2, 'semaine'),
(24, 24, 2.000, 6.000, 1, 'mois'),
(25, 25, 1.000, 4.000, 1, 'mois'),
(26, 26, 2.000, 6.000, 1, 'mois'),
(27, 27, 1.000, 3.000, 1, 'mois'),
(28, 28, 3.000, 10.000, 2, 'semaine'),
(29, 29, 3.000, 10.000, 2, 'semaine'),
(30, 30, 3.000, 15.000, 5, 'jour'),
(31, 31, 4.000, 15.000, 5, 'jour'),
(32, 32, 6.000, 20.000, 5, 'jour'),
(33, 33, 6.000, 20.000, 5, 'jour'),
(34, 34, 1.000, 5.000, 1, 'mois'),
(35, 35, 1.000, 3.000, 1, 'mois'),
(36, 36, 1.000, 5.000, 1, 'mois'),
(37, 37, 5.000, 20.000, 1, 'semaine'),
(38, 38, 3.000, 10.000, 1, 'semaine'),
(39, 39, 2.000, 5.000, 1, 'semaine');
ALTER TABLE `ValeursDefautReappro` AUTO_INCREMENT = 40;

-- ============================================================
--  FICHE INCIDENT (22 incidents)
-- ============================================================
INSERT INTO `FicheIncident` (`id_ref_unique`, `date_creation`, `heure_creation`, `type_incident`, `detail_tech`, `solution`) VALUES
(1, '2026-01-02', '21:55:25', 'Incident client', 'Altercation verbale entre deux clients à la pompe n°2', 'Intervention technicien spécialisé programmée'),
(2, '2026-01-03', '18:34:20', 'Débordement carburant', 'Débordement mineur pompe n°4 — rigole de récupération activée', 'Résolu par le personnel, aucune suite nécessaire'),
(3, '2026-01-13', '21:49:51', 'Problème caisse', 'Lecteur code-barres ne scanne plus', 'Remplacement effectué sur place'),
(4, '2026-01-15', '17:46:41', 'Incident client', 'Altercation verbale entre deux clients à la pompe n°1', 'Pièce commandée, réparation prévue J+1'),
(5, '2026-01-17', '14:35:17', 'Maintenance préventive', 'Remplacement filtre pompe n°1 — maintenance planifiée', 'Technicien appelé, intervention sous 2h'),
(6, '2026-01-19', '08:13:49', 'Panne borne électrique', 'Borne rapide n°3 en erreur E42 — défaut communication', 'Commande urgente passée, livraison J+1'),
(7, '2026-01-28', '11:50:13', 'Incident électrique', 'Éclairage piste n°2 défaillant — ampoule LED grillée', 'Nettoyage immédiat, signalement sécurité'),
(8, '2026-01-30', '14:06:43', 'Maintenance préventive', 'Calibrage des compteurs de débit carburant', 'Signalement aux autorités compétentes'),
(9, '2026-02-07', '08:50:27', 'Panne pompe', 'Pompe n°4 — moteur ne démarre plus, fusible grillé', 'Commande urgente passée, livraison J+1'),
(10, '2026-02-17', '13:39:51', 'Alerte stock', 'Seuil d\'alerte atteint pour les viennoiseries', 'Commande urgente passée, livraison J+1'),
(11, '2026-02-22', '21:14:27', 'Panne pompe', 'Pompe n°4 — fuite détectée au raccord flexible', 'Reset équipement, fonctionnement rétabli'),
(12, '2026-02-24', '12:53:34', 'Alerte stock', 'Rupture de stock Eau Evian détectée en rayon', 'Nettoyage immédiat, signalement sécurité'),
(13, '2026-02-26', '15:46:58', 'Incident client', 'Altercation verbale entre deux clients à la pompe n°3', 'Technicien appelé, intervention sous 2h'),
(14, '2026-03-11', '06:14:11', 'Débordement carburant', 'Débordement mineur pompe n°1 — rigole de récupération activée', 'Intervention technicien spécialisé programmée'),
(15, '2026-03-12', '06:48:19', 'Vandalisme', 'Caméra de surveillance n°2 endommagée', 'Nettoyage immédiat, signalement sécurité'),
(16, '2026-03-14', '21:17:28', 'Alerte stock', 'Rupture de stock Eau Evian détectée en rayon', 'Technicien appelé, intervention sous 2h'),
(17, '2026-03-18', '14:34:34', 'Panne borne électrique', 'Borne rapide n°9 — disjonction thermique', 'Résolu par le personnel, aucune suite nécessaire'),
(18, '2026-03-20', '06:30:12', 'Maintenance préventive', 'Remplacement filtre pompe n°1 — maintenance planifiée', 'Reset équipement, fonctionnement rétabli'),
(19, '2026-03-30', '12:25:51', 'Vandalisme', 'Caméra de surveillance n°2 endommagée', 'Commande urgente passée, livraison J+1'),
(20, '2026-04-03', '06:38:22', 'Problème caisse', 'Imprimante ticket bloquée — bourrage papier', 'Commande urgente passée, livraison J+1'),
(21, '2026-04-05', '12:05:27', 'Problème caisse', 'Terminal CB refusait les paiements sans contact', 'Redémarrage système, reprise normale'),
(22, '2026-04-06', '13:48:13', 'Incident client', 'Altercation verbale entre deux clients à la pompe n°3', 'Signalement aux autorités compétentes');
ALTER TABLE `FicheIncident` AUTO_INCREMENT = 23;

-- ============================================================
--  JOURS DE LA SEMAINE
-- ============================================================
INSERT INTO `JourSemaine` VALUES
(1,'Lundi'),(2,'Mardi'),(3,'Mercredi'),(4,'Jeudi'),(5,'Vendredi'),(6,'Samedi'),(7,'Dimanche');
ALTER TABLE `JourSemaine` AUTO_INCREMENT = 8;

-- ============================================================
--  HORAIRES BOUTIQUE (Lundi fermé, Dimanche fermé)
-- ============================================================
INSERT INTO `Horaire` (`id_horaire`, `id_jour`, `heure_ouverture`, `heure_fermeture`, `est_ferme`) VALUES
(1, 1, '00:00:00', '00:00:00', 1),
(2, 2, '06:00:00', '21:00:00', 0),
(3, 3, '06:00:00', '21:00:00', 0),
(4, 4, '06:00:00', '21:00:00', 0),
(5, 5, '06:00:00', '22:00:00', 0),
(6, 6, '07:00:00', '22:00:00', 0),
(7, 7, '00:00:00', '00:00:00', 1);
ALTER TABLE `Horaire` AUTO_INCREMENT = 8;

-- ============================================================
--  JOURS DE FERMETURE
-- ============================================================
INSERT INTO `JourFermeture` (`id_fermeture`, `date_fermeture`, `motif`, `recurrent`) VALUES
(1, '0000-05-01', 'Fête du Travail', 1),
(2, '0000-12-25', 'Noël', 1),
(3, '2026-01-01', 'Jour de l\'An', 0),
(4, '2026-04-06', 'Lundi de Pâques', 0);
ALTER TABLE `JourFermeture` AUTO_INCREMENT = 5;

-- ============================================================
--  VALIDATION JOURNALIÈRE
--  Tout verrouillé du 01/01 au 07/04 sauf :
--    - Transactions du 03/04 et 08/04 (non validées)
--    - Incidents du 06/04 et 08/04 (non validés)
-- ============================================================
INSERT INTO `ValidationTransactions` (`date_jour`, `est_valide`, `date_validation`) VALUES
('2026-01-01', 1, '2026-01-01 21:30:00'),
('2026-01-02', 1, '2026-01-02 21:30:00'),
('2026-01-03', 1, '2026-01-03 21:30:00'),
('2026-01-04', 1, '2026-01-04 21:30:00'),
('2026-01-05', 1, '2026-01-05 21:30:00'),
('2026-01-06', 1, '2026-01-06 21:30:00'),
('2026-01-07', 1, '2026-01-07 21:30:00'),
('2026-01-08', 1, '2026-01-08 21:30:00'),
('2026-01-09', 1, '2026-01-09 21:30:00'),
('2026-01-10', 1, '2026-01-10 21:30:00'),
('2026-01-11', 1, '2026-01-11 21:30:00'),
('2026-01-12', 1, '2026-01-12 21:30:00'),
('2026-01-13', 1, '2026-01-13 21:30:00'),
('2026-01-14', 1, '2026-01-14 21:30:00'),
('2026-01-15', 1, '2026-01-15 21:30:00'),
('2026-01-16', 1, '2026-01-16 21:30:00'),
('2026-01-17', 1, '2026-01-17 21:30:00'),
('2026-01-18', 1, '2026-01-18 21:30:00'),
('2026-01-19', 1, '2026-01-19 21:30:00'),
('2026-01-20', 1, '2026-01-20 21:30:00'),
('2026-01-21', 1, '2026-01-21 21:30:00'),
('2026-01-22', 1, '2026-01-22 21:30:00'),
('2026-01-23', 1, '2026-01-23 21:30:00'),
('2026-01-24', 1, '2026-01-24 21:30:00'),
('2026-01-25', 1, '2026-01-25 21:30:00'),
('2026-01-26', 1, '2026-01-26 21:30:00'),
('2026-01-27', 1, '2026-01-27 21:30:00'),
('2026-01-28', 1, '2026-01-28 21:30:00'),
('2026-01-29', 1, '2026-01-29 21:30:00'),
('2026-01-30', 1, '2026-01-30 21:30:00'),
('2026-01-31', 1, '2026-01-31 21:30:00'),
('2026-02-01', 1, '2026-02-01 21:30:00'),
('2026-02-02', 1, '2026-02-02 21:30:00'),
('2026-02-03', 1, '2026-02-03 21:30:00'),
('2026-02-04', 1, '2026-02-04 21:30:00'),
('2026-02-05', 1, '2026-02-05 21:30:00'),
('2026-02-06', 1, '2026-02-06 21:30:00'),
('2026-02-07', 1, '2026-02-07 21:30:00'),
('2026-02-08', 1, '2026-02-08 21:30:00'),
('2026-02-09', 1, '2026-02-09 21:30:00'),
('2026-02-10', 1, '2026-02-10 21:30:00'),
('2026-02-11', 1, '2026-02-11 21:30:00'),
('2026-02-12', 1, '2026-02-12 21:30:00'),
('2026-02-13', 1, '2026-02-13 21:30:00'),
('2026-02-14', 1, '2026-02-14 21:30:00'),
('2026-02-15', 1, '2026-02-15 21:30:00'),
('2026-02-16', 1, '2026-02-16 21:30:00'),
('2026-02-17', 1, '2026-02-17 21:30:00'),
('2026-02-18', 1, '2026-02-18 21:30:00'),
('2026-02-19', 1, '2026-02-19 21:30:00'),
('2026-02-20', 1, '2026-02-20 21:30:00'),
('2026-02-21', 1, '2026-02-21 21:30:00'),
('2026-02-22', 1, '2026-02-22 21:30:00'),
('2026-02-23', 1, '2026-02-23 21:30:00'),
('2026-02-24', 1, '2026-02-24 21:30:00'),
('2026-02-25', 1, '2026-02-25 21:30:00'),
('2026-02-26', 1, '2026-02-26 21:30:00'),
('2026-02-27', 1, '2026-02-27 21:30:00'),
('2026-02-28', 1, '2026-02-28 21:30:00'),
('2026-03-01', 1, '2026-03-01 21:30:00'),
('2026-03-02', 1, '2026-03-02 21:30:00'),
('2026-03-03', 1, '2026-03-03 21:30:00'),
('2026-03-04', 1, '2026-03-04 21:30:00'),
('2026-03-05', 1, '2026-03-05 21:30:00'),
('2026-03-06', 1, '2026-03-06 21:30:00'),
('2026-03-07', 1, '2026-03-07 21:30:00'),
('2026-03-08', 1, '2026-03-08 21:30:00'),
('2026-03-09', 1, '2026-03-09 21:30:00'),
('2026-03-10', 1, '2026-03-10 21:30:00'),
('2026-03-11', 1, '2026-03-11 21:30:00'),
('2026-03-12', 1, '2026-03-12 21:30:00'),
('2026-03-13', 1, '2026-03-13 21:30:00'),
('2026-03-14', 1, '2026-03-14 21:30:00'),
('2026-03-15', 1, '2026-03-15 21:30:00'),
('2026-03-16', 1, '2026-03-16 21:30:00'),
('2026-03-17', 1, '2026-03-17 21:30:00'),
('2026-03-18', 1, '2026-03-18 21:30:00'),
('2026-03-19', 1, '2026-03-19 21:30:00'),
('2026-03-20', 1, '2026-03-20 21:30:00'),
('2026-03-21', 1, '2026-03-21 21:30:00'),
('2026-03-22', 1, '2026-03-22 21:30:00'),
('2026-03-23', 1, '2026-03-23 21:30:00'),
('2026-03-24', 1, '2026-03-24 21:30:00'),
('2026-03-25', 1, '2026-03-25 21:30:00'),
('2026-03-26', 1, '2026-03-26 21:30:00'),
('2026-03-27', 1, '2026-03-27 21:30:00'),
('2026-03-28', 1, '2026-03-28 21:30:00'),
('2026-03-29', 1, '2026-03-29 21:30:00'),
('2026-03-30', 1, '2026-03-30 21:30:00'),
('2026-03-31', 1, '2026-03-31 21:30:00'),
('2026-04-01', 1, '2026-04-01 21:30:00'),
('2026-04-02', 1, '2026-04-02 21:30:00'),
('2026-04-04', 1, '2026-04-04 21:30:00'),
('2026-04-05', 1, '2026-04-05 21:30:00'),
('2026-04-06', 1, '2026-04-06 21:30:00'),
('2026-04-07', 1, '2026-04-07 21:30:00');

INSERT INTO `ValidationIncidents` (`date_jour`, `est_valide`, `date_validation`) VALUES
('2026-01-01', 1, '2026-01-01 21:30:00'),
('2026-01-02', 1, '2026-01-02 21:30:00'),
('2026-01-03', 1, '2026-01-03 21:30:00'),
('2026-01-04', 1, '2026-01-04 21:30:00'),
('2026-01-05', 1, '2026-01-05 21:30:00'),
('2026-01-06', 1, '2026-01-06 21:30:00'),
('2026-01-07', 1, '2026-01-07 21:30:00'),
('2026-01-08', 1, '2026-01-08 21:30:00'),
('2026-01-09', 1, '2026-01-09 21:30:00'),
('2026-01-10', 1, '2026-01-10 21:30:00'),
('2026-01-11', 1, '2026-01-11 21:30:00'),
('2026-01-12', 1, '2026-01-12 21:30:00'),
('2026-01-13', 1, '2026-01-13 21:30:00'),
('2026-01-14', 1, '2026-01-14 21:30:00'),
('2026-01-15', 1, '2026-01-15 21:30:00'),
('2026-01-16', 1, '2026-01-16 21:30:00'),
('2026-01-17', 1, '2026-01-17 21:30:00'),
('2026-01-18', 1, '2026-01-18 21:30:00'),
('2026-01-19', 1, '2026-01-19 21:30:00'),
('2026-01-20', 1, '2026-01-20 21:30:00'),
('2026-01-21', 1, '2026-01-21 21:30:00'),
('2026-01-22', 1, '2026-01-22 21:30:00'),
('2026-01-23', 1, '2026-01-23 21:30:00'),
('2026-01-24', 1, '2026-01-24 21:30:00'),
('2026-01-25', 1, '2026-01-25 21:30:00'),
('2026-01-26', 1, '2026-01-26 21:30:00'),
('2026-01-27', 1, '2026-01-27 21:30:00'),
('2026-01-28', 1, '2026-01-28 21:30:00'),
('2026-01-29', 1, '2026-01-29 21:30:00'),
('2026-01-30', 1, '2026-01-30 21:30:00'),
('2026-01-31', 1, '2026-01-31 21:30:00'),
('2026-02-01', 1, '2026-02-01 21:30:00'),
('2026-02-02', 1, '2026-02-02 21:30:00'),
('2026-02-03', 1, '2026-02-03 21:30:00'),
('2026-02-04', 1, '2026-02-04 21:30:00'),
('2026-02-05', 1, '2026-02-05 21:30:00'),
('2026-02-06', 1, '2026-02-06 21:30:00'),
('2026-02-07', 1, '2026-02-07 21:30:00'),
('2026-02-08', 1, '2026-02-08 21:30:00'),
('2026-02-09', 1, '2026-02-09 21:30:00'),
('2026-02-10', 1, '2026-02-10 21:30:00'),
('2026-02-11', 1, '2026-02-11 21:30:00'),
('2026-02-12', 1, '2026-02-12 21:30:00'),
('2026-02-13', 1, '2026-02-13 21:30:00'),
('2026-02-14', 1, '2026-02-14 21:30:00'),
('2026-02-15', 1, '2026-02-15 21:30:00'),
('2026-02-16', 1, '2026-02-16 21:30:00'),
('2026-02-17', 1, '2026-02-17 21:30:00'),
('2026-02-18', 1, '2026-02-18 21:30:00'),
('2026-02-19', 1, '2026-02-19 21:30:00'),
('2026-02-20', 1, '2026-02-20 21:30:00'),
('2026-02-21', 1, '2026-02-21 21:30:00'),
('2026-02-22', 1, '2026-02-22 21:30:00'),
('2026-02-23', 1, '2026-02-23 21:30:00'),
('2026-02-24', 1, '2026-02-24 21:30:00'),
('2026-02-25', 1, '2026-02-25 21:30:00'),
('2026-02-26', 1, '2026-02-26 21:30:00'),
('2026-02-27', 1, '2026-02-27 21:30:00'),
('2026-02-28', 1, '2026-02-28 21:30:00'),
('2026-03-01', 1, '2026-03-01 21:30:00'),
('2026-03-02', 1, '2026-03-02 21:30:00'),
('2026-03-03', 1, '2026-03-03 21:30:00'),
('2026-03-04', 1, '2026-03-04 21:30:00'),
('2026-03-05', 1, '2026-03-05 21:30:00'),
('2026-03-06', 1, '2026-03-06 21:30:00'),
('2026-03-07', 1, '2026-03-07 21:30:00'),
('2026-03-08', 1, '2026-03-08 21:30:00'),
('2026-03-09', 1, '2026-03-09 21:30:00'),
('2026-03-10', 1, '2026-03-10 21:30:00'),
('2026-03-11', 1, '2026-03-11 21:30:00'),
('2026-03-12', 1, '2026-03-12 21:30:00'),
('2026-03-13', 1, '2026-03-13 21:30:00'),
('2026-03-14', 1, '2026-03-14 21:30:00'),
('2026-03-15', 1, '2026-03-15 21:30:00'),
('2026-03-16', 1, '2026-03-16 21:30:00'),
('2026-03-17', 1, '2026-03-17 21:30:00'),
('2026-03-18', 1, '2026-03-18 21:30:00'),
('2026-03-19', 1, '2026-03-19 21:30:00'),
('2026-03-20', 1, '2026-03-20 21:30:00'),
('2026-03-21', 1, '2026-03-21 21:30:00'),
('2026-03-22', 1, '2026-03-22 21:30:00'),
('2026-03-23', 1, '2026-03-23 21:30:00'),
('2026-03-24', 1, '2026-03-24 21:30:00'),
('2026-03-25', 1, '2026-03-25 21:30:00'),
('2026-03-26', 1, '2026-03-26 21:30:00'),
('2026-03-27', 1, '2026-03-27 21:30:00'),
('2026-03-28', 1, '2026-03-28 21:30:00'),
('2026-03-29', 1, '2026-03-29 21:30:00'),
('2026-03-30', 1, '2026-03-30 21:30:00'),
('2026-03-31', 1, '2026-03-31 21:30:00'),
('2026-04-01', 1, '2026-04-01 21:30:00'),
('2026-04-02', 1, '2026-04-02 21:30:00'),
('2026-04-03', 1, '2026-04-03 21:30:00'),
('2026-04-04', 1, '2026-04-04 21:30:00'),
('2026-04-05', 1, '2026-04-05 21:30:00'),
('2026-04-07', 1, '2026-04-07 21:30:00');


USE `unica_station_archives`;

SET SQL_MODE = 'NO_AUTO_VALUE_ON_ZERO';
SET FOREIGN_KEY_CHECKS = 0;
START TRANSACTION;
SET NAMES utf8mb4;

-- ============================================================
--  ARTICLE
-- ============================================================
INSERT INTO `Article` (`id_article`, `type_article`) VALUES
(1, 'Carburant'),
(2, 'Carburant'),
(3, 'Carburant'),
(4, 'Carburant'),
(5, 'Carburant'),
(6, 'Electricite'),
(7, 'Electricite'),
(8, 'Snack'),
(9, 'Snack'),
(10, 'Snack'),
(11, 'Confiserie'),
(12, 'Confiserie'),
(13, 'Confiserie'),
(14, 'Boisson'),
(15, 'Boisson'),
(16, 'Boisson'),
(17, 'Boisson'),
(18, 'Boisson'),
(19, 'Boisson'),
(20, 'Presse'),
(21, 'Presse'),
(22, 'Tabac'),
(23, 'Tabac'),
(24, 'Auto'),
(25, 'Auto'),
(26, 'Auto'),
(27, 'Auto'),
(28, 'Hygiène'),
(29, 'Hygiène'),
(30, 'Alimentation'),
(31, 'Alimentation'),
(32, 'Alimentation'),
(33, 'Alimentation'),
(34, 'Combustible'),
(35, 'Combustible'),
(36, 'Combustible'),
(37, 'Service'),
(38, 'Service'),
(39, 'Service'),
(40, 'Snack'),
(41, 'Boisson'),
(42, 'Auto'),
(43, 'Auto'),
(44, 'Alimentation'),
(45, 'Combustible');

ALTER TABLE `Article` AUTO_INCREMENT = 46;

-- ============================================================
--  ENERGIE
-- ============================================================
INSERT INTO `Energie` (`id_energie`, `id_article`, `type_energie`) VALUES
(1, 1, 'carburant'),
(2, 2, 'carburant'),
(3, 3, 'carburant'),
(4, 4, 'carburant'),
(5, 5, 'carburant'),
(6, 6, 'electricite'),
(7, 7, 'electricite');

ALTER TABLE `Energie` AUTO_INCREMENT = 8;

-- ============================================================
--  CARBURANT
-- ============================================================
INSERT INTO `Carburant` (`id_carburant`, `id_energie`, `prix_litre`, `livraison_min`, `libelle`) VALUES
(1, 1, 1.799, 5.000, 'SP95'),
(2, 2, 1.899, 5.000, 'SP98'),
(3, 3, 1.699, 5.000, 'Gazole'),
(4, 4, 1.759, 5.000, 'E10'),
(5, 5, 0.999, 5.000, 'E85');

ALTER TABLE `Carburant` AUTO_INCREMENT = 6;

-- ============================================================
--  ELECTRICITE
-- ============================================================
INSERT INTO `Electricite` (`id_electricite`, `id_energie`, `prix_kwh`, `type_charge`) VALUES
(1, 6, 0.620, 'rapide'),
(2, 7, 0.290, 'lente');

ALTER TABLE `Electricite` AUTO_INCREMENT = 3;

-- ============================================================
--  PRODUIT
-- ============================================================
INSERT INTO `Produit` (`code_barres`, `id_article`, `libelle_produit`, `prix`) VALUES
(3017620425035, 8, 'Chips Lay''s Nature 45g', 1.490),
(5000159461121, 9, 'Chips Pringles Original 40g', 1.790),
(7622210449283, 10, 'Barre Céréales BelVita x2', 1.290),
(3014760032112, 11, 'Chewing-gum Freedent White 10p', 1.390),
(3175680011800, 12, 'Mentos Fruits 38g', 0.990),
(5000159417891, 13, 'KitKat 2 barres 41.5g', 1.350),
(5449000214911, 14, 'Coca-Cola 50cl', 2.190),
(5449000131836, 15, 'Coca-Cola Zero 50cl', 2.190),
(5000112657920, 16, 'Red Bull 250ml', 2.490),
(3057640257578, 17, 'Eau Evian 50cl', 1.190),
(3228882010053, 18, 'Café Expresso capsule x1', 0.890),
(3057640257579, 19, 'Eau Vittel 1.5L', 1.490),
(9771950123005, 20, 'L''Équipe (journal du jour)', 1.590),
(9772102347008, 21, 'Télé 7 Jours (hebdo)', 2.200),
(3245390214017, 22, 'Briquet BIC classique', 1.990),
(3245390214024, 23, 'Allumettes x40', 0.910),
(3175680091680, 24, 'Dégivrant pare-brise 400ml', 4.990),
(3571090000148, 25, 'Huile moteur 5W40 1L', 9.990),
(5099576088745, 26, 'Chiffons microfibre x3', 3.490),
(3760020509100, 27, 'Chargeur universel VE domicile', 29.900),
(3600522118015, 28, 'Gel hydroalcoolique 100ml', 2.490),
(3600524068738, 29, 'Paracétamol 500mg x8', 2.990),
(3560070976843, 30, 'Sandwich Jambon-Beurre', 3.990),
(3760020509015, 31, 'Wrap Poulet-Crudités', 4.290),
(3400930006903, 32, 'Croissant pur beurre', 1.490),
(3400930006910, 33, 'Pain au chocolat', 1.590),
(3700000000001, 34, 'Sac de bois de chauffage 20kg', 7.900),
(3700000000002, 35, 'Bouteille de gaz Butane 13kg', 34.900),
(3700000000003, 36, 'Charbon de barbecue 4kg', 8.900),
(3700000000010, 37, 'Jeton aspirateur', 2.000),
(3700000000011, 38, 'Carte lavage simple', 6.000),
(3700000000012, 39, 'Carte lavage intégral', 10.000),
(3700000000101, 40, 'Barre protéinée 45g', 2.490),
(3700000000102, 41, 'Café glacé 25cl', 2.790),
(3700000000103, 42, 'Câble USB-C 1m', 8.900),
(3700000000104, 43, 'Kit pare-brise hiver', 6.500),
(3700000000105, 44, 'Wrap végétarien', 4.600),
(3700000000106, 45, 'Gaz premium 13kg', 36.900);

-- ============================================================
--  STOCK
-- ============================================================
INSERT INTO `Stock` (`id_stock`, `id_article`, `quantite_stock`, `type_quantite`) VALUES
(1, 8, 38.000, 'unite'),
(2, 9, 32.000, 'unite'),
(3, 10, 44.000, 'unite'),
(4, 11, 40.000, 'unite'),
(5, 12, 31.000, 'unite'),
(6, 13, 33.000, 'unite'),
(7, 14, 46.000, 'unite'),
(8, 15, 23.000, 'unite'),
(9, 16, 43.000, 'unite'),
(10, 17, 30.000, 'unite'),
(11, 18, 40.000, 'unite'),
(12, 19, 38.000, 'unite'),
(13, 20, 28.000, 'unite'),
(14, 21, 52.000, 'unite'),
(15, 22, 31.000, 'unite'),
(16, 23, 57.000, 'unite'),
(17, 24, 54.000, 'unite'),
(18, 25, 63.000, 'unite'),
(19, 26, 65.000, 'unite'),
(20, 27, 50.000, 'unite'),
(21, 28, 36.000, 'unite'),
(22, 29, 27.000, 'unite'),
(23, 30, 14.000, 'unite'),
(24, 31, 35.000, 'unite'),
(25, 32, 8.000, 'unite'),
(26, 33, 9.000, 'unite'),
(27, 34, 52.000, 'unite'),
(28, 35, 46.000, 'unite'),
(29, 36, 49.000, 'unite'),
(30, 37, 18.000, 'unite'),
(31, 38, 39.000, 'unite'),
(32, 39, 42.000, 'unite'),
(33, 40, 45.000, 'unite'),
(34, 41, 34.000, 'unite'),
(35, 42, 27.000, 'unite'),
(36, 43, 21.000, 'unite'),
(37, 44, 26.000, 'unite'),
(38, 45, 30.000, 'unite'),
(39, 1, 2600.000, 'litre'),
(40, 2, 2400.000, 'litre'),
(41, 3, 2800.000, 'litre'),
(42, 4, 2200.000, 'litre'),
(43, 5, 2100.000, 'litre');

ALTER TABLE `Stock` AUTO_INCREMENT = 44;

-- ============================================================
--  CONNEXION
-- ============================================================
INSERT INTO `Connexion` (`id_connexion`, `identifiant`, `mdp`, `role`) VALUES
(1, 'employe1', 'password', 'employe'),
(2, 'gerant1', 'password', 'gerant'),
(3, 'employe2', 'password', 'employe'),
(4, 'superviseur', 'password', 'gerant');

ALTER TABLE `Connexion` AUTO_INCREMENT = 5;

-- ============================================================
--  CLIENT
-- ============================================================
INSERT INTO `Client` (`id_client`, `nom`, `prenom`, `email`, `num_tel`) VALUES
(1, 'Zari', 'Mouad', 'mouad.zari@unica.fr', '0612345001'),
(2, 'Blanc', 'Saskia', 'saskia.blanc@unica.fr', '0612345002'),
(3, 'Mongrandi', 'Lenny', 'lenny.mongrandi@unica.fr', '0612345003'),
(4, 'Bachov', 'Steven', 'steven.bachov@unica.fr', '0612345004'),
(11, 'Renaud', 'Camille', 'camille.renaud@archive.unica.fr', '0612345011'),
(12, 'Lefevre', 'Tom', 'tom.lefevre@archive.unica.fr', '0612345012'),
(13, 'Noel', 'Ines', 'ines.noel@archive.unica.fr', '0612345013'),
(14, 'Benoit', 'Hugo', 'hugo.benoit@archive.unica.fr', '0612345014'),
(15, 'Armand', 'Mila', 'mila.armand@archive.unica.fr', '0612345015');

ALTER TABLE `Client` AUTO_INCREMENT = 16;

-- ============================================================
--  CARTE CE
-- ============================================================
INSERT INTO `CarteCE` (`id_carte_CE`, `id_client`, `code_secret`, `solde_client`, `date_dernier_apport`, `montant_dernier_apport`) VALUES
(1, 1, '$2y$10$ez0AINQmt.X8tWRHv35zAu1whkKtDKxl83CwqTCM5KdSRsSH5lphO', 130.000, '2026-02-15', 100),
(2, 2, '$2y$10$5ohAKZrw.TvwR3aPhC3EfuhgSsRngL/k6ZiDwlGDPefQRra2dGhqG', 80.000, '2026-03-15', 100),
(3, 3, '$2y$10$a3P/UWlH6sfQkRwQB/9y0uXKZZLNX3kGKQJOeMJsdKDSDCv/qafpa', 50.000, '2026-03-20', 50),
(11, 11, '$2y$10$0Xe2KJG0RPSOMsjNS1177Oo1U.9T.pgHwsLpPHwQgcmDRtRHWGoge', 45.000, '2021-12-03', 40),
(12, 12, '$2y$10$iQgqr4Y7Me3R9v8sjiNAHOuufIzRIzpoKZN2j5dcltzOw6Fk1ev.O', 95.000, '2022-10-14', 80),
(13, 13, '$2y$10$/SYQgTo6MwUHj02nWqwnH.QEIzjHByfNPDMhIeDhRTA6MR7K9vQhG', 62.000, '2023-06-20', 60),
(14, 14, '$2y$10$FUzD7H.EUTEEFjjP8i2LiuU9mI/vsjzLN2bQwDOKLNFCLGU/Fmftu', 135.000, '2024-09-11', 120),
(15, 15, '$2y$10$0sIR3jxcXAzDLw11XQ/YvePAwxhXATkqlH15LZb.riksbAb1YU5ju', 70.000, '2025-04-29', 70);

ALTER TABLE `CarteCE` AUTO_INCREMENT = 16;

-- ============================================================
--  PARAMETRES CCE
-- ============================================================
INSERT INTO `ParametresCCE` (`id_parametre`, `montant_min`) VALUES
(1, 40.00),  -- 2021
(2, 45.00),  -- 2022
(3, 50.00),  -- 2023
(4, 55.00),  -- 2024
(5, 50.00),  -- 2025
(6, 60.00);  -- 2026

ALTER TABLE `ParametresCCE` AUTO_INCREMENT = 7;

-- ============================================================
--  BONUS CCE
-- ============================================================
INSERT INTO `BonusCCE` (`id_bonus`, `tranche`, `montant_bonus`) VALUES
(1, 80.00, 6.00),    -- 2021
(2, 180.00, 18.00),  -- 2021
(3, 90.00, 8.00),    -- 2022
(4, 190.00, 21.00),  -- 2022
(5, 100.00, 10.00),  -- 2023
(6, 200.00, 25.00),  -- 2023
(7, 110.00, 12.00),  -- 2024
(8, 220.00, 30.00),  -- 2024
(9, 120.00, 15.00),  -- 2025
(10, 240.00, 34.00), -- 2025
(11, 100.00, 10.00), -- 2026
(12, 200.00, 25.00); -- 2026

ALTER TABLE `BonusCCE` AUTO_INCREMENT = 13;

-- ============================================================
--  POMPE
-- ============================================================
INSERT INTO `Pompe` (`id_pompe`, `numero`, `type_pompe`, `sous_type`, `mode`, `statut`, `date_debut`, `id_transaction_energie`) VALUES
(1, 1, 'carburant', NULL, 'manuel', 'active', '2021-01-01 06:00:00', NULL),
(2, 2, 'carburant', NULL, 'auto', 'active', '2021-01-01 06:00:00', NULL),
(3, 1, 'electricite', 'rapide', 'auto', 'active', '2021-01-01 06:00:00', NULL),
(4, 2, 'electricite', 'lente', 'auto', 'active', '2021-01-01 06:00:00', NULL),
(5, 3, 'electricite', 'rapide', 'auto', 'active', '2024-06-01 07:00:00', NULL),
(6, 3, 'carburant', NULL, 'auto', 'active', '2025-03-15 08:00:00', NULL);

ALTER TABLE `Pompe` AUTO_INCREMENT = 7;

-- ============================================================
--  TRANSACTION (version réduite archive)
-- ============================================================
INSERT INTO `Transaction` (`id_transaction`, `prix_total`, `date_heure`) VALUES
(1, 78.023, '2026-01-01 08:07:36'),
(2, 65.793, '2026-01-01 01:05:05'),
(3, 18.929, '2026-01-01 08:01:33'),
(4, 24.804, '2026-01-01 03:31:16'),
(5, 77.494, '2026-01-02 08:20:21'),
(6, 38.782, '2026-01-02 20:39:01'),
(7, 2.190,  '2026-01-03 07:56:53'),
(8, 29.900, '2026-01-10 10:50:15'),
(9, 49.562, '2026-02-06 19:39:55'),
(10, 84.367,'2026-03-05 00:21:15'),
(11, 72.254,'2026-03-06 04:25:17'),
(12, 79.855,'2026-03-19 05:35:42');

ALTER TABLE `Transaction` AUTO_INCREMENT = 13;

-- ============================================================
--  TRANSACTION CCE
-- ============================================================
INSERT INTO `TransactionCCE` (`id_transaction`, `id_carte_CE`) VALUES
(1, 2),
(6, 1),
(9, 3);

-- ============================================================
--  TRANSACTION ENERGIE
-- ============================================================
INSERT INTO `TransactionEnergie` (`id_transaction_energie`, `id_transaction`, `id_energie`, `quantite_delivree`, `temps_charge`, `statut`, `id_pompe`) VALUES
(1, 1, 1, 43.370, '00:00:00', 'payee', 1),
(2, 2, 3, 38.724, '00:00:00', 'payee', 2),
(3, 5, 6, 69.222, '00:41:00', 'payee', 3),
(4, 6, 7, 52.100, '01:12:00', 'payee', 4),
(5, 9, 2, 29.172, '00:00:00', 'payee', 2),
(6, 10, 1, 46.841, '00:00:00', 'payee', 1),
(7, 11, 6, 111.900, '01:28:00', 'payee', 3),
(8, 12, 3, 47.000, '00:00:00', 'payee', 2);

ALTER TABLE `TransactionEnergie` AUTO_INCREMENT = 9;

-- ============================================================
--  TRANSACTION PRODUIT
-- ============================================================
INSERT INTO `TransactionProduit` (`id_transaction_produit`, `id_transaction`, `code_barres`, `quantite_produit_totale`) VALUES
(1, 3, 3017620425035, 2),
(2, 3, 5449000214911, 1),
(3, 4, 5449000214911, 1),
(4, 4, 3560070976843, 4),
(5, 7, 5449000214911, 1),
(6, 8, 3760020509100, 1);

ALTER TABLE `TransactionProduit` AUTO_INCREMENT = 7;

-- ============================================================
--  RECU
-- ============================================================
INSERT INTO `Recu` (`id_recu`, `id_transaction`, `num_carte`, `horodatage`) VALUES
(1, 1, 671858, '2026-01-01 08:07:36'),
(2, 2, 554812, '2026-01-01 01:05:05'),
(3, 6, 451245, '2026-01-02 20:39:01'),
(4, 8, 778899, '2026-01-10 10:50:15'),
(5, 10, 998877, '2026-03-05 00:21:15');

ALTER TABLE `Recu` AUTO_INCREMENT = 6;

-- ============================================================
--  DONNÉES HISTORIQUES ARCHIVE (2021 → 2025)
--  Objectif: fournir un volume crédible de transactions archivées
-- ============================================================

-- Clients et cartes CCE supplémentaires pour varier les paiements.
INSERT INTO `Client` (`id_client`, `nom`, `prenom`, `email`, `num_tel`) VALUES
(5, 'Martin', 'Laura', 'laura.martin@archive.unica.fr', '0612345005'),
(6, 'Perez', 'Nolan', 'nolan.perez@archive.unica.fr', '0612345006'),
(7, 'Rossi', 'Emma', 'emma.rossi@archive.unica.fr', '0612345007'),
(8, 'Petit', 'Yanis', 'yanis.petit@archive.unica.fr', '0612345008'),
(9, 'Garcia', 'Lea', 'lea.garcia@archive.unica.fr', '0612345009'),
(10, 'Durand', 'Theo', 'theo.durand@archive.unica.fr', '0612345010');

ALTER TABLE `Client` AUTO_INCREMENT = 16;

INSERT INTO `CarteCE` (`id_carte_CE`, `id_client`, `code_secret`, `solde_client`, `date_dernier_apport`, `montant_dernier_apport`) VALUES
(4, 4, '$2y$10$ZIDzzVUtLow3Pw2RU5fxqeYr7FdT53UuCNLir.su2ttj9gXez1pEq', 95.000, '2025-09-17', 80),
(5, 5, '$2y$10$ELl5K0U1SWsAsXJY5CEdKOIt1FViNmPDzdX0bylmZbNoWSS9KMzmu', 160.000, '2025-11-08', 120),
(6, 6, '$2y$10$dAjfYxwKUAHOLs5b1tdK6usJV1Jg0O2tup01HCqdbxSvpQ89OC7HS', 72.000, '2025-12-02', 60),
(7, 7, '$2y$10$N/fclww943A29doour/jmOLJNp.WMuGbg4BWI6kG0tSrIn/vKFmvO', 210.000, '2025-10-28', 200),
(8, 8, '$2y$10$VbMYenEjdTgzdGDnZlMvbujKPAni0PyqlcHQHPA2Dv.CW4G63uuRK', 44.000, '2025-07-14', 50),
(9, 9, '$2y$10$weJiB1IK2UEf3.TYfxEGx.3IORinPAe2oOsdZMdHHReXMhGAdczX2', 118.000, '2025-08-25', 100),
(10, 10, '$2y$10$ZWE0E.F9f.TGwnCxRe6BH.FUPQJjuyCgG/NctMGAqs9fCsL8yg3wm', 88.000, '2025-06-19', 75);

ALTER TABLE `CarteCE` AUTO_INCREMENT = 16;

-- 550 transactions supplémentaires (110 par année: 2021, 2022, 2023, 2024, 2025).
-- Le prix total est recalculé ensuite depuis les lignes produit/énergie pour garantir la cohérence.
INSERT INTO `Transaction` (`id_transaction`, `prix_total`, `date_heure`)
SELECT
  1000 + n AS id_transaction,
  0.000 AS prix_total,
  TIMESTAMP(
    DATE_ADD(
      MAKEDATE(2021 + FLOOR((n - 1) / 110), 1),
      INTERVAL MOD(n * 17, 365) DAY
    ),
    SEC_TO_TIME(MOD(n * 1379, 86400))
  ) AS date_heure
FROM (
  SELECT (u.n + d.n * 10 + c.n * 100 + 1) AS n
  FROM
    (SELECT 0 AS n UNION ALL SELECT 1 UNION ALL SELECT 2 UNION ALL SELECT 3 UNION ALL SELECT 4 UNION ALL SELECT 5 UNION ALL SELECT 6 UNION ALL SELECT 7 UNION ALL SELECT 8 UNION ALL SELECT 9) u
  CROSS JOIN
    (SELECT 0 AS n UNION ALL SELECT 1 UNION ALL SELECT 2 UNION ALL SELECT 3 UNION ALL SELECT 4 UNION ALL SELECT 5 UNION ALL SELECT 6 UNION ALL SELECT 7 UNION ALL SELECT 8 UNION ALL SELECT 9) d
  CROSS JOIN
    (SELECT 0 AS n UNION ALL SELECT 1 UNION ALL SELECT 2 UNION ALL SELECT 3 UNION ALL SELECT 4 UNION ALL SELECT 5) c
  WHERE (u.n + d.n * 10 + c.n * 100 + 1) <= 550
) seq;

ALTER TABLE `Transaction` AUTO_INCREMENT = 1551;

-- Transactions énergie (majoritairement carburant, avec une part de recharge électrique).
INSERT INTO `TransactionEnergie`
(`id_transaction`, `id_energie`, `quantite_delivree`, `temps_charge`, `statut`, `id_pompe`)
SELECT
  t.id_transaction,
  CASE MOD(t.id_transaction, 8)
    WHEN 0 THEN 1
    WHEN 1 THEN 2
    WHEN 2 THEN 3
    WHEN 3 THEN 1
    WHEN 4 THEN 2
    WHEN 5 THEN 6
    WHEN 6 THEN 7
    ELSE 3
  END AS id_energie,
  CASE
    WHEN MOD(t.id_transaction, 8) IN (5, 6)
      THEN ROUND(9 + (MOD(t.id_transaction * 29, 510) / 10), 3)
    ELSE ROUND(18 + (MOD(t.id_transaction * 31, 420) / 10), 3)
  END AS quantite_delivree,
  CASE
    WHEN MOD(t.id_transaction, 8) IN (5, 6)
      THEN SEC_TO_TIME((18 + MOD(t.id_transaction * 11, 120)) * 60)
    ELSE '00:00:00'
  END AS temps_charge,
  'payee' AS statut,
  CASE
    WHEN MOD(t.id_transaction, 8) = 5
      THEN CASE WHEN YEAR(t.date_heure) >= 2024 THEN 5 ELSE 3 END
    WHEN MOD(t.id_transaction, 8) = 6 THEN 4
    ELSE CASE
      WHEN YEAR(t.date_heure) >= 2025 AND MOD(t.id_transaction, 6) = 0 THEN 6
      ELSE 1 + MOD(t.id_transaction, 2)
    END
  END AS id_pompe
FROM `Transaction` t
WHERE t.id_transaction BETWEEN 1001 AND 1550
  AND MOD(t.id_transaction, 10) <= 5;

ALTER TABLE `TransactionEnergie` AUTO_INCREMENT = 5000;

-- Transactions produit (tickets boutique, parfois plusieurs lignes).
INSERT INTO `TransactionProduit`
(`id_transaction`, `code_barres`, `quantite_produit_totale`)
SELECT
  t.id_transaction,
  CASE YEAR(t.date_heure)
    WHEN 2021 THEN CASE MOD(t.id_transaction, 8)
      WHEN 0 THEN 3017620425035
      WHEN 1 THEN 5449000214911
      WHEN 2 THEN 3057640257578
      WHEN 3 THEN 5000159461121
      WHEN 4 THEN 3400930006903
      WHEN 5 THEN 3245390214017
      WHEN 6 THEN 3700000000010
      ELSE 3560070976843
    END
    WHEN 2022 THEN CASE MOD(t.id_transaction, 8)
      WHEN 0 THEN 5000159461121
      WHEN 1 THEN 5000112657920
      WHEN 2 THEN 9771950123005
      WHEN 3 THEN 3057640257579
      WHEN 4 THEN 3600524068738
      WHEN 5 THEN 3571090000148
      WHEN 6 THEN 3700000000011
      ELSE 3560070976843
    END
    WHEN 2023 THEN CASE MOD(t.id_transaction, 8)
      WHEN 0 THEN 7622210449283
      WHEN 1 THEN 3175680011800
      WHEN 2 THEN 5000159417891
      WHEN 3 THEN 5449000131836
      WHEN 4 THEN 3760020509015
      WHEN 5 THEN 5099576088745
      WHEN 6 THEN 3700000000012
      ELSE 3600522118015
    END
    WHEN 2024 THEN CASE MOD(t.id_transaction, 8)
      WHEN 0 THEN 3560070976843
      WHEN 1 THEN 3400930006910
      WHEN 2 THEN 3700000000101
      WHEN 3 THEN 3700000000102
      WHEN 4 THEN 3228882010053
      WHEN 5 THEN 3700000000103
      WHEN 6 THEN 3700000000104
      ELSE 3057640257578
    END
    ELSE CASE MOD(t.id_transaction, 8)
      WHEN 0 THEN 5449000214911
      WHEN 1 THEN 5000112657920
      WHEN 2 THEN 3760020509100
      WHEN 3 THEN 3700000000010
      WHEN 4 THEN 3700000000105
      WHEN 5 THEN 3400930006903
      WHEN 6 THEN 3057640257579
      ELSE 3700000000106
    END
  END AS code_barres,
  1 + MOD(t.id_transaction, 4) AS quantite_produit_totale
FROM `Transaction` t
WHERE t.id_transaction BETWEEN 1001 AND 1550
  AND MOD(t.id_transaction, 10) >= 4;

INSERT INTO `TransactionProduit`
(`id_transaction`, `code_barres`, `quantite_produit_totale`)
SELECT
  t.id_transaction,
  CASE YEAR(t.date_heure)
    WHEN 2021 THEN CASE MOD(t.id_transaction + 3, 8)
      WHEN 0 THEN 5000112657920
      WHEN 1 THEN 9772102347008
      WHEN 2 THEN 3600522118015
      WHEN 3 THEN 3400930006910
      WHEN 4 THEN 3760020509015
      WHEN 5 THEN 3700000000011
      WHEN 6 THEN 3057640257579
      ELSE 3175680091680
    END
    WHEN 2022 THEN CASE MOD(t.id_transaction + 5, 8)
      WHEN 0 THEN 5449000131836
      WHEN 1 THEN 3014760032112
      WHEN 2 THEN 3760020509100
      WHEN 3 THEN 3245390214024
      WHEN 4 THEN 3700000000001
      WHEN 5 THEN 9771950123005
      WHEN 6 THEN 3228882010053
      ELSE 5099576088745
    END
    WHEN 2023 THEN CASE MOD(t.id_transaction + 7, 8)
      WHEN 0 THEN 3560070976843
      WHEN 1 THEN 5449000214911
      WHEN 2 THEN 3400930006903
      WHEN 3 THEN 3057640257578
      WHEN 4 THEN 3700000000003
      WHEN 5 THEN 9772102347008
      WHEN 6 THEN 3245390214017
      ELSE 5000159461121
    END
    WHEN 2024 THEN CASE MOD(t.id_transaction + 9, 8)
      WHEN 0 THEN 3600524068738
      WHEN 1 THEN 5000159417891
      WHEN 2 THEN 3700000000101
      WHEN 3 THEN 3700000000102
      WHEN 4 THEN 3017620425035
      WHEN 5 THEN 3700000000103
      WHEN 6 THEN 3700000000104
      ELSE 3057640257579
    END
    ELSE CASE MOD(t.id_transaction + 11, 8)
      WHEN 0 THEN 3175680011800
      WHEN 1 THEN 5000112657920
      WHEN 2 THEN 5449000131836
      WHEN 3 THEN 3400930006910
      WHEN 4 THEN 3700000000105
      WHEN 5 THEN 3700000000106
      WHEN 6 THEN 3560070976843
      ELSE 3057640257578
    END
  END AS code_barres,
  1 + MOD(t.id_transaction, 2) AS quantite_produit_totale
FROM `Transaction` t
WHERE t.id_transaction BETWEEN 1001 AND 1550
  AND MOD(t.id_transaction, 12) IN (0, 5);

-- Filet de sécurité: aucune transaction historique ne reste sans détail produit/énergie.
INSERT INTO `TransactionProduit` (`id_transaction`, `code_barres`, `quantite_produit_totale`)
SELECT
  t.id_transaction,
  5449000214911 AS code_barres,
  1 AS quantite_produit_totale
FROM `Transaction` t
LEFT JOIN (
  SELECT DISTINCT id_transaction
  FROM `TransactionEnergie`
  WHERE id_transaction IS NOT NULL
) te ON te.id_transaction = t.id_transaction
LEFT JOIN (
  SELECT DISTINCT id_transaction
  FROM `TransactionProduit`
) tp ON tp.id_transaction = t.id_transaction
WHERE t.id_transaction BETWEEN 1001 AND 1550
  AND te.id_transaction IS NULL
  AND tp.id_transaction IS NULL;

ALTER TABLE `TransactionProduit` AUTO_INCREMENT = 5000;

-- Paiements CCE sur une partie des transactions.
INSERT INTO `TransactionCCE` (`id_transaction`, `id_carte_CE`)
SELECT
  t.id_transaction,
  1 + MOD(t.id_transaction + YEAR(t.date_heure), 15) AS id_carte_CE
FROM `Transaction` t
WHERE t.id_transaction BETWEEN 1001 AND 1550
  AND (MOD(t.id_transaction, 4) = 0 OR MOD(t.id_transaction, 13) = 0);

-- Reçus: un ticket pour chaque transaction historique.
INSERT INTO `Recu` (`id_transaction`, `num_carte`, `horodatage`)
SELECT
  t.id_transaction,
  CASE
    WHEN txc.id_carte_CE IS NOT NULL
      THEN 900000 + (txc.id_carte_CE * 100) + MOD(t.id_transaction, 100)
    WHEN MOD(t.id_transaction, 3) = 0
      THEN 0
    ELSE 400000 + MOD(t.id_transaction * 91, 500000)
  END AS num_carte,
  DATE_ADD(t.date_heure, INTERVAL (1 + MOD(t.id_transaction, 17)) MINUTE) AS horodatage
FROM `Transaction` t
LEFT JOIN `TransactionCCE` txc
  ON txc.id_transaction = t.id_transaction
WHERE t.id_transaction BETWEEN 1001 AND 1550;

ALTER TABLE `Recu` AUTO_INCREMENT = 5000;

-- Recalcule du total ticket depuis les lignes pour des montants cohérents.
UPDATE `Transaction` t
LEFT JOIN (
  SELECT
    x.id_transaction,
    ROUND(SUM(x.montant), 3) AS total_calc
  FROM (
    SELECT
      tp.id_transaction,
      (tp.quantite_produit_totale * p.prix) AS montant
    FROM `TransactionProduit` tp
    JOIN `Produit` p
      ON p.code_barres = tp.code_barres
    WHERE tp.id_transaction BETWEEN 1001 AND 1550

    UNION ALL

    SELECT
      te.id_transaction,
      te.quantite_delivree * COALESCE(c.prix_litre, el.prix_kwh, 0) AS montant
    FROM `TransactionEnergie` te
    LEFT JOIN `Carburant` c
      ON c.id_energie = te.id_energie
    LEFT JOIN `Electricite` el
      ON el.id_energie = te.id_energie
    WHERE te.id_transaction BETWEEN 1001 AND 1550
      AND te.id_transaction IS NOT NULL
  ) x
  GROUP BY x.id_transaction
) calc
  ON calc.id_transaction = t.id_transaction
SET t.prix_total = COALESCE(calc.total_calc, t.prix_total)
WHERE t.id_transaction BETWEEN 1001 AND 1550;

-- Incidents historiques supplémentaires.
INSERT INTO `FicheIncident` (`id_ref_unique`, `date_creation`, `heure_creation`, `type_incident`, `detail_tech`, `solution`)
SELECT
  1000 + n AS id_ref_unique,
  DATE_ADD(
    MAKEDATE(2021 + FLOOR((n - 1) / 8), 1),
    INTERVAL MOD(n * 29, 340) DAY
  ) AS date_creation,
  SEC_TO_TIME(MOD(n * 2411, 86400)) AS heure_creation,
  CASE MOD(n, 5)
    WHEN 0 THEN 'Panne borne'
    WHEN 1 THEN 'Problème caisse'
    WHEN 2 THEN 'Alerte stock'
    WHEN 3 THEN 'Incident client'
    ELSE 'Maintenance préventive'
  END AS type_incident,
  CONCAT('Incident archive #', n, ' - detail technique historise.') AS detail_tech,
  CONCAT('Action correctrice appliquee (archive) #', n) AS solution
FROM (
  SELECT (u.n + d.n * 10 + 1) AS n
  FROM
    (SELECT 0 AS n UNION ALL SELECT 1 UNION ALL SELECT 2 UNION ALL SELECT 3 UNION ALL SELECT 4 UNION ALL SELECT 5 UNION ALL SELECT 6 UNION ALL SELECT 7 UNION ALL SELECT 8 UNION ALL SELECT 9) u
  CROSS JOIN
    (SELECT 0 AS n UNION ALL SELECT 1 UNION ALL SELECT 2 UNION ALL SELECT 3) d
  WHERE (u.n + d.n * 10 + 1) <= 40
) seq_inc;

-- Marquage des journées validées pour les transactions/incidents archivés.
INSERT IGNORE INTO `ValidationTransactions` (`date_jour`, `est_valide`, `date_validation`)
SELECT DISTINCT
  DATE(t.date_heure) AS date_jour,
  1 AS est_valide,
  TIMESTAMP(DATE(t.date_heure), '21:30:00') AS date_validation
FROM `Transaction` t
WHERE t.id_transaction BETWEEN 1001 AND 1550;

INSERT IGNORE INTO `ValidationIncidents` (`date_jour`, `est_valide`, `date_validation`)
SELECT DISTINCT
  fi.date_creation AS date_jour,
  1 AS est_valide,
  TIMESTAMP(fi.date_creation, '21:30:00') AS date_validation
FROM `FicheIncident` fi
WHERE fi.date_creation BETWEEN '2021-01-01' AND '2025-12-31';

-- ============================================================
--  REAPPROVISIONNEMENT
-- ============================================================
INSERT INTO `Reapprovisionnement` (`id_reappro`, `statut_reappro`, `date_reappro`, `date_souhaitee`, `est_auto`) VALUES
(1, 'Arrivé',   '2021-02-16', '2021-02-15', 1),
(2, 'Arrivé',   '2021-11-08', '2021-11-06', 0),
(3, 'Arrivé',   '2022-04-18', '2022-04-16', 1),
(4, 'En retard','2023-09-02', '2023-08-28', 0),
(5, 'Arrivé',   '2024-01-20', '2024-01-18', 1),
(6, 'Arrivé',   '2024-10-03', '2024-10-01', 0),
(7, 'En cours', '2025-12-12', '2025-12-15', 1),
(8, 'En cours', '2026-03-15', '2026-03-20', 1),
(9, 'Arrivé',   '2022-12-05', '2022-12-03', 0),
(10, 'Arrivé',  '2023-06-14', '2023-06-12', 1),
(11, 'Arrivé',  '2025-05-22', '2025-05-20', 0),
(12, 'En cours','2025-11-30', '2025-12-04', 1),
(13, 'Arrivé',  '2024-07-09', '2024-07-08', 0),
(14, 'Annulé',  '2021-07-18', '2021-07-15', 0);

ALTER TABLE `Reapprovisionnement` AUTO_INCREMENT = 15;

-- ============================================================
--  LIGNE REAPPRO
-- ============================================================
INSERT INTO `LigneReappro` (`id_reappro`, `id_article`, `quantite`, `date_arrivee`) VALUES
(1, 1, 1000.000, '2021-02-16'),
(1, 8, 120.000, '2021-02-16'),
(2, 2, 900.000, '2021-11-08'),
(2, 14, 180.000, '2021-11-08'),
(3, 3, 950.000, '2022-04-18'),
(3, 24, 80.000, '2022-04-18'),
(4, 6, 55.000, NULL),
(4, 7, 40.000, NULL),
(5, 4, 1100.000, '2024-01-20'),
(5, 31, 140.000, '2024-01-20'),
(6, 5, 1200.000, '2024-10-03'),
(6, 27, 35.000, '2024-10-03'),
(7, 34, 65.000, NULL),
(7, 35, 45.000, NULL),
(8, 6, 40.000, NULL),
(8, 7, 30.000, NULL),
(9, 11, 160.000, '2022-12-05'),
(9, 41, 90.000, '2022-12-05'),
(10, 30, 120.000, '2023-06-14'),
(10, 42, 40.000, '2023-06-14'),
(11, 40, 180.000, '2025-05-22'),
(11, 45, 30.000, '2025-05-22'),
(12, 44, 70.000, NULL),
(12, 5, 1300.000, NULL),
(13, 41, 110.000, '2024-07-09'),
(13, 43, 55.000, '2024-07-09'),
(14, 37, 40.000, NULL),
(14, 38, 25.000, NULL);

-- ============================================================
--  VALEURS DEFAUT REAPPRO
-- ============================================================
INSERT INTO `ValeursDefautReappro` (`id_valeur_reappro_defaut`, `id_article`, `seuil_alerte`, `volume`, `frequence_valeur`, `frequence_unite`) VALUES
(1, 1, 450.000, 900.000, 2, 'semaine'),
(2, 2, 450.000, 850.000, 2, 'semaine'),
(3, 3, 480.000, 900.000, 2, 'semaine'),
(4, 4, 500.000, 950.000, 2, 'semaine'),
(5, 5, 520.000, 980.000, 2, 'semaine'),
(8, 8, 25.000, 90.000, 2, 'semaine'),
(9, 14, 40.000, 140.000, 2, 'semaine'),
(10, 24, 15.000, 60.000, 1, 'mois'),
(11, 27, 10.000, 30.000, 1, 'mois'),
(12, 31, 20.000, 80.000, 1, 'semaine'),
(13, 34, 20.000, 70.000, 2, 'mois'),
(14, 35, 12.000, 40.000, 2, 'mois'),
(15, 40, 30.000, 120.000, 2, 'semaine'),
(16, 41, 35.000, 130.000, 2, 'semaine'),
(17, 42, 12.000, 50.000, 1, 'mois'),
(18, 43, 10.000, 45.000, 1, 'mois'),
(19, 44, 18.000, 75.000, 1, 'semaine'),
(20, 45, 10.000, 30.000, 2, 'mois');

ALTER TABLE `ValeursDefautReappro` AUTO_INCREMENT = 21;

-- ============================================================
--  FICHE INCIDENT
-- ============================================================
INSERT INTO `FicheIncident` (`id_ref_unique`, `date_creation`, `heure_creation`, `type_incident`, `detail_tech`, `solution`) VALUES
(1, '2026-03-12', '09:15:00', 'Panne pompe', 'Pompe 2 inactive après un paiement.', 'Redémarrage manuel effectué.'),
(2, '2026-03-22', '14:40:00', 'Borne lente', 'Temps de charge anormalement long sur borne lente.', 'Contrôle technique planifié.');

ALTER TABLE `FicheIncident` AUTO_INCREMENT = 3;

-- ============================================================
--  JOURS DE LA SEMAINE
-- ============================================================
INSERT INTO `JourSemaine` (`id_jour`, `libelle`) VALUES
(1, 'Lundi'),
(2, 'Mardi'),
(3, 'Mercredi'),
(4, 'Jeudi'),
(5, 'Vendredi'),
(6, 'Samedi'),
(7, 'Dimanche');

ALTER TABLE `JourSemaine` AUTO_INCREMENT = 8;

-- ============================================================
--  HORAIRES
-- ============================================================
INSERT INTO `Horaire` (`id_horaire`, `id_jour`, `heure_ouverture`, `heure_fermeture`, `est_ferme`) VALUES
(1, 1, '06:00:00', '22:00:00', 0),
(2, 2, '06:00:00', '22:00:00', 0),
(3, 3, '06:00:00', '22:00:00', 0),
(4, 4, '06:00:00', '22:00:00', 0),
(5, 5, '06:00:00', '22:00:00', 0),
(6, 6, '07:00:00', '22:00:00', 0),
(7, 7, '08:00:00', '21:00:00', 0);

ALTER TABLE `Horaire` AUTO_INCREMENT = 8;

-- ============================================================
--  JOURS DE FERMETURE
-- ============================================================
INSERT INTO `JourFermeture` (`id_fermeture`, `date_fermeture`, `motif`, `recurrent`) VALUES
(1, '2021-01-01', 'Nouvel An', 1),
(2, '2021-12-25', 'Noël', 1),
(3, '2022-05-08', 'Victoire 1945', 1),
(4, '2022-12-26', 'Fermeture exceptionnelle inventaire', 0),
(5, '2023-05-01', 'Fête du Travail', 1),
(6, '2023-12-25', 'Noël', 1),
(7, '2024-08-15', 'Assomption', 1),
(8, '2024-12-24', 'Fermeture anticipée maintenance', 0),
(9, '2025-11-11', 'Armistice', 1),
(10, '2026-05-01', 'Fête du Travail', 1);

ALTER TABLE `JourFermeture` AUTO_INCREMENT = 11;

-- ============================================================
--  VALIDATION TRANSACTIONS
-- ============================================================
INSERT INTO `ValidationTransactions` (`date_jour`, `est_valide`, `date_validation`) VALUES
('2026-01-01', 1, '2026-01-01 21:30:00'),
('2026-01-02', 1, '2026-01-02 21:30:00'),
('2026-01-03', 1, '2026-01-03 21:30:00'),
('2026-01-10', 1, '2026-01-10 21:30:00'),
('2026-02-06', 1, '2026-02-06 21:30:00'),
('2026-03-05', 1, '2026-03-05 21:30:00'),
('2026-03-06', 1, '2026-03-06 21:30:00'),
('2026-03-19', 1, '2026-03-19 21:30:00');

-- ============================================================
--  VALIDATION INCIDENTS
-- ============================================================
INSERT INTO `ValidationIncidents` (`date_jour`, `est_valide`, `date_validation`) VALUES
('2026-03-12', 1, '2026-03-12 21:30:00'),
('2026-03-22', 1, '2026-03-22 21:30:00');

SET FOREIGN_KEY_CHECKS = 1;
COMMIT;
